0,1,2,3,4,5,6,7,8,9,10,11,12,13,14,15,16,17,18,19,20,21,22,23,24,25,26,27,28,29,30,31,32,33,34,35,36,37,38,39,40,41,42,43,44,45,46,47,48,49,50,51,52,53,EventId
3.0,0.0,20.0,36.0,0.0,0.0,0.0,0.0,0.3694506407597979,0.0,0.0,0.0,0.0,0.0,0.0,0.0,0.0,0.0,0.516449045413519,0.0,0.0,0.0,0.0,0.0,0.0,0.0,0.19842914946528173,0.0,0.5279263585842844,0.0,0.0,0.0,0.0,0.0,0.0,0.0,0.0,0.0,0.0,0.0,0.0,0.0,0.0,0.0,0.0,0.0,0.0,0.0,0.5279263585842844,0.0,0.0,0.0,0.0,0.0,E10
3.0,0.0,20.0,38.0,0.0,0.0,0.0,0.0,0.34939103204185995,0.0,0.0,0.0,0.0,0.0,0.0,0.0,0.0,0.0,0.48840804444937863,0.0,0.0,0.0,0.0,0.0,0.0,0.0,0.37531057018216657,0.0,0.4992621880111665,0.0,0.0,0.0,0.0,0.0,0.0,0.0,0.0,0.0,0.0,0.0,0.0,0.0,0.0,0.0,0.0,0.0,0.0,0.0,0.4992621880111665,0.0,0.0,0.0,0.0,0.0,E10
5.0,0.0,20.0,40.0,0.0,0.23836634715786661,0.29376506859060325,0.0,0.2062718063434884,0.29376506859060325,0.0,0.0,0.0,0.0,0.0,0.0,0.0,0.0,0.0,0.0,0.0,0.0,0.0,0.23836634715786661,0.0,0.2184207112050361,0.6647221778892567,0.0,0.0,0.0,0.0,0.0,0.0,0.0,0.0,0.0,0.0,0.0,0.0,0.0,0.0,0.0,0.22577317524360016,0.0,0.0,0.0,0.0,0.0,0.0,0.21067618968495705,0.29376506859060325,0.0,0.0,0.0,E6
3.0,0.0,20.0,40.0,0.0,0.0,0.0,0.0,0.3694506407597979,0.0,0.0,0.0,0.0,0.0,0.0,0.0,0.0,0.0,0.516449045413519,0.0,0.0,0.0,0.0,0.0,0.0,0.0,0.19842914946528173,0.0,0.5279263585842844,0.0,0.0,0.0,0.0,0.0,0.0,0.0,0.0,0.0,0.0,0.0,0.0,0.0,0.0,0.0,0.0,0.0,0.0,0.0,0.5279263585842844,0.0,0.0,0.0,0.0,0.0,E10
3.0,0.0,20.0,41.0,0.0,0.0,0.0,0.0,0.34939103204185995,0.0,0.0,0.0,0.0,0.0,0.0,0.0,0.0,0.0,0.48840804444937863,0.0,0.0,0.0,0.0,0.0,0.0,0.0,0.37531057018216657,0.0,0.4992621880111665,0.0,0.0,0.0,0.0,0.0,0.0,0.0,0.0,0.0,0.0,0.0,0.0,0.0,0.0,0.0,0.0,0.0,0.0,0.0,0.4992621880111665,0.0,0.0,0.0,0.0,0.0,E10
5.0,0.0,20.0,41.0,0.0,0.23836634715786661,0.29376506859060325,0.0,0.2062718063434884,0.29376506859060325,0.0,0.0,0.0,0.0,0.0,0.0,0.0,0.0,0.0,0.0,0.0,0.0,0.0,0.23836634715786661,0.0,0.2184207112050361,0.6647221778892567,0.0,0.0,0.0,0.0,0.0,0.0,0.0,0.0,0.0,0.0,0.0,0.0,0.0,0.0,0.0,0.22577317524360016,0.0,0.0,0.0,0.0,0.0,0.0,0.21067618968495705,0.29376506859060325,0.0,0.0,0.0,E6
5.0,0.0,20.0,43.0,0.0,0.23836634715786661,0.29376506859060325,0.0,0.2062718063434884,0.29376506859060325,0.0,0.0,0.0,0.0,0.0,0.0,0.0,0.0,0.0,0.0,0.0,0.0,0.0,0.23836634715786661,0.0,0.2184207112050361,0.6647221778892567,0.0,0.0,0.0,0.0,0.0,0.0,0.0,0.0,0.0,0.0,0.0,0.0,0.0,0.0,0.0,0.22577317524360016,0.0,0.0,0.0,0.0,0.0,0.0,0.21067618968495705,0.29376506859060325,0.0,0.0,0.0,E6
5.0,0.0,20.0,44.0,0.0,0.23836634715786661,0.29376506859060325,0.0,0.2062718063434884,0.29376506859060325,0.0,0.0,0.0,0.0,0.0,0.0,0.0,0.0,0.0,0.0,0.0,0.0,0.0,0.23836634715786661,0.0,0.2184207112050361,0.6647221778892567,0.0,0.0,0.0,0.0,0.0,0.0,0.0,0.0,0.0,0.0,0.0,0.0,0.0,0.0,0.0,0.22577317524360016,0.0,0.0,0.0,0.0,0.0,0.0,0.21067618968495705,0.29376506859060325,0.0,0.0,0.0,E6
3.0,0.0,20.0,45.0,0.0,0.0,0.0,0.0,0.3694506407597979,0.0,0.0,0.0,0.0,0.0,0.0,0.0,0.0,0.0,0.516449045413519,0.0,0.0,0.0,0.0,0.0,0.0,0.0,0.19842914946528173,0.0,0.5279263585842844,0.0,0.0,0.0,0.0,0.0,0.0,0.0,0.0,0.0,0.0,0.0,0.0,0.0,0.0,0.0,0.0,0.0,0.0,0.0,0.5279263585842844,0.0,0.0,0.0,0.0,0.0,E10
3.0,0.0,20.0,46.0,0.0,0.0,0.0,0.0,0.2578159997202256,0.0,0.0,0.0,0.0,0.0,0.0,0.0,0.0,0.0,0.0,0.37650544316290596,0.0,0.0,0.0,0.0,0.0,0.0,0.6923551335276573,0.30280470815490756,0.0,0.0,0.0,0.0,0.0,0.0,0.0,0.0,0.0,0.37562851461197616,0.0,0.0,0.0,0.0,0.2821904646944785,0.0,0.0,0.0,0.0,0.0,0.0,0.0,0.0,0.0,0.0,0.0,E11
3.0,0.0,20.0,47.0,0.0,0.0,0.0,0.0,0.2578159997202256,0.0,0.0,0.0,0.0,0.0,0.0,0.0,0.0,0.0,0.0,0.37650544316290596,0.0,0.0,0.0,0.0,0.0,0.0,0.6923551335276573,0.30280470815490756,0.0,0.0,0.0,0.0,0.0,0.0,0.0,0.0,0.0,0.37562851461197616,0.0,0.0,0.0,0.0,0.2821904646944785,0.0,0.0,0.0,0.0,0.0,0.0,0.0,0.0,0.0,0.0,0.0,E11
2.0,0.0,20.0,48.0,0.0,0.0,0.0,0.0,0.1661483052439899,0.0,0.0,0.0,0.0,0.0,0.24207202490079238,0.0,0.0,0.0,0.0,0.0,0.0,0.0,0.0,0.0,0.0,0.0,0.892370001764264,0.0,0.0,0.0,0.0,0.0,0.0,0.0,0.0,0.0,0.0,0.0,0.2426371573701316,0.0,0.0,0.0,0.0,0.24207202490079238,0.0,0.0,0.0,0.0,0.0,0.0,0.0,0.0,0.0,0.0,E13
2.0,0.0,20.0,48.0,0.0,0.0,0.0,0.0,0.1661483052439899,0.0,0.0,0.0,0.0,0.0,0.24207202490079238,0.0,0.0,0.0,0.0,0.0,0.0,0.0,0.0,0.0,0.0,0.0,0.892370001764264,0.0,0.0,0.0,0.0,0.0,0.0,0.0,0.0,0.0,0.0,0.0,0.2426371573701316,0.0,0.0,0.0,0.0,0.24207202490079238,0.0,0.0,0.0,0.0,0.0,0.0,0.0,0.0,0.0,0.0,E13
5.0,0.0,20.0,49.0,0.0,0.23836634715786661,0.29376506859060325,0.0,0.2062718063434884,0.29376506859060325,0.0,0.0,0.0,0.0,0.0,0.0,0.0,0.0,0.0,0.0,0.0,0.0,0.0,0.23836634715786661,0.0,0.2184207112050361,0.6647221778892567,0.0,0.0,0.0,0.0,0.0,0.0,0.0,0.0,0.0,0.0,0.0,0.0,0.0,0.0,0.0,0.22577317524360016,0.0,0.0,0.0,0.0,0.0,0.0,0.21067618968495705,0.29376506859060325,0.0,0.0,0.0,E6
2.0,0.0,20.0,49.0,0.0,0.0,0.0,0.0,0.15378644268229635,0.0,0.0,0.0,0.0,0.0,0.22406124171850228,0.0,0.0,0.0,0.0,0.0,0.0,0.0,0.0,0.0,0.0,0.0,0.908572908515739,0.0,0.0,0.0,0.0,0.0,0.0,0.0,0.0,0.0,0.0,0.0,0.2245843268741186,0.0,0.0,0.0,0.0,0.22406124171850228,0.0,0.0,0.0,0.0,0.0,0.0,0.0,0.0,0.0,0.0,E13
5.0,0.0,20.0,50.0,0.34964175913330614,0.0,0.0,0.34964175913330614,0.18175897080247522,0.0,0.0,0.0,0.0,0.0,0.0,0.0,0.0,0.0,0.0,0.0,0.0,0.0,0.0,0.0,0.0,0.19246412960801257,0.19524274154646273,0.0,0.0,0.34964175913330614,0.529674153202997,0.0,0.0,0.0,0.0,0.0,0.0,0.0,0.0,0.34964175913330614,0.0,0.0,0.0,0.0,0.0,0.0,0.0,0.0,0.0,0.0,0.0,0.34964175913330614,0.0,0.0,E7
3.0,0.0,20.0,50.0,0.0,0.0,0.0,0.0,0.3694506407597979,0.0,0.0,0.0,0.0,0.0,0.0,0.0,0.0,0.0,0.516449045413519,0.0,0.0,0.0,0.0,0.0,0.0,0.0,0.19842914946528173,0.0,0.5279263585842844,0.0,0.0,0.0,0.0,0.0,0.0,0.0,0.0,0.0,0.0,0.0,0.0,0.0,0.0,0.0,0.0,0.0,0.0,0.0,0.5279263585842844,0.0,0.0,0.0,0.0,0.0,E10
3.0,0.0,20.0,51.0,0.0,0.0,0.0,0.0,0.2578159997202256,0.0,0.0,0.0,0.0,0.0,0.0,0.0,0.0,0.0,0.0,0.37650544316290596,0.0,0.0,0.0,0.0,0.0,0.0,0.6923551335276573,0.30280470815490756,0.0,0.0,0.0,0.0,0.0,0.0,0.0,0.0,0.0,0.37562851461197616,0.0,0.0,0.0,0.0,0.2821904646944785,0.0,0.0,0.0,0.0,0.0,0.0,0.0,0.0,0.0,0.0,0.0,E11
5.0,0.0,20.0,53.0,0.34964175913330614,0.0,0.0,0.34964175913330614,0.18175897080247522,0.0,0.0,0.0,0.0,0.0,0.0,0.0,0.0,0.0,0.0,0.0,0.0,0.0,0.0,0.0,0.0,0.19246412960801257,0.19524274154646273,0.0,0.0,0.34964175913330614,0.529674153202997,0.0,0.0,0.0,0.0,0.0,0.0,0.0,0.0,0.34964175913330614,0.0,0.0,0.0,0.0,0.0,0.0,0.0,0.0,0.0,0.0,0.0,0.34964175913330614,0.0,0.0,E7
5.0,0.0,20.0,54.0,0.0,0.23836634715786661,0.29376506859060325,0.0,0.2062718063434884,0.29376506859060325,0.0,0.0,0.0,0.0,0.0,0.0,0.0,0.0,0.0,0.0,0.0,0.0,0.0,0.23836634715786661,0.0,0.2184207112050361,0.6647221778892567,0.0,0.0,0.0,0.0,0.0,0.0,0.0,0.0,0.0,0.0,0.0,0.0,0.0,0.0,0.0,0.22577317524360016,0.0,0.0,0.0,0.0,0.0,0.0,0.21067618968495705,0.29376506859060325,0.0,0.0,0.0,E6
3.0,0.0,20.0,54.0,0.0,0.0,0.0,0.0,0.23428947065061007,0.0,0.0,0.0,0.0,0.0,0.0,0.0,0.0,0.0,0.0,0.3421481252964706,0.0,0.0,0.0,0.0,0.0,0.0,0.7550106335330056,0.2751728165091075,0.0,0.0,0.0,0.0,0.0,0.0,0.0,0.0,0.0,0.34135121926186185,0.0,0.0,0.0,0.0,0.2564396882569906,0.0,0.0,0.0,0.0,0.0,0.0,0.0,0.0,0.0,0.0,0.0,E11
5.0,0.0,20.0,56.0,0.0,0.22135968273463763,0.27280588538225176,0.0,0.19155498313298006,0.27280588538225176,0.0,0.0,0.0,0.0,0.0,0.0,0.0,0.0,0.0,0.0,0.0,0.0,0.0,0.22135968273463763,0.0,0.20283710310415376,0.7201791451902878,0.0,0.0,0.0,0.0,0.0,0.0,0.0,0.0,0.0,0.0,0.0,0.0,0.0,0.0,0.0,0.20966499272154374,0.0,0.0,0.0,0.0,0.0,0.0,0.19564512803276962,0.27280588538225176,0.0,0.0,0.0,E6
5.0,0.0,20.0,57.0,0.0,0.23836634715786661,0.29376506859060325,0.0,0.2062718063434884,0.29376506859060325,0.0,0.0,0.0,0.0,0.0,0.0,0.0,0.0,0.0,0.0,0.0,0.0,0.0,0.23836634715786661,0.0,0.2184207112050361,0.6647221778892567,0.0,0.0,0.0,0.0,0.0,0.0,0.0,0.0,0.0,0.0,0.0,0.0,0.0,0.0,0.0,0.22577317524360016,0.0,0.0,0.0,0.0,0.0,0.0,0.21067618968495705,0.29376506859060325,0.0,0.0,0.0,E6
3.0,0.0,20.0,57.0,0.0,0.0,0.0,0.0,0.23428947065061007,0.0,0.0,0.0,0.0,0.0,0.0,0.0,0.0,0.0,0.0,0.3421481252964706,0.0,0.0,0.0,0.0,0.0,0.0,0.7550106335330056,0.2751728165091075,0.0,0.0,0.0,0.0,0.0,0.0,0.0,0.0,0.0,0.34135121926186185,0.0,0.0,0.0,0.0,0.2564396882569906,0.0,0.0,0.0,0.0,0.0,0.0,0.0,0.0,0.0,0.0,0.0,E11
5.0,0.0,20.0,57.0,0.0,0.23836634715786661,0.29376506859060325,0.0,0.2062718063434884,0.29376506859060325,0.0,0.0,0.0,0.0,0.0,0.0,0.0,0.0,0.0,0.0,0.0,0.0,0.0,0.23836634715786661,0.0,0.2184207112050361,0.6647221778892567,0.0,0.0,0.0,0.0,0.0,0.0,0.0,0.0,0.0,0.0,0.0,0.0,0.0,0.0,0.0,0.22577317524360016,0.0,0.0,0.0,0.0,0.0,0.0,0.21067618968495705,0.29376506859060325,0.0,0.0,0.0,E6
2.0,0.0,20.0,57.0,0.0,0.0,0.0,0.0,0.15378644268229635,0.0,0.0,0.0,0.0,0.0,0.22406124171850228,0.0,0.0,0.0,0.0,0.0,0.0,0.0,0.0,0.0,0.0,0.0,0.908572908515739,0.0,0.0,0.0,0.0,0.0,0.0,0.0,0.0,0.0,0.0,0.0,0.2245843268741186,0.0,0.0,0.0,0.0,0.22406124171850228,0.0,0.0,0.0,0.0,0.0,0.0,0.0,0.0,0.0,0.0,E13
3.0,0.0,20.0,57.0,0.0,0.0,0.0,0.0,0.2578159997202256,0.0,0.0,0.0,0.0,0.0,0.0,0.0,0.0,0.0,0.0,0.37650544316290596,0.0,0.0,0.0,0.0,0.0,0.0,0.6923551335276573,0.30280470815490756,0.0,0.0,0.0,0.0,0.0,0.0,0.0,0.0,0.0,0.37562851461197616,0.0,0.0,0.0,0.0,0.2821904646944785,0.0,0.0,0.0,0.0,0.0,0.0,0.0,0.0,0.0,0.0,0.0,E11
5.0,0.0,20.0,58.0,0.34964175913330614,0.0,0.0,0.34964175913330614,0.18175897080247522,0.0,0.0,0.0,0.0,0.0,0.0,0.0,0.0,0.0,0.0,0.0,0.0,0.0,0.0,0.0,0.0,0.19246412960801257,0.19524274154646273,0.0,0.0,0.34964175913330614,0.529674153202997,0.0,0.0,0.0,0.0,0.0,0.0,0.0,0.0,0.34964175913330614,0.0,0.0,0.0,0.0,0.0,0.0,0.0,0.0,0.0,0.0,0.0,0.34964175913330614,0.0,0.0,E7
0.0,0.0,20.0,59.0,0.0,0.0,0.0,0.0,0.11808350202038123,0.0,0.0,0.0,0.0,0.0,0.0,0.0,0.0,0.0,0.3301340161278035,0.0,0.0,0.0,0.0,0.0,0.0,0.0,0.12684351459560828,0.0,0.0,0.0,0.0,0.0,0.0,0.0,0.0,0.0,0.0,0.0,0.0,0.0,0.0,0.0,0.0,0.0,0.0,0.0,0.0,0.6561168115324296,0.0,0.0,0.0,0.0,0.6561168115324296,0.0,E14
3.0,0.0,21.0,0.0,0.0,0.0,0.0,0.0,0.23428947065061007,0.0,0.0,0.0,0.0,0.0,0.0,0.0,0.0,0.0,0.0,0.3421481252964706,0.0,0.0,0.0,0.0,0.0,0.0,0.7550106335330056,0.2751728165091075,0.0,0.0,0.0,0.0,0.0,0.0,0.0,0.0,0.0,0.34135121926186185,0.0,0.0,0.0,0.0,0.2564396882569906,0.0,0.0,0.0,0.0,0.0,0.0,0.0,0.0,0.0,0.0,0.0,E11
2.0,0.0,21.0,0.0,0.0,0.0,0.0,0.0,0.15378644268229635,0.0,0.0,0.0,0.0,0.0,0.22406124171850228,0.0,0.0,0.0,0.0,0.0,0.0,0.0,0.0,0.0,0.0,0.0,0.908572908515739,0.0,0.0,0.0,0.0,0.0,0.0,0.0,0.0,0.0,0.0,0.0,0.2245843268741186,0.0,0.0,0.0,0.0,0.22406124171850228,0.0,0.0,0.0,0.0,0.0,0.0,0.0,0.0,0.0,0.0,E13
3.0,0.0,21.0,2.0,0.0,0.0,0.0,0.0,0.2578159997202256,0.0,0.0,0.0,0.0,0.0,0.0,0.0,0.0,0.0,0.0,0.37650544316290596,0.0,0.0,0.0,0.0,0.0,0.0,0.6923551335276573,0.30280470815490756,0.0,0.0,0.0,0.0,0.0,0.0,0.0,0.0,0.0,0.37562851461197616,0.0,0.0,0.0,0.0,0.2821904646944785,0.0,0.0,0.0,0.0,0.0,0.0,0.0,0.0,0.0,0.0,0.0,E11
5.0,0.0,21.0,4.0,0.0,0.23836634715786661,0.29376506859060325,0.0,0.2062718063434884,0.29376506859060325,0.0,0.0,0.0,0.0,0.0,0.0,0.0,0.0,0.0,0.0,0.0,0.0,0.0,0.23836634715786661,0.0,0.2184207112050361,0.6647221778892567,0.0,0.0,0.0,0.0,0.0,0.0,0.0,0.0,0.0,0.0,0.0,0.0,0.0,0.0,0.0,0.22577317524360016,0.0,0.0,0.0,0.0,0.0,0.0,0.21067618968495705,0.29376506859060325,0.0,0.0,0.0,E6
2.0,0.0,21.0,4.0,0.0,0.0,0.0,0.0,0.1661483052439899,0.0,0.0,0.0,0.0,0.0,0.24207202490079238,0.0,0.0,0.0,0.0,0.0,0.0,0.0,0.0,0.0,0.0,0.0,0.892370001764264,0.0,0.0,0.0,0.0,0.0,0.0,0.0,0.0,0.0,0.0,0.0,0.2426371573701316,0.0,0.0,0.0,0.0,0.24207202490079238,0.0,0.0,0.0,0.0,0.0,0.0,0.0,0.0,0.0,0.0,E13
5.0,0.0,21.0,5.0,0.0,0.23836634715786661,0.29376506859060325,0.0,0.2062718063434884,0.29376506859060325,0.0,0.0,0.0,0.0,0.0,0.0,0.0,0.0,0.0,0.0,0.0,0.0,0.0,0.23836634715786661,0.0,0.2184207112050361,0.6647221778892567,0.0,0.0,0.0,0.0,0.0,0.0,0.0,0.0,0.0,0.0,0.0,0.0,0.0,0.0,0.0,0.22577317524360016,0.0,0.0,0.0,0.0,0.0,0.0,0.21067618968495705,0.29376506859060325,0.0,0.0,0.0,E6
3.0,0.0,21.0,6.0,0.0,0.0,0.0,0.0,0.23428947065061007,0.0,0.0,0.0,0.0,0.0,0.0,0.0,0.0,0.0,0.0,0.3421481252964706,0.0,0.0,0.0,0.0,0.0,0.0,0.7550106335330056,0.2751728165091075,0.0,0.0,0.0,0.0,0.0,0.0,0.0,0.0,0.0,0.34135121926186185,0.0,0.0,0.0,0.0,0.2564396882569906,0.0,0.0,0.0,0.0,0.0,0.0,0.0,0.0,0.0,0.0,0.0,E11
3.0,0.0,21.0,6.0,0.0,0.0,0.0,0.0,0.23428947065061007,0.0,0.0,0.0,0.0,0.0,0.0,0.0,0.0,0.0,0.0,0.3421481252964706,0.0,0.0,0.0,0.0,0.0,0.0,0.7550106335330056,0.2751728165091075,0.0,0.0,0.0,0.0,0.0,0.0,0.0,0.0,0.0,0.34135121926186185,0.0,0.0,0.0,0.0,0.2564396882569906,0.0,0.0,0.0,0.0,0.0,0.0,0.0,0.0,0.0,0.0,0.0,E11
3.0,0.0,21.0,7.0,0.0,0.0,0.0,0.0,0.23428947065061007,0.0,0.0,0.0,0.0,0.0,0.0,0.0,0.0,0.0,0.0,0.3421481252964706,0.0,0.0,0.0,0.0,0.0,0.0,0.7550106335330056,0.2751728165091075,0.0,0.0,0.0,0.0,0.0,0.0,0.0,0.0,0.0,0.34135121926186185,0.0,0.0,0.0,0.0,0.2564396882569906,0.0,0.0,0.0,0.0,0.0,0.0,0.0,0.0,0.0,0.0,0.0,E11
5.0,0.0,21.0,7.0,0.0,0.23836634715786661,0.29376506859060325,0.0,0.2062718063434884,0.29376506859060325,0.0,0.0,0.0,0.0,0.0,0.0,0.0,0.0,0.0,0.0,0.0,0.0,0.0,0.23836634715786661,0.0,0.2184207112050361,0.6647221778892567,0.0,0.0,0.0,0.0,0.0,0.0,0.0,0.0,0.0,0.0,0.0,0.0,0.0,0.0,0.0,0.22577317524360016,0.0,0.0,0.0,0.0,0.0,0.0,0.21067618968495705,0.29376506859060325,0.0,0.0,0.0,E6
2.0,0.0,21.0,8.0,0.0,0.0,0.0,0.0,0.15378644268229635,0.0,0.0,0.0,0.0,0.0,0.22406124171850228,0.0,0.0,0.0,0.0,0.0,0.0,0.0,0.0,0.0,0.0,0.0,0.908572908515739,0.0,0.0,0.0,0.0,0.0,0.0,0.0,0.0,0.0,0.0,0.0,0.2245843268741186,0.0,0.0,0.0,0.0,0.22406124171850228,0.0,0.0,0.0,0.0,0.0,0.0,0.0,0.0,0.0,0.0,E13
3.0,0.0,21.0,8.0,0.0,0.0,0.0,0.0,0.2578159997202256,0.0,0.0,0.0,0.0,0.0,0.0,0.0,0.0,0.0,0.0,0.37650544316290596,0.0,0.0,0.0,0.0,0.0,0.0,0.6923551335276573,0.30280470815490756,0.0,0.0,0.0,0.0,0.0,0.0,0.0,0.0,0.0,0.37562851461197616,0.0,0.0,0.0,0.0,0.2821904646944785,0.0,0.0,0.0,0.0,0.0,0.0,0.0,0.0,0.0,0.0,0.0,E11
3.0,0.0,21.0,8.0,0.0,0.0,0.0,0.0,0.23428947065061007,0.0,0.0,0.0,0.0,0.0,0.0,0.0,0.0,0.0,0.0,0.3421481252964706,0.0,0.0,0.0,0.0,0.0,0.0,0.7550106335330056,0.2751728165091075,0.0,0.0,0.0,0.0,0.0,0.0,0.0,0.0,0.0,0.34135121926186185,0.0,0.0,0.0,0.0,0.2564396882569906,0.0,0.0,0.0,0.0,0.0,0.0,0.0,0.0,0.0,0.0,0.0,E11
2.0,0.0,21.0,9.0,0.0,0.0,0.0,0.0,0.15378644268229635,0.0,0.0,0.0,0.0,0.0,0.22406124171850228,0.0,0.0,0.0,0.0,0.0,0.0,0.0,0.0,0.0,0.0,0.0,0.908572908515739,0.0,0.0,0.0,0.0,0.0,0.0,0.0,0.0,0.0,0.0,0.0,0.2245843268741186,0.0,0.0,0.0,0.0,0.22406124171850228,0.0,0.0,0.0,0.0,0.0,0.0,0.0,0.0,0.0,0.0,E13
3.0,0.0,21.0,9.0,0.0,0.0,0.0,0.0,0.2578159997202256,0.0,0.0,0.0,0.0,0.0,0.0,0.0,0.0,0.0,0.0,0.37650544316290596,0.0,0.0,0.0,0.0,0.0,0.0,0.6923551335276573,0.30280470815490756,0.0,0.0,0.0,0.0,0.0,0.0,0.0,0.0,0.0,0.37562851461197616,0.0,0.0,0.0,0.0,0.2821904646944785,0.0,0.0,0.0,0.0,0.0,0.0,0.0,0.0,0.0,0.0,0.0,E11
5.0,0.0,21.0,10.0,0.0,0.22135968273463763,0.27280588538225176,0.0,0.19155498313298006,0.27280588538225176,0.0,0.0,0.0,0.0,0.0,0.0,0.0,0.0,0.0,0.0,0.0,0.0,0.0,0.22135968273463763,0.0,0.20283710310415376,0.7201791451902878,0.0,0.0,0.0,0.0,0.0,0.0,0.0,0.0,0.0,0.0,0.0,0.0,0.0,0.0,0.0,0.20966499272154374,0.0,0.0,0.0,0.0,0.0,0.0,0.19564512803276962,0.27280588538225176,0.0,0.0,0.0,E6
3.0,0.0,21.0,10.0,0.0,0.0,0.0,0.0,0.34939103204185995,0.0,0.0,0.0,0.0,0.0,0.0,0.0,0.0,0.0,0.48840804444937863,0.0,0.0,0.0,0.0,0.0,0.0,0.0,0.37531057018216657,0.0,0.4992621880111665,0.0,0.0,0.0,0.0,0.0,0.0,0.0,0.0,0.0,0.0,0.0,0.0,0.0,0.0,0.0,0.0,0.0,0.0,0.0,0.4992621880111665,0.0,0.0,0.0,0.0,0.0,E10
3.0,0.0,21.0,12.0,0.0,0.0,0.0,0.0,0.23428947065061007,0.0,0.0,0.0,0.0,0.0,0.0,0.0,0.0,0.0,0.0,0.3421481252964706,0.0,0.0,0.0,0.0,0.0,0.0,0.7550106335330056,0.2751728165091075,0.0,0.0,0.0,0.0,0.0,0.0,0.0,0.0,0.0,0.34135121926186185,0.0,0.0,0.0,0.0,0.2564396882569906,0.0,0.0,0.0,0.0,0.0,0.0,0.0,0.0,0.0,0.0,0.0,E11
5.0,0.0,21.0,13.0,0.0,0.22135968273463763,0.27280588538225176,0.0,0.19155498313298006,0.27280588538225176,0.0,0.0,0.0,0.0,0.0,0.0,0.0,0.0,0.0,0.0,0.0,0.0,0.0,0.22135968273463763,0.0,0.20283710310415376,0.7201791451902878,0.0,0.0,0.0,0.0,0.0,0.0,0.0,0.0,0.0,0.0,0.0,0.0,0.0,0.0,0.0,0.20966499272154374,0.0,0.0,0.0,0.0,0.0,0.0,0.19564512803276962,0.27280588538225176,0.0,0.0,0.0,E6
3.0,0.0,21.0,13.0,0.0,0.0,0.0,0.0,0.3694506407597979,0.0,0.0,0.0,0.0,0.0,0.0,0.0,0.0,0.0,0.516449045413519,0.0,0.0,0.0,0.0,0.0,0.0,0.0,0.19842914946528173,0.0,0.5279263585842844,0.0,0.0,0.0,0.0,0.0,0.0,0.0,0.0,0.0,0.0,0.0,0.0,0.0,0.0,0.0,0.0,0.0,0.0,0.0,0.5279263585842844,0.0,0.0,0.0,0.0,0.0,E10
5.0,0.0,21.0,14.0,0.0,0.23836634715786661,0.29376506859060325,0.0,0.2062718063434884,0.29376506859060325,0.0,0.0,0.0,0.0,0.0,0.0,0.0,0.0,0.0,0.0,0.0,0.0,0.0,0.23836634715786661,0.0,0.2184207112050361,0.6647221778892567,0.0,0.0,0.0,0.0,0.0,0.0,0.0,0.0,0.0,0.0,0.0,0.0,0.0,0.0,0.0,0.22577317524360016,0.0,0.0,0.0,0.0,0.0,0.0,0.21067618968495705,0.29376506859060325,0.0,0.0,0.0,E6
3.0,0.0,21.0,14.0,0.0,0.0,0.0,0.0,0.2578159997202256,0.0,0.0,0.0,0.0,0.0,0.0,0.0,0.0,0.0,0.0,0.37650544316290596,0.0,0.0,0.0,0.0,0.0,0.0,0.6923551335276573,0.30280470815490756,0.0,0.0,0.0,0.0,0.0,0.0,0.0,0.0,0.0,0.37562851461197616,0.0,0.0,0.0,0.0,0.2821904646944785,0.0,0.0,0.0,0.0,0.0,0.0,0.0,0.0,0.0,0.0,0.0,E11
5.0,0.0,21.0,15.0,0.0,0.22135968273463763,0.27280588538225176,0.0,0.19155498313298006,0.27280588538225176,0.0,0.0,0.0,0.0,0.0,0.0,0.0,0.0,0.0,0.0,0.0,0.0,0.0,0.22135968273463763,0.0,0.20283710310415376,0.7201791451902878,0.0,0.0,0.0,0.0,0.0,0.0,0.0,0.0,0.0,0.0,0.0,0.0,0.0,0.0,0.0,0.20966499272154374,0.0,0.0,0.0,0.0,0.0,0.0,0.19564512803276962,0.27280588538225176,0.0,0.0,0.0,E6
3.0,0.0,21.0,16.0,0.0,0.0,0.0,0.0,0.34939103204185995,0.0,0.0,0.0,0.0,0.0,0.0,0.0,0.0,0.0,0.48840804444937863,0.0,0.0,0.0,0.0,0.0,0.0,0.0,0.37531057018216657,0.0,0.4992621880111665,0.0,0.0,0.0,0.0,0.0,0.0,0.0,0.0,0.0,0.0,0.0,0.0,0.0,0.0,0.0,0.0,0.0,0.0,0.0,0.4992621880111665,0.0,0.0,0.0,0.0,0.0,E10
3.0,0.0,21.0,19.0,0.0,0.0,0.0,0.0,0.3694506407597979,0.0,0.0,0.0,0.0,0.0,0.0,0.0,0.0,0.0,0.516449045413519,0.0,0.0,0.0,0.0,0.0,0.0,0.0,0.19842914946528173,0.0,0.5279263585842844,0.0,0.0,0.0,0.0,0.0,0.0,0.0,0.0,0.0,0.0,0.0,0.0,0.0,0.0,0.0,0.0,0.0,0.0,0.0,0.5279263585842844,0.0,0.0,0.0,0.0,0.0,E10
3.0,0.0,21.0,20.0,0.0,0.0,0.0,0.0,0.23428947065061007,0.0,0.0,0.0,0.0,0.0,0.0,0.0,0.0,0.0,0.0,0.3421481252964706,0.0,0.0,0.0,0.0,0.0,0.0,0.7550106335330056,0.2751728165091075,0.0,0.0,0.0,0.0,0.0,0.0,0.0,0.0,0.0,0.34135121926186185,0.0,0.0,0.0,0.0,0.2564396882569906,0.0,0.0,0.0,0.0,0.0,0.0,0.0,0.0,0.0,0.0,0.0,E11
3.0,0.0,21.0,22.0,0.0,0.0,0.0,0.0,0.34939103204185995,0.0,0.0,0.0,0.0,0.0,0.0,0.0,0.0,0.0,0.48840804444937863,0.0,0.0,0.0,0.0,0.0,0.0,0.0,0.37531057018216657,0.0,0.4992621880111665,0.0,0.0,0.0,0.0,0.0,0.0,0.0,0.0,0.0,0.0,0.0,0.0,0.0,0.0,0.0,0.0,0.0,0.0,0.0,0.4992621880111665,0.0,0.0,0.0,0.0,0.0,E10
2.0,0.0,21.0,22.0,0.0,0.0,0.0,0.0,0.15378644268229635,0.0,0.0,0.0,0.0,0.0,0.22406124171850228,0.0,0.0,0.0,0.0,0.0,0.0,0.0,0.0,0.0,0.0,0.0,0.908572908515739,0.0,0.0,0.0,0.0,0.0,0.0,0.0,0.0,0.0,0.0,0.0,0.2245843268741186,0.0,0.0,0.0,0.0,0.22406124171850228,0.0,0.0,0.0,0.0,0.0,0.0,0.0,0.0,0.0,0.0,E13
5.0,0.0,21.0,22.0,0.35474964217380794,0.0,0.0,0.35474964217380794,0.18441427023444912,0.0,0.0,0.0,0.0,0.0,0.0,0.0,0.0,0.0,0.0,0.0,0.0,0.0,0.0,0.0,0.0,0.19527581968178004,0.09904751204822997,0.0,0.0,0.35474964217380794,0.5374121122810094,0.0,0.0,0.0,0.0,0.0,0.0,0.0,0.0,0.35474964217380794,0.0,0.0,0.0,0.0,0.0,0.0,0.0,0.0,0.0,0.0,0.0,0.35474964217380794,0.0,0.0,E7
5.0,0.0,21.0,23.0,0.34964175913330614,0.0,0.0,0.34964175913330614,0.18175897080247522,0.0,0.0,0.0,0.0,0.0,0.0,0.0,0.0,0.0,0.0,0.0,0.0,0.0,0.0,0.0,0.0,0.19246412960801257,0.19524274154646273,0.0,0.0,0.34964175913330614,0.529674153202997,0.0,0.0,0.0,0.0,0.0,0.0,0.0,0.0,0.34964175913330614,0.0,0.0,0.0,0.0,0.0,0.0,0.0,0.0,0.0,0.0,0.0,0.34964175913330614,0.0,0.0,E7
3.0,0.0,21.0,23.0,0.0,0.0,0.0,0.0,0.23428947065061007,0.0,0.0,0.0,0.0,0.0,0.0,0.0,0.0,0.0,0.0,0.3421481252964706,0.0,0.0,0.0,0.0,0.0,0.0,0.7550106335330056,0.2751728165091075,0.0,0.0,0.0,0.0,0.0,0.0,0.0,0.0,0.0,0.34135121926186185,0.0,0.0,0.0,0.0,0.2564396882569906,0.0,0.0,0.0,0.0,0.0,0.0,0.0,0.0,0.0,0.0,0.0,E11
5.0,0.0,21.0,24.0,0.0,0.22135968273463763,0.27280588538225176,0.0,0.19155498313298006,0.27280588538225176,0.0,0.0,0.0,0.0,0.0,0.0,0.0,0.0,0.0,0.0,0.0,0.0,0.0,0.22135968273463763,0.0,0.20283710310415376,0.7201791451902878,0.0,0.0,0.0,0.0,0.0,0.0,0.0,0.0,0.0,0.0,0.0,0.0,0.0,0.0,0.0,0.20966499272154374,0.0,0.0,0.0,0.0,0.0,0.0,0.19564512803276962,0.27280588538225176,0.0,0.0,0.0,E6
5.0,0.0,21.0,24.0,0.0,0.23836634715786661,0.29376506859060325,0.0,0.2062718063434884,0.29376506859060325,0.0,0.0,0.0,0.0,0.0,0.0,0.0,0.0,0.0,0.0,0.0,0.0,0.0,0.23836634715786661,0.0,0.2184207112050361,0.6647221778892567,0.0,0.0,0.0,0.0,0.0,0.0,0.0,0.0,0.0,0.0,0.0,0.0,0.0,0.0,0.0,0.22577317524360016,0.0,0.0,0.0,0.0,0.0,0.0,0.21067618968495705,0.29376506859060325,0.0,0.0,0.0,E6
3.0,0.0,21.0,27.0,0.0,0.0,0.0,0.0,0.23428947065061007,0.0,0.0,0.0,0.0,0.0,0.0,0.0,0.0,0.0,0.0,0.3421481252964706,0.0,0.0,0.0,0.0,0.0,0.0,0.7550106335330056,0.2751728165091075,0.0,0.0,0.0,0.0,0.0,0.0,0.0,0.0,0.0,0.34135121926186185,0.0,0.0,0.0,0.0,0.2564396882569906,0.0,0.0,0.0,0.0,0.0,0.0,0.0,0.0,0.0,0.0,0.0,E11
3.0,0.0,21.0,29.0,0.0,0.0,0.0,0.0,0.2578159997202256,0.0,0.0,0.0,0.0,0.0,0.0,0.0,0.0,0.0,0.0,0.37650544316290596,0.0,0.0,0.0,0.0,0.0,0.0,0.6923551335276573,0.30280470815490756,0.0,0.0,0.0,0.0,0.0,0.0,0.0,0.0,0.0,0.37562851461197616,0.0,0.0,0.0,0.0,0.2821904646944785,0.0,0.0,0.0,0.0,0.0,0.0,0.0,0.0,0.0,0.0,0.0,E11
3.0,0.0,21.0,29.0,0.0,0.0,0.0,0.0,0.23428947065061007,0.0,0.0,0.0,0.0,0.0,0.0,0.0,0.0,0.0,0.0,0.3421481252964706,0.0,0.0,0.0,0.0,0.0,0.0,0.7550106335330056,0.2751728165091075,0.0,0.0,0.0,0.0,0.0,0.0,0.0,0.0,0.0,0.34135121926186185,0.0,0.0,0.0,0.0,0.2564396882569906,0.0,0.0,0.0,0.0,0.0,0.0,0.0,0.0,0.0,0.0,0.0,E11
3.0,0.0,21.0,30.0,0.0,0.0,0.0,0.0,0.2578159997202256,0.0,0.0,0.0,0.0,0.0,0.0,0.0,0.0,0.0,0.0,0.37650544316290596,0.0,0.0,0.0,0.0,0.0,0.0,0.6923551335276573,0.30280470815490756,0.0,0.0,0.0,0.0,0.0,0.0,0.0,0.0,0.0,0.37562851461197616,0.0,0.0,0.0,0.0,0.2821904646944785,0.0,0.0,0.0,0.0,0.0,0.0,0.0,0.0,0.0,0.0,0.0,E11
3.0,0.0,21.0,30.0,0.0,0.0,0.0,0.0,0.2578159997202256,0.0,0.0,0.0,0.0,0.0,0.0,0.0,0.0,0.0,0.0,0.37650544316290596,0.0,0.0,0.0,0.0,0.0,0.0,0.6923551335276573,0.30280470815490756,0.0,0.0,0.0,0.0,0.0,0.0,0.0,0.0,0.0,0.37562851461197616,0.0,0.0,0.0,0.0,0.2821904646944785,0.0,0.0,0.0,0.0,0.0,0.0,0.0,0.0,0.0,0.0,0.0,E11
3.0,0.0,21.0,32.0,0.0,0.0,0.0,0.0,0.34939103204185995,0.0,0.0,0.0,0.0,0.0,0.0,0.0,0.0,0.0,0.48840804444937863,0.0,0.0,0.0,0.0,0.0,0.0,0.0,0.37531057018216657,0.0,0.4992621880111665,0.0,0.0,0.0,0.0,0.0,0.0,0.0,0.0,0.0,0.0,0.0,0.0,0.0,0.0,0.0,0.0,0.0,0.0,0.0,0.4992621880111665,0.0,0.0,0.0,0.0,0.0,E10
3.0,0.0,21.0,33.0,0.0,0.0,0.0,0.0,0.23428947065061007,0.0,0.0,0.0,0.0,0.0,0.0,0.0,0.0,0.0,0.0,0.3421481252964706,0.0,0.0,0.0,0.0,0.0,0.0,0.7550106335330056,0.2751728165091075,0.0,0.0,0.0,0.0,0.0,0.0,0.0,0.0,0.0,0.34135121926186185,0.0,0.0,0.0,0.0,0.2564396882569906,0.0,0.0,0.0,0.0,0.0,0.0,0.0,0.0,0.0,0.0,0.0,E11
0.0,0.0,21.0,34.0,0.0,0.0,0.0,0.0,0.11808350202038123,0.0,0.0,0.0,0.0,0.0,0.0,0.0,0.0,0.0,0.3301340161278035,0.0,0.0,0.0,0.0,0.0,0.0,0.0,0.12684351459560828,0.0,0.0,0.0,0.0,0.0,0.0,0.0,0.0,0.0,0.0,0.0,0.0,0.0,0.0,0.0,0.0,0.0,0.0,0.0,0.0,0.6561168115324296,0.0,0.0,0.0,0.0,0.6561168115324296,0.0,E14
2.0,0.0,21.0,35.0,0.0,0.0,0.0,0.0,0.15378644268229635,0.0,0.0,0.0,0.0,0.0,0.22406124171850228,0.0,0.0,0.0,0.0,0.0,0.0,0.0,0.0,0.0,0.0,0.0,0.908572908515739,0.0,0.0,0.0,0.0,0.0,0.0,0.0,0.0,0.0,0.0,0.0,0.2245843268741186,0.0,0.0,0.0,0.0,0.22406124171850228,0.0,0.0,0.0,0.0,0.0,0.0,0.0,0.0,0.0,0.0,E13
3.0,0.0,21.0,35.0,0.0,0.0,0.0,0.0,0.3694506407597979,0.0,0.0,0.0,0.0,0.0,0.0,0.0,0.0,0.0,0.516449045413519,0.0,0.0,0.0,0.0,0.0,0.0,0.0,0.19842914946528173,0.0,0.5279263585842844,0.0,0.0,0.0,0.0,0.0,0.0,0.0,0.0,0.0,0.0,0.0,0.0,0.0,0.0,0.0,0.0,0.0,0.0,0.0,0.5279263585842844,0.0,0.0,0.0,0.0,0.0,E10
4.0,0.0,21.0,38.0,0.0,0.0,0.0,0.0,0.3509974905653215,0.0,0.3539170123906868,0.3539170123906868,0.0,0.3539170123906868,0.0,0.3539170123906868,0.0,0.3539170123906868,0.0,0.0,0.0,0.3539170123906868,0.0,0.0,0.3539170123906868,0.0,0.0,0.0,0.0,0.0,0.0,0.0,0.0,0.0,0.0,0.0,0.0,0.0,0.0,0.0,0.0,0.0,0.0,0.0,0.0,0.0,0.0,0.0,0.0,0.0,0.0,0.0,0.0,0.0,E9
2.0,0.0,21.0,38.0,0.0,0.0,0.0,0.0,0.1682164468780759,0.0,0.0,0.0,0.0,0.0,0.0,0.0,0.0,0.0,0.0,0.0,0.0,0.0,0.0,0.0,0.0,0.0,0.9034778343175234,0.0,0.0,0.0,0.0,0.0,0.0,0.0,0.0,0.0,0.0,0.0,0.0,0.0,0.35484215053957024,0.0,0.0,0.0,0.0,0.0,0.0,0.0,0.0,0.1718082596881945,0.0,0.0,0.0,0.0,E1
2.0,0.0,21.0,39.0,0.0,0.0,0.0,0.0,0.1682164468780759,0.0,0.0,0.0,0.0,0.0,0.0,0.0,0.0,0.0,0.0,0.0,0.0,0.0,0.0,0.0,0.0,0.0,0.9034778343175234,0.0,0.0,0.0,0.0,0.0,0.0,0.0,0.0,0.0,0.0,0.0,0.0,0.0,0.35484215053957024,0.0,0.0,0.0,0.0,0.0,0.0,0.0,0.0,0.1718082596881945,0.0,0.0,0.0,0.0,E1
2.0,0.0,21.0,39.0,0.0,0.0,0.0,0.0,0.1682164468780759,0.0,0.0,0.0,0.0,0.0,0.0,0.0,0.0,0.0,0.0,0.0,0.0,0.0,0.0,0.0,0.0,0.0,0.9034778343175234,0.0,0.0,0.0,0.0,0.0,0.0,0.0,0.0,0.0,0.0,0.0,0.0,0.0,0.35484215053957024,0.0,0.0,0.0,0.0,0.0,0.0,0.0,0.0,0.1718082596881945,0.0,0.0,0.0,0.0,E1
2.0,0.0,21.0,40.0,0.0,0.0,0.0,0.0,0.18300530177572175,0.0,0.0,0.0,0.0,0.0,0.0,0.0,0.0,0.0,0.0,0.0,0.0,0.0,0.0,0.0,0.0,0.0,0.884616891552314,0.0,0.0,0.0,0.0,0.0,0.0,0.0,0.0,0.0,0.0,0.0,0.0,0.0,0.386038321742151,0.0,0.0,0.0,0.0,0.0,0.0,0.0,0.0,0.18691289107175582,0.0,0.0,0.0,0.0,E1
2.0,1.0,21.0,40.0,0.0,0.0,0.0,0.0,0.07229371885362076,0.0,0.0,0.0,0.0,0.0,0.0,0.0,0.30410015259312995,0.0,0.0,0.0,0.30410015259312995,0.0,0.0,0.0,0.0,0.0,0.7765682102650805,0.0,0.0,0.0,0.0,0.0,0.0,0.0,0.0,0.0,0.0,0.0,0.0,0.0,0.0,0.30410015259312995,0.0,0.0,0.0,0.0,0.0,0.0,0.0,0.14767471615460706,0.0,0.0,0.0,0.30410015259312995,E3
2.0,1.0,21.0,44.0,0.0,0.0,0.0,0.0,0.0768291734180432,0.0,0.0,0.0,0.0,0.0,0.0,0.0,0.3231783304347308,0.0,0.0,0.0,0.3231783304347308,0.0,0.0,0.0,0.0,0.0,0.7427586404343122,0.0,0.0,0.0,0.0,0.0,0.0,0.0,0.0,0.0,0.0,0.0,0.0,0.0,0.0,0.3231783304347308,0.0,0.0,0.0,0.0,0.0,0.0,0.0,0.15693931031373926,0.0,0.0,0.0,0.3231783304347308,E3
2.0,0.0,21.0,45.0,0.0,0.0,0.0,0.0,0.1682164468780759,0.0,0.0,0.0,0.0,0.0,0.0,0.0,0.0,0.0,0.0,0.0,0.0,0.0,0.0,0.0,0.0,0.0,0.9034778343175234,0.0,0.0,0.0,0.0,0.0,0.0,0.0,0.0,0.0,0.0,0.0,0.0,0.0,0.35484215053957024,0.0,0.0,0.0,0.0,0.0,0.0,0.0,0.0,0.1718082596881945,0.0,0.0,0.0,0.0,E1
2.0,1.0,21.0,45.0,0.0,0.0,0.0,0.0,0.0768291734180432,0.0,0.0,0.0,0.0,0.0,0.0,0.0,0.3231783304347308,0.0,0.0,0.0,0.3231783304347308,0.0,0.0,0.0,0.0,0.0,0.7427586404343122,0.0,0.0,0.0,0.0,0.0,0.0,0.0,0.0,0.0,0.0,0.0,0.0,0.0,0.0,0.3231783304347308,0.0,0.0,0.0,0.0,0.0,0.0,0.0,0.15693931031373926,0.0,0.0,0.0,0.3231783304347308,E3
2.0,1.0,21.0,49.0,0.0,0.0,0.0,0.0,0.0768291734180432,0.0,0.0,0.0,0.0,0.0,0.0,0.0,0.3231783304347308,0.0,0.0,0.0,0.3231783304347308,0.0,0.0,0.0,0.0,0.0,0.7427586404343122,0.0,0.0,0.0,0.0,0.0,0.0,0.0,0.0,0.0,0.0,0.0,0.0,0.0,0.0,0.3231783304347308,0.0,0.0,0.0,0.0,0.0,0.0,0.0,0.15693931031373926,0.0,0.0,0.0,0.3231783304347308,E3
2.0,0.0,21.0,49.0,0.0,0.0,0.0,0.0,0.1682164468780759,0.0,0.0,0.0,0.0,0.0,0.0,0.0,0.0,0.0,0.0,0.0,0.0,0.0,0.0,0.0,0.0,0.0,0.9034778343175234,0.0,0.0,0.0,0.0,0.0,0.0,0.0,0.0,0.0,0.0,0.0,0.0,0.0,0.35484215053957024,0.0,0.0,0.0,0.0,0.0,0.0,0.0,0.0,0.1718082596881945,0.0,0.0,0.0,0.0,E1
2.0,1.0,21.0,51.0,0.0,0.0,0.0,0.0,0.0768291734180432,0.0,0.0,0.0,0.0,0.0,0.0,0.0,0.3231783304347308,0.0,0.0,0.0,0.3231783304347308,0.0,0.0,0.0,0.0,0.0,0.7427586404343122,0.0,0.0,0.0,0.0,0.0,0.0,0.0,0.0,0.0,0.0,0.0,0.0,0.0,0.0,0.3231783304347308,0.0,0.0,0.0,0.0,0.0,0.0,0.0,0.15693931031373926,0.0,0.0,0.0,0.3231783304347308,E3
2.0,1.0,21.0,52.0,0.0,0.0,0.0,0.0,0.07229371885362076,0.0,0.0,0.0,0.0,0.0,0.0,0.0,0.30410015259312995,0.0,0.0,0.0,0.30410015259312995,0.0,0.0,0.0,0.0,0.0,0.7765682102650805,0.0,0.0,0.0,0.0,0.0,0.0,0.0,0.0,0.0,0.0,0.0,0.0,0.0,0.0,0.30410015259312995,0.0,0.0,0.0,0.0,0.0,0.0,0.0,0.14767471615460706,0.0,0.0,0.0,0.30410015259312995,E3
2.0,1.0,21.0,57.0,0.0,0.0,0.0,0.0,0.0768291734180432,0.0,0.0,0.0,0.0,0.0,0.0,0.0,0.3231783304347308,0.0,0.0,0.0,0.3231783304347308,0.0,0.0,0.0,0.0,0.0,0.7427586404343122,0.0,0.0,0.0,0.0,0.0,0.0,0.0,0.0,0.0,0.0,0.0,0.0,0.0,0.0,0.3231783304347308,0.0,0.0,0.0,0.0,0.0,0.0,0.0,0.15693931031373926,0.0,0.0,0.0,0.3231783304347308,E3
2.0,0.0,21.0,57.0,0.0,0.0,0.0,0.0,0.18300530177572175,0.0,0.0,0.0,0.0,0.0,0.0,0.0,0.0,0.0,0.0,0.0,0.0,0.0,0.0,0.0,0.0,0.0,0.884616891552314,0.0,0.0,0.0,0.0,0.0,0.0,0.0,0.0,0.0,0.0,0.0,0.0,0.0,0.386038321742151,0.0,0.0,0.0,0.0,0.0,0.0,0.0,0.0,0.18691289107175582,0.0,0.0,0.0,0.0,E1
2.0,1.0,22.0,0.0,0.0,0.0,0.0,0.0,0.07229371885362076,0.0,0.0,0.0,0.0,0.0,0.0,0.0,0.30410015259312995,0.0,0.0,0.0,0.30410015259312995,0.0,0.0,0.0,0.0,0.0,0.7765682102650805,0.0,0.0,0.0,0.0,0.0,0.0,0.0,0.0,0.0,0.0,0.0,0.0,0.0,0.0,0.30410015259312995,0.0,0.0,0.0,0.0,0.0,0.0,0.0,0.14767471615460706,0.0,0.0,0.0,0.30410015259312995,E3
2.0,1.0,22.0,4.0,0.0,0.0,0.0,0.0,0.07229371885362076,0.0,0.0,0.0,0.0,0.0,0.0,0.0,0.30410015259312995,0.0,0.0,0.0,0.30410015259312995,0.0,0.0,0.0,0.0,0.0,0.7765682102650805,0.0,0.0,0.0,0.0,0.0,0.0,0.0,0.0,0.0,0.0,0.0,0.0,0.0,0.0,0.30410015259312995,0.0,0.0,0.0,0.0,0.0,0.0,0.0,0.14767471615460706,0.0,0.0,0.0,0.30410015259312995,E3
2.0,0.0,22.0,5.0,0.0,0.0,0.0,0.0,0.18300530177572175,0.0,0.0,0.0,0.0,0.0,0.0,0.0,0.0,0.0,0.0,0.0,0.0,0.0,0.0,0.0,0.0,0.0,0.884616891552314,0.0,0.0,0.0,0.0,0.0,0.0,0.0,0.0,0.0,0.0,0.0,0.0,0.0,0.386038321742151,0.0,0.0,0.0,0.0,0.0,0.0,0.0,0.0,0.18691289107175582,0.0,0.0,0.0,0.0,E1
2.0,1.0,22.0,11.0,0.0,0.0,0.0,0.0,0.07229371885362076,0.0,0.0,0.0,0.0,0.0,0.0,0.0,0.30410015259312995,0.0,0.0,0.0,0.30410015259312995,0.0,0.0,0.0,0.0,0.0,0.7765682102650805,0.0,0.0,0.0,0.0,0.0,0.0,0.0,0.0,0.0,0.0,0.0,0.0,0.0,0.0,0.30410015259312995,0.0,0.0,0.0,0.0,0.0,0.0,0.0,0.14767471615460706,0.0,0.0,0.0,0.30410015259312995,E3
2.0,1.0,22.0,11.0,0.0,0.0,0.0,0.0,0.0768291734180432,0.0,0.0,0.0,0.0,0.0,0.0,0.0,0.3231783304347308,0.0,0.0,0.0,0.3231783304347308,0.0,0.0,0.0,0.0,0.0,0.7427586404343122,0.0,0.0,0.0,0.0,0.0,0.0,0.0,0.0,0.0,0.0,0.0,0.0,0.0,0.0,0.3231783304347308,0.0,0.0,0.0,0.0,0.0,0.0,0.0,0.15693931031373926,0.0,0.0,0.0,0.3231783304347308,E3
2.0,1.0,22.0,20.0,0.0,0.0,0.0,0.0,0.07229371885362076,0.0,0.0,0.0,0.0,0.0,0.0,0.0,0.30410015259312995,0.0,0.0,0.0,0.30410015259312995,0.0,0.0,0.0,0.0,0.0,0.7765682102650805,0.0,0.0,0.0,0.0,0.0,0.0,0.0,0.0,0.0,0.0,0.0,0.0,0.0,0.0,0.30410015259312995,0.0,0.0,0.0,0.0,0.0,0.0,0.0,0.14767471615460706,0.0,0.0,0.0,0.30410015259312995,E3
2.0,1.0,22.0,20.0,0.0,0.0,0.0,0.0,0.07229371885362076,0.0,0.0,0.0,0.0,0.0,0.0,0.0,0.30410015259312995,0.0,0.0,0.0,0.30410015259312995,0.0,0.0,0.0,0.0,0.0,0.7765682102650805,0.0,0.0,0.0,0.0,0.0,0.0,0.0,0.0,0.0,0.0,0.0,0.0,0.0,0.0,0.30410015259312995,0.0,0.0,0.0,0.0,0.0,0.0,0.0,0.14767471615460706,0.0,0.0,0.0,0.30410015259312995,E3
2.0,1.0,22.0,23.0,0.0,0.0,0.0,0.0,0.0768291734180432,0.0,0.0,0.0,0.0,0.0,0.0,0.0,0.3231783304347308,0.0,0.0,0.0,0.3231783304347308,0.0,0.0,0.0,0.0,0.0,0.7427586404343122,0.0,0.0,0.0,0.0,0.0,0.0,0.0,0.0,0.0,0.0,0.0,0.0,0.0,0.0,0.3231783304347308,0.0,0.0,0.0,0.0,0.0,0.0,0.0,0.15693931031373926,0.0,0.0,0.0,0.3231783304347308,E3
2.0,1.0,22.0,26.0,0.0,0.0,0.0,0.0,0.0768291734180432,0.0,0.0,0.0,0.0,0.0,0.0,0.0,0.3231783304347308,0.0,0.0,0.0,0.3231783304347308,0.0,0.0,0.0,0.0,0.0,0.7427586404343122,0.0,0.0,0.0,0.0,0.0,0.0,0.0,0.0,0.0,0.0,0.0,0.0,0.0,0.0,0.3231783304347308,0.0,0.0,0.0,0.0,0.0,0.0,0.0,0.15693931031373926,0.0,0.0,0.0,0.3231783304347308,E3
2.0,0.0,22.0,32.0,0.0,0.0,0.0,0.0,0.18300530177572175,0.0,0.0,0.0,0.0,0.0,0.0,0.0,0.0,0.0,0.0,0.0,0.0,0.0,0.0,0.0,0.0,0.0,0.884616891552314,0.0,0.0,0.0,0.0,0.0,0.0,0.0,0.0,0.0,0.0,0.0,0.0,0.0,0.386038321742151,0.0,0.0,0.0,0.0,0.0,0.0,0.0,0.0,0.18691289107175582,0.0,0.0,0.0,0.0,E1
2.0,1.0,22.0,39.0,0.0,0.0,0.0,0.0,0.0768291734180432,0.0,0.0,0.0,0.0,0.0,0.0,0.0,0.3231783304347308,0.0,0.0,0.0,0.3231783304347308,0.0,0.0,0.0,0.0,0.0,0.7427586404343122,0.0,0.0,0.0,0.0,0.0,0.0,0.0,0.0,0.0,0.0,0.0,0.0,0.0,0.0,0.3231783304347308,0.0,0.0,0.0,0.0,0.0,0.0,0.0,0.15693931031373926,0.0,0.0,0.0,0.3231783304347308,E3
2.0,1.0,22.0,40.0,0.0,0.0,0.0,0.0,0.0768291734180432,0.0,0.0,0.0,0.0,0.0,0.0,0.0,0.3231783304347308,0.0,0.0,0.0,0.3231783304347308,0.0,0.0,0.0,0.0,0.0,0.7427586404343122,0.0,0.0,0.0,0.0,0.0,0.0,0.0,0.0,0.0,0.0,0.0,0.0,0.0,0.0,0.3231783304347308,0.0,0.0,0.0,0.0,0.0,0.0,0.0,0.15693931031373926,0.0,0.0,0.0,0.3231783304347308,E3
2.0,1.0,22.0,42.0,0.0,0.0,0.0,0.0,0.0768291734180432,0.0,0.0,0.0,0.0,0.0,0.0,0.0,0.3231783304347308,0.0,0.0,0.0,0.3231783304347308,0.0,0.0,0.0,0.0,0.0,0.7427586404343122,0.0,0.0,0.0,0.0,0.0,0.0,0.0,0.0,0.0,0.0,0.0,0.0,0.0,0.0,0.3231783304347308,0.0,0.0,0.0,0.0,0.0,0.0,0.0,0.15693931031373926,0.0,0.0,0.0,0.3231783304347308,E3
2.0,1.0,22.0,44.0,0.0,0.0,0.0,0.0,0.0768291734180432,0.0,0.0,0.0,0.0,0.0,0.0,0.0,0.3231783304347308,0.0,0.0,0.0,0.3231783304347308,0.0,0.0,0.0,0.0,0.0,0.7427586404343122,0.0,0.0,0.0,0.0,0.0,0.0,0.0,0.0,0.0,0.0,0.0,0.0,0.0,0.0,0.3231783304347308,0.0,0.0,0.0,0.0,0.0,0.0,0.0,0.15693931031373926,0.0,0.0,0.0,0.3231783304347308,E3
2.0,1.0,22.0,47.0,0.0,0.0,0.0,0.0,0.0768291734180432,0.0,0.0,0.0,0.0,0.0,0.0,0.0,0.3231783304347308,0.0,0.0,0.0,0.3231783304347308,0.0,0.0,0.0,0.0,0.0,0.7427586404343122,0.0,0.0,0.0,0.0,0.0,0.0,0.0,0.0,0.0,0.0,0.0,0.0,0.0,0.0,0.3231783304347308,0.0,0.0,0.0,0.0,0.0,0.0,0.0,0.15693931031373926,0.0,0.0,0.0,0.3231783304347308,E3
2.0,1.0,23.0,1.0,0.0,0.0,0.0,0.0,0.0768291734180432,0.0,0.0,0.0,0.0,0.0,0.0,0.0,0.3231783304347308,0.0,0.0,0.0,0.3231783304347308,0.0,0.0,0.0,0.0,0.0,0.7427586404343122,0.0,0.0,0.0,0.0,0.0,0.0,0.0,0.0,0.0,0.0,0.0,0.0,0.0,0.0,0.3231783304347308,0.0,0.0,0.0,0.0,0.0,0.0,0.0,0.15693931031373926,0.0,0.0,0.0,0.3231783304347308,E3
3.0,0.0,23.0,22.0,0.0,0.0,0.0,0.0,0.23428947065061007,0.0,0.0,0.0,0.0,0.0,0.0,0.0,0.0,0.0,0.0,0.3421481252964706,0.0,0.0,0.0,0.0,0.0,0.0,0.7550106335330056,0.2751728165091075,0.0,0.0,0.0,0.0,0.0,0.0,0.0,0.0,0.0,0.34135121926186185,0.0,0.0,0.0,0.0,0.2564396882569906,0.0,0.0,0.0,0.0,0.0,0.0,0.0,0.0,0.0,0.0,0.0,E11
5.0,0.0,23.0,23.0,0.0,0.23836634715786661,0.29376506859060325,0.0,0.2062718063434884,0.29376506859060325,0.0,0.0,0.0,0.0,0.0,0.0,0.0,0.0,0.0,0.0,0.0,0.0,0.0,0.23836634715786661,0.0,0.2184207112050361,0.6647221778892567,0.0,0.0,0.0,0.0,0.0,0.0,0.0,0.0,0.0,0.0,0.0,0.0,0.0,0.0,0.0,0.22577317524360016,0.0,0.0,0.0,0.0,0.0,0.0,0.21067618968495705,0.29376506859060325,0.0,0.0,0.0,E6
2.0,0.0,23.0,23.0,0.0,0.0,0.0,0.0,0.1661483052439899,0.0,0.0,0.0,0.0,0.0,0.24207202490079238,0.0,0.0,0.0,0.0,0.0,0.0,0.0,0.0,0.0,0.0,0.0,0.892370001764264,0.0,0.0,0.0,0.0,0.0,0.0,0.0,0.0,0.0,0.0,0.0,0.2426371573701316,0.0,0.0,0.0,0.0,0.24207202490079238,0.0,0.0,0.0,0.0,0.0,0.0,0.0,0.0,0.0,0.0,E13
3.0,0.0,23.0,26.0,0.0,0.0,0.0,0.0,0.34939103204185995,0.0,0.0,0.0,0.0,0.0,0.0,0.0,0.0,0.0,0.48840804444937863,0.0,0.0,0.0,0.0,0.0,0.0,0.0,0.37531057018216657,0.0,0.4992621880111665,0.0,0.0,0.0,0.0,0.0,0.0,0.0,0.0,0.0,0.0,0.0,0.0,0.0,0.0,0.0,0.0,0.0,0.0,0.0,0.4992621880111665,0.0,0.0,0.0,0.0,0.0,E10
3.0,0.0,23.0,28.0,0.0,0.0,0.0,0.0,0.23428947065061007,0.0,0.0,0.0,0.0,0.0,0.0,0.0,0.0,0.0,0.0,0.3421481252964706,0.0,0.0,0.0,0.0,0.0,0.0,0.7550106335330056,0.2751728165091075,0.0,0.0,0.0,0.0,0.0,0.0,0.0,0.0,0.0,0.34135121926186185,0.0,0.0,0.0,0.0,0.2564396882569906,0.0,0.0,0.0,0.0,0.0,0.0,0.0,0.0,0.0,0.0,0.0,E11
5.0,0.0,23.0,28.0,0.0,0.23836634715786661,0.29376506859060325,0.0,0.2062718063434884,0.29376506859060325,0.0,0.0,0.0,0.0,0.0,0.0,0.0,0.0,0.0,0.0,0.0,0.0,0.0,0.23836634715786661,0.0,0.2184207112050361,0.6647221778892567,0.0,0.0,0.0,0.0,0.0,0.0,0.0,0.0,0.0,0.0,0.0,0.0,0.0,0.0,0.0,0.22577317524360016,0.0,0.0,0.0,0.0,0.0,0.0,0.21067618968495705,0.29376506859060325,0.0,0.0,0.0,E6
5.0,0.0,23.0,28.0,0.0,0.23836634715786661,0.29376506859060325,0.0,0.2062718063434884,0.29376506859060325,0.0,0.0,0.0,0.0,0.0,0.0,0.0,0.0,0.0,0.0,0.0,0.0,0.0,0.23836634715786661,0.0,0.2184207112050361,0.6647221778892567,0.0,0.0,0.0,0.0,0.0,0.0,0.0,0.0,0.0,0.0,0.0,0.0,0.0,0.0,0.0,0.22577317524360016,0.0,0.0,0.0,0.0,0.0,0.0,0.21067618968495705,0.29376506859060325,0.0,0.0,0.0,E6
3.0,0.0,23.0,29.0,0.0,0.0,0.0,0.0,0.2578159997202256,0.0,0.0,0.0,0.0,0.0,0.0,0.0,0.0,0.0,0.0,0.37650544316290596,0.0,0.0,0.0,0.0,0.0,0.0,0.6923551335276573,0.30280470815490756,0.0,0.0,0.0,0.0,0.0,0.0,0.0,0.0,0.0,0.37562851461197616,0.0,0.0,0.0,0.0,0.2821904646944785,0.0,0.0,0.0,0.0,0.0,0.0,0.0,0.0,0.0,0.0,0.0,E11
2.0,0.0,23.0,29.0,0.0,0.0,0.0,0.0,0.15378644268229635,0.0,0.0,0.0,0.0,0.0,0.22406124171850228,0.0,0.0,0.0,0.0,0.0,0.0,0.0,0.0,0.0,0.0,0.0,0.908572908515739,0.0,0.0,0.0,0.0,0.0,0.0,0.0,0.0,0.0,0.0,0.0,0.2245843268741186,0.0,0.0,0.0,0.0,0.22406124171850228,0.0,0.0,0.0,0.0,0.0,0.0,0.0,0.0,0.0,0.0,E13
3.0,0.0,23.0,31.0,0.0,0.0,0.0,0.0,0.34939103204185995,0.0,0.0,0.0,0.0,0.0,0.0,0.0,0.0,0.0,0.48840804444937863,0.0,0.0,0.0,0.0,0.0,0.0,0.0,0.37531057018216657,0.0,0.4992621880111665,0.0,0.0,0.0,0.0,0.0,0.0,0.0,0.0,0.0,0.0,0.0,0.0,0.0,0.0,0.0,0.0,0.0,0.0,0.0,0.4992621880111665,0.0,0.0,0.0,0.0,0.0,E10
2.0,0.0,23.0,33.0,0.0,0.0,0.0,0.0,0.15378644268229635,0.0,0.0,0.0,0.0,0.0,0.22406124171850228,0.0,0.0,0.0,0.0,0.0,0.0,0.0,0.0,0.0,0.0,0.0,0.908572908515739,0.0,0.0,0.0,0.0,0.0,0.0,0.0,0.0,0.0,0.0,0.0,0.2245843268741186,0.0,0.0,0.0,0.0,0.22406124171850228,0.0,0.0,0.0,0.0,0.0,0.0,0.0,0.0,0.0,0.0,E13
2.0,0.0,23.0,37.0,0.0,0.0,0.0,0.0,0.15378644268229635,0.0,0.0,0.0,0.0,0.0,0.22406124171850228,0.0,0.0,0.0,0.0,0.0,0.0,0.0,0.0,0.0,0.0,0.0,0.908572908515739,0.0,0.0,0.0,0.0,0.0,0.0,0.0,0.0,0.0,0.0,0.0,0.2245843268741186,0.0,0.0,0.0,0.0,0.22406124171850228,0.0,0.0,0.0,0.0,0.0,0.0,0.0,0.0,0.0,0.0,E13
2.0,0.0,23.0,38.0,0.0,0.0,0.0,0.0,0.1661483052439899,0.0,0.0,0.0,0.0,0.0,0.24207202490079238,0.0,0.0,0.0,0.0,0.0,0.0,0.0,0.0,0.0,0.0,0.0,0.892370001764264,0.0,0.0,0.0,0.0,0.0,0.0,0.0,0.0,0.0,0.0,0.0,0.2426371573701316,0.0,0.0,0.0,0.0,0.24207202490079238,0.0,0.0,0.0,0.0,0.0,0.0,0.0,0.0,0.0,0.0,E13
2.0,0.0,23.0,38.0,0.0,0.0,0.0,0.0,0.15378644268229635,0.0,0.0,0.0,0.0,0.0,0.22406124171850228,0.0,0.0,0.0,0.0,0.0,0.0,0.0,0.0,0.0,0.0,0.0,0.908572908515739,0.0,0.0,0.0,0.0,0.0,0.0,0.0,0.0,0.0,0.0,0.0,0.2245843268741186,0.0,0.0,0.0,0.0,0.22406124171850228,0.0,0.0,0.0,0.0,0.0,0.0,0.0,0.0,0.0,0.0,E13
3.0,0.0,23.0,38.0,0.0,0.0,0.0,0.0,0.23428947065061007,0.0,0.0,0.0,0.0,0.0,0.0,0.0,0.0,0.0,0.0,0.3421481252964706,0.0,0.0,0.0,0.0,0.0,0.0,0.7550106335330056,0.2751728165091075,0.0,0.0,0.0,0.0,0.0,0.0,0.0,0.0,0.0,0.34135121926186185,0.0,0.0,0.0,0.0,0.2564396882569906,0.0,0.0,0.0,0.0,0.0,0.0,0.0,0.0,0.0,0.0,0.0,E11
5.0,0.0,23.0,40.0,0.0,0.22135968273463763,0.27280588538225176,0.0,0.19155498313298006,0.27280588538225176,0.0,0.0,0.0,0.0,0.0,0.0,0.0,0.0,0.0,0.0,0.0,0.0,0.0,0.22135968273463763,0.0,0.20283710310415376,0.7201791451902878,0.0,0.0,0.0,0.0,0.0,0.0,0.0,0.0,0.0,0.0,0.0,0.0,0.0,0.0,0.0,0.20966499272154374,0.0,0.0,0.0,0.0,0.0,0.0,0.19564512803276962,0.27280588538225176,0.0,0.0,0.0,E6
2.0,0.0,23.0,41.0,0.0,0.0,0.0,0.0,0.15378644268229635,0.0,0.0,0.0,0.0,0.0,0.22406124171850228,0.0,0.0,0.0,0.0,0.0,0.0,0.0,0.0,0.0,0.0,0.0,0.908572908515739,0.0,0.0,0.0,0.0,0.0,0.0,0.0,0.0,0.0,0.0,0.0,0.2245843268741186,0.0,0.0,0.0,0.0,0.22406124171850228,0.0,0.0,0.0,0.0,0.0,0.0,0.0,0.0,0.0,0.0,E13
5.0,0.0,23.0,41.0,0.41221558671081765,0.0,0.0,0.41221558671081765,0.2142875638625615,0.0,0.0,0.0,0.0,0.0,0.0,0.0,0.0,0.0,0.0,0.0,0.0,0.0,0.0,0.0,0.0,0.2269085772357799,0.23018446497095518,0.0,0.0,0.41221558671081765,0.0,0.0,0.0,0.0,0.0,0.0,0.0,0.0,0.0,0.41221558671081765,0.0,0.0,0.0,0.0,0.0,0.0,0.0,0.0,0.0,0.0,0.0,0.41221558671081765,0.0,0.0,E7
3.0,0.0,23.0,41.0,0.0,0.0,0.0,0.0,0.3694506407597979,0.0,0.0,0.0,0.0,0.0,0.0,0.0,0.0,0.0,0.516449045413519,0.0,0.0,0.0,0.0,0.0,0.0,0.0,0.19842914946528173,0.0,0.5279263585842844,0.0,0.0,0.0,0.0,0.0,0.0,0.0,0.0,0.0,0.0,0.0,0.0,0.0,0.0,0.0,0.0,0.0,0.0,0.0,0.5279263585842844,0.0,0.0,0.0,0.0,0.0,E10
2.0,0.0,23.0,41.0,0.0,0.0,0.0,0.0,0.15378644268229635,0.0,0.0,0.0,0.0,0.0,0.22406124171850228,0.0,0.0,0.0,0.0,0.0,0.0,0.0,0.0,0.0,0.0,0.0,0.908572908515739,0.0,0.0,0.0,0.0,0.0,0.0,0.0,0.0,0.0,0.0,0.0,0.2245843268741186,0.0,0.0,0.0,0.0,0.22406124171850228,0.0,0.0,0.0,0.0,0.0,0.0,0.0,0.0,0.0,0.0,E13
3.0,0.0,23.0,43.0,0.0,0.0,0.0,0.0,0.34939103204185995,0.0,0.0,0.0,0.0,0.0,0.0,0.0,0.0,0.0,0.48840804444937863,0.0,0.0,0.0,0.0,0.0,0.0,0.0,0.37531057018216657,0.0,0.4992621880111665,0.0,0.0,0.0,0.0,0.0,0.0,0.0,0.0,0.0,0.0,0.0,0.0,0.0,0.0,0.0,0.0,0.0,0.0,0.0,0.4992621880111665,0.0,0.0,0.0,0.0,0.0,E10
3.0,0.0,23.0,45.0,0.0,0.0,0.0,0.0,0.34939103204185995,0.0,0.0,0.0,0.0,0.0,0.0,0.0,0.0,0.0,0.48840804444937863,0.0,0.0,0.0,0.0,0.0,0.0,0.0,0.37531057018216657,0.0,0.4992621880111665,0.0,0.0,0.0,0.0,0.0,0.0,0.0,0.0,0.0,0.0,0.0,0.0,0.0,0.0,0.0,0.0,0.0,0.0,0.0,0.4992621880111665,0.0,0.0,0.0,0.0,0.0,E10
2.0,0.0,23.0,45.0,0.0,0.0,0.0,0.0,0.1661483052439899,0.0,0.0,0.0,0.0,0.0,0.24207202490079238,0.0,0.0,0.0,0.0,0.0,0.0,0.0,0.0,0.0,0.0,0.0,0.892370001764264,0.0,0.0,0.0,0.0,0.0,0.0,0.0,0.0,0.0,0.0,0.0,0.2426371573701316,0.0,0.0,0.0,0.0,0.24207202490079238,0.0,0.0,0.0,0.0,0.0,0.0,0.0,0.0,0.0,0.0,E13
3.0,0.0,23.0,45.0,0.0,0.0,0.0,0.0,0.3694506407597979,0.0,0.0,0.0,0.0,0.0,0.0,0.0,0.0,0.0,0.516449045413519,0.0,0.0,0.0,0.0,0.0,0.0,0.0,0.19842914946528173,0.0,0.5279263585842844,0.0,0.0,0.0,0.0,0.0,0.0,0.0,0.0,0.0,0.0,0.0,0.0,0.0,0.0,0.0,0.0,0.0,0.0,0.0,0.5279263585842844,0.0,0.0,0.0,0.0,0.0,E10
5.0,0.0,23.0,46.0,0.0,0.23836634715786661,0.29376506859060325,0.0,0.2062718063434884,0.29376506859060325,0.0,0.0,0.0,0.0,0.0,0.0,0.0,0.0,0.0,0.0,0.0,0.0,0.0,0.23836634715786661,0.0,0.2184207112050361,0.6647221778892567,0.0,0.0,0.0,0.0,0.0,0.0,0.0,0.0,0.0,0.0,0.0,0.0,0.0,0.0,0.0,0.22577317524360016,0.0,0.0,0.0,0.0,0.0,0.0,0.21067618968495705,0.29376506859060325,0.0,0.0,0.0,E6
3.0,0.0,23.0,46.0,0.0,0.0,0.0,0.0,0.23428947065061007,0.0,0.0,0.0,0.0,0.0,0.0,0.0,0.0,0.0,0.0,0.3421481252964706,0.0,0.0,0.0,0.0,0.0,0.0,0.7550106335330056,0.2751728165091075,0.0,0.0,0.0,0.0,0.0,0.0,0.0,0.0,0.0,0.34135121926186185,0.0,0.0,0.0,0.0,0.2564396882569906,0.0,0.0,0.0,0.0,0.0,0.0,0.0,0.0,0.0,0.0,0.0,E11
5.0,0.0,23.0,47.0,0.0,0.23836634715786661,0.29376506859060325,0.0,0.2062718063434884,0.29376506859060325,0.0,0.0,0.0,0.0,0.0,0.0,0.0,0.0,0.0,0.0,0.0,0.0,0.0,0.23836634715786661,0.0,0.2184207112050361,0.6647221778892567,0.0,0.0,0.0,0.0,0.0,0.0,0.0,0.0,0.0,0.0,0.0,0.0,0.0,0.0,0.0,0.22577317524360016,0.0,0.0,0.0,0.0,0.0,0.0,0.21067618968495705,0.29376506859060325,0.0,0.0,0.0,E6
3.0,0.0,23.0,47.0,0.0,0.0,0.0,0.0,0.34939103204185995,0.0,0.0,0.0,0.0,0.0,0.0,0.0,0.0,0.0,0.48840804444937863,0.0,0.0,0.0,0.0,0.0,0.0,0.0,0.37531057018216657,0.0,0.4992621880111665,0.0,0.0,0.0,0.0,0.0,0.0,0.0,0.0,0.0,0.0,0.0,0.0,0.0,0.0,0.0,0.0,0.0,0.0,0.0,0.4992621880111665,0.0,0.0,0.0,0.0,0.0,E10
5.0,0.0,23.0,47.0,0.0,0.22135968273463763,0.27280588538225176,0.0,0.19155498313298006,0.27280588538225176,0.0,0.0,0.0,0.0,0.0,0.0,0.0,0.0,0.0,0.0,0.0,0.0,0.0,0.22135968273463763,0.0,0.20283710310415376,0.7201791451902878,0.0,0.0,0.0,0.0,0.0,0.0,0.0,0.0,0.0,0.0,0.0,0.0,0.0,0.0,0.0,0.20966499272154374,0.0,0.0,0.0,0.0,0.0,0.0,0.19564512803276962,0.27280588538225176,0.0,0.0,0.0,E6
3.0,0.0,23.0,48.0,0.0,0.0,0.0,0.0,0.34939103204185995,0.0,0.0,0.0,0.0,0.0,0.0,0.0,0.0,0.0,0.48840804444937863,0.0,0.0,0.0,0.0,0.0,0.0,0.0,0.37531057018216657,0.0,0.4992621880111665,0.0,0.0,0.0,0.0,0.0,0.0,0.0,0.0,0.0,0.0,0.0,0.0,0.0,0.0,0.0,0.0,0.0,0.0,0.0,0.4992621880111665,0.0,0.0,0.0,0.0,0.0,E10
2.0,0.0,23.0,48.0,0.0,0.0,0.0,0.0,0.1661483052439899,0.0,0.0,0.0,0.0,0.0,0.24207202490079238,0.0,0.0,0.0,0.0,0.0,0.0,0.0,0.0,0.0,0.0,0.0,0.892370001764264,0.0,0.0,0.0,0.0,0.0,0.0,0.0,0.0,0.0,0.0,0.0,0.2426371573701316,0.0,0.0,0.0,0.0,0.24207202490079238,0.0,0.0,0.0,0.0,0.0,0.0,0.0,0.0,0.0,0.0,E13
3.0,0.0,23.0,49.0,0.0,0.0,0.0,0.0,0.23428947065061007,0.0,0.0,0.0,0.0,0.0,0.0,0.0,0.0,0.0,0.0,0.3421481252964706,0.0,0.0,0.0,0.0,0.0,0.0,0.7550106335330056,0.2751728165091075,0.0,0.0,0.0,0.0,0.0,0.0,0.0,0.0,0.0,0.34135121926186185,0.0,0.0,0.0,0.0,0.2564396882569906,0.0,0.0,0.0,0.0,0.0,0.0,0.0,0.0,0.0,0.0,0.0,E11
5.0,0.0,23.0,50.0,0.0,0.22135968273463763,0.27280588538225176,0.0,0.19155498313298006,0.27280588538225176,0.0,0.0,0.0,0.0,0.0,0.0,0.0,0.0,0.0,0.0,0.0,0.0,0.0,0.22135968273463763,0.0,0.20283710310415376,0.7201791451902878,0.0,0.0,0.0,0.0,0.0,0.0,0.0,0.0,0.0,0.0,0.0,0.0,0.0,0.0,0.0,0.20966499272154374,0.0,0.0,0.0,0.0,0.0,0.0,0.19564512803276962,0.27280588538225176,0.0,0.0,0.0,E6
3.0,0.0,23.0,51.0,0.0,0.0,0.0,0.0,0.3694506407597979,0.0,0.0,0.0,0.0,0.0,0.0,0.0,0.0,0.0,0.516449045413519,0.0,0.0,0.0,0.0,0.0,0.0,0.0,0.19842914946528173,0.0,0.5279263585842844,0.0,0.0,0.0,0.0,0.0,0.0,0.0,0.0,0.0,0.0,0.0,0.0,0.0,0.0,0.0,0.0,0.0,0.0,0.0,0.5279263585842844,0.0,0.0,0.0,0.0,0.0,E10
5.0,0.0,23.0,51.0,0.42065851888062217,0.0,0.0,0.42065851888062217,0.21867656666801216,0.0,0.0,0.0,0.0,0.0,0.0,0.0,0.0,0.0,0.0,0.0,0.0,0.0,0.0,0.0,0.0,0.231556081571157,0.11744953275134055,0.0,0.0,0.42065851888062217,0.0,0.0,0.0,0.0,0.0,0.0,0.0,0.0,0.0,0.42065851888062217,0.0,0.0,0.0,0.0,0.0,0.0,0.0,0.0,0.0,0.0,0.0,0.42065851888062217,0.0,0.0,E7
3.0,0.0,23.0,53.0,0.0,0.0,0.0,0.0,0.34939103204185995,0.0,0.0,0.0,0.0,0.0,0.0,0.0,0.0,0.0,0.48840804444937863,0.0,0.0,0.0,0.0,0.0,0.0,0.0,0.37531057018216657,0.0,0.4992621880111665,0.0,0.0,0.0,0.0,0.0,0.0,0.0,0.0,0.0,0.0,0.0,0.0,0.0,0.0,0.0,0.0,0.0,0.0,0.0,0.4992621880111665,0.0,0.0,0.0,0.0,0.0,E10
5.0,0.0,23.0,53.0,0.41221558671081765,0.0,0.0,0.41221558671081765,0.2142875638625615,0.0,0.0,0.0,0.0,0.0,0.0,0.0,0.0,0.0,0.0,0.0,0.0,0.0,0.0,0.0,0.0,0.2269085772357799,0.23018446497095518,0.0,0.0,0.41221558671081765,0.0,0.0,0.0,0.0,0.0,0.0,0.0,0.0,0.0,0.41221558671081765,0.0,0.0,0.0,0.0,0.0,0.0,0.0,0.0,0.0,0.0,0.0,0.41221558671081765,0.0,0.0,E7
2.0,0.0,23.0,53.0,0.0,0.0,0.0,0.0,0.15378644268229635,0.0,0.0,0.0,0.0,0.0,0.22406124171850228,0.0,0.0,0.0,0.0,0.0,0.0,0.0,0.0,0.0,0.0,0.0,0.908572908515739,0.0,0.0,0.0,0.0,0.0,0.0,0.0,0.0,0.0,0.0,0.0,0.2245843268741186,0.0,0.0,0.0,0.0,0.22406124171850228,0.0,0.0,0.0,0.0,0.0,0.0,0.0,0.0,0.0,0.0,E13
3.0,0.0,23.0,53.0,0.0,0.0,0.0,0.0,0.3694506407597979,0.0,0.0,0.0,0.0,0.0,0.0,0.0,0.0,0.0,0.516449045413519,0.0,0.0,0.0,0.0,0.0,0.0,0.0,0.19842914946528173,0.0,0.5279263585842844,0.0,0.0,0.0,0.0,0.0,0.0,0.0,0.0,0.0,0.0,0.0,0.0,0.0,0.0,0.0,0.0,0.0,0.0,0.0,0.5279263585842844,0.0,0.0,0.0,0.0,0.0,E10
3.0,0.0,23.0,54.0,0.0,0.0,0.0,0.0,0.23428947065061007,0.0,0.0,0.0,0.0,0.0,0.0,0.0,0.0,0.0,0.0,0.3421481252964706,0.0,0.0,0.0,0.0,0.0,0.0,0.7550106335330056,0.2751728165091075,0.0,0.0,0.0,0.0,0.0,0.0,0.0,0.0,0.0,0.34135121926186185,0.0,0.0,0.0,0.0,0.2564396882569906,0.0,0.0,0.0,0.0,0.0,0.0,0.0,0.0,0.0,0.0,0.0,E11
3.0,0.0,23.0,56.0,0.0,0.0,0.0,0.0,0.3694506407597979,0.0,0.0,0.0,0.0,0.0,0.0,0.0,0.0,0.0,0.516449045413519,0.0,0.0,0.0,0.0,0.0,0.0,0.0,0.19842914946528173,0.0,0.5279263585842844,0.0,0.0,0.0,0.0,0.0,0.0,0.0,0.0,0.0,0.0,0.0,0.0,0.0,0.0,0.0,0.0,0.0,0.0,0.0,0.5279263585842844,0.0,0.0,0.0,0.0,0.0,E10
2.0,0.0,23.0,57.0,0.0,0.0,0.0,0.0,0.15378644268229635,0.0,0.0,0.0,0.0,0.0,0.22406124171850228,0.0,0.0,0.0,0.0,0.0,0.0,0.0,0.0,0.0,0.0,0.0,0.908572908515739,0.0,0.0,0.0,0.0,0.0,0.0,0.0,0.0,0.0,0.0,0.0,0.2245843268741186,0.0,0.0,0.0,0.0,0.22406124171850228,0.0,0.0,0.0,0.0,0.0,0.0,0.0,0.0,0.0,0.0,E13
5.0,0.0,23.0,58.0,0.0,0.23836634715786661,0.29376506859060325,0.0,0.2062718063434884,0.29376506859060325,0.0,0.0,0.0,0.0,0.0,0.0,0.0,0.0,0.0,0.0,0.0,0.0,0.0,0.23836634715786661,0.0,0.2184207112050361,0.6647221778892567,0.0,0.0,0.0,0.0,0.0,0.0,0.0,0.0,0.0,0.0,0.0,0.0,0.0,0.0,0.0,0.22577317524360016,0.0,0.0,0.0,0.0,0.0,0.0,0.21067618968495705,0.29376506859060325,0.0,0.0,0.0,E6
3.0,0.0,23.0,59.0,0.0,0.0,0.0,0.0,0.23428947065061007,0.0,0.0,0.0,0.0,0.0,0.0,0.0,0.0,0.0,0.0,0.3421481252964706,0.0,0.0,0.0,0.0,0.0,0.0,0.7550106335330056,0.2751728165091075,0.0,0.0,0.0,0.0,0.0,0.0,0.0,0.0,0.0,0.34135121926186185,0.0,0.0,0.0,0.0,0.2564396882569906,0.0,0.0,0.0,0.0,0.0,0.0,0.0,0.0,0.0,0.0,0.0,E11
2.0,0.0,23.0,59.0,0.0,0.0,0.0,0.0,0.15378644268229635,0.0,0.0,0.0,0.0,0.0,0.22406124171850228,0.0,0.0,0.0,0.0,0.0,0.0,0.0,0.0,0.0,0.0,0.0,0.908572908515739,0.0,0.0,0.0,0.0,0.0,0.0,0.0,0.0,0.0,0.0,0.0,0.2245843268741186,0.0,0.0,0.0,0.0,0.22406124171850228,0.0,0.0,0.0,0.0,0.0,0.0,0.0,0.0,0.0,0.0,E13
5.0,0.0,23.0,59.0,0.0,0.22135968273463763,0.27280588538225176,0.0,0.19155498313298006,0.27280588538225176,0.0,0.0,0.0,0.0,0.0,0.0,0.0,0.0,0.0,0.0,0.0,0.0,0.0,0.22135968273463763,0.0,0.20283710310415376,0.7201791451902878,0.0,0.0,0.0,0.0,0.0,0.0,0.0,0.0,0.0,0.0,0.0,0.0,0.0,0.0,0.0,0.20966499272154374,0.0,0.0,0.0,0.0,0.0,0.0,0.19564512803276962,0.27280588538225176,0.0,0.0,0.0,E6
2.0,0.0,23.0,59.0,0.0,0.0,0.0,0.0,0.15378644268229635,0.0,0.0,0.0,0.0,0.0,0.22406124171850228,0.0,0.0,0.0,0.0,0.0,0.0,0.0,0.0,0.0,0.0,0.0,0.908572908515739,0.0,0.0,0.0,0.0,0.0,0.0,0.0,0.0,0.0,0.0,0.0,0.2245843268741186,0.0,0.0,0.0,0.0,0.22406124171850228,0.0,0.0,0.0,0.0,0.0,0.0,0.0,0.0,0.0,0.0,E13
5.0,0.0,1.0,1.0,0.41221558671081765,0.0,0.0,0.41221558671081765,0.2142875638625615,0.0,0.0,0.0,0.0,0.0,0.0,0.0,0.0,0.0,0.0,0.0,0.0,0.0,0.0,0.0,0.0,0.2269085772357799,0.23018446497095518,0.0,0.0,0.41221558671081765,0.0,0.0,0.0,0.0,0.0,0.0,0.0,0.0,0.0,0.41221558671081765,0.0,0.0,0.0,0.0,0.0,0.0,0.0,0.0,0.0,0.0,0.0,0.41221558671081765,0.0,0.0,E7
5.0,0.0,1.0,3.0,0.0,0.23836634715786661,0.29376506859060325,0.0,0.2062718063434884,0.29376506859060325,0.0,0.0,0.0,0.0,0.0,0.0,0.0,0.0,0.0,0.0,0.0,0.0,0.0,0.23836634715786661,0.0,0.2184207112050361,0.6647221778892567,0.0,0.0,0.0,0.0,0.0,0.0,0.0,0.0,0.0,0.0,0.0,0.0,0.0,0.0,0.0,0.22577317524360016,0.0,0.0,0.0,0.0,0.0,0.0,0.21067618968495705,0.29376506859060325,0.0,0.0,0.0,E6
3.0,0.0,1.0,3.0,0.0,0.0,0.0,0.0,0.34939103204185995,0.0,0.0,0.0,0.0,0.0,0.0,0.0,0.0,0.0,0.48840804444937863,0.0,0.0,0.0,0.0,0.0,0.0,0.0,0.37531057018216657,0.0,0.4992621880111665,0.0,0.0,0.0,0.0,0.0,0.0,0.0,0.0,0.0,0.0,0.0,0.0,0.0,0.0,0.0,0.0,0.0,0.0,0.0,0.4992621880111665,0.0,0.0,0.0,0.0,0.0,E10
5.0,0.0,2.0,3.0,0.42065851888062217,0.0,0.0,0.42065851888062217,0.21867656666801216,0.0,0.0,0.0,0.0,0.0,0.0,0.0,0.0,0.0,0.0,0.0,0.0,0.0,0.0,0.0,0.0,0.231556081571157,0.11744953275134055,0.0,0.0,0.42065851888062217,0.0,0.0,0.0,0.0,0.0,0.0,0.0,0.0,0.0,0.42065851888062217,0.0,0.0,0.0,0.0,0.0,0.0,0.0,0.0,0.0,0.0,0.0,0.42065851888062217,0.0,0.0,E7
3.0,0.0,2.0,3.0,0.0,0.0,0.0,0.0,0.34939103204185995,0.0,0.0,0.0,0.0,0.0,0.0,0.0,0.0,0.0,0.48840804444937863,0.0,0.0,0.0,0.0,0.0,0.0,0.0,0.37531057018216657,0.0,0.4992621880111665,0.0,0.0,0.0,0.0,0.0,0.0,0.0,0.0,0.0,0.0,0.0,0.0,0.0,0.0,0.0,0.0,0.0,0.0,0.0,0.4992621880111665,0.0,0.0,0.0,0.0,0.0,E10
2.0,0.0,3.0,1.0,0.0,0.0,0.0,0.0,0.15378644268229635,0.0,0.0,0.0,0.0,0.0,0.22406124171850228,0.0,0.0,0.0,0.0,0.0,0.0,0.0,0.0,0.0,0.0,0.0,0.908572908515739,0.0,0.0,0.0,0.0,0.0,0.0,0.0,0.0,0.0,0.0,0.0,0.2245843268741186,0.0,0.0,0.0,0.0,0.22406124171850228,0.0,0.0,0.0,0.0,0.0,0.0,0.0,0.0,0.0,0.0,E13
3.0,0.0,5.0,0.0,0.0,0.0,0.0,0.0,0.34939103204185995,0.0,0.0,0.0,0.0,0.0,0.0,0.0,0.0,0.0,0.48840804444937863,0.0,0.0,0.0,0.0,0.0,0.0,0.0,0.37531057018216657,0.0,0.4992621880111665,0.0,0.0,0.0,0.0,0.0,0.0,0.0,0.0,0.0,0.0,0.0,0.0,0.0,0.0,0.0,0.0,0.0,0.0,0.0,0.4992621880111665,0.0,0.0,0.0,0.0,0.0,E10
2.0,0.0,5.0,4.0,0.0,0.0,0.0,0.0,0.15378644268229635,0.0,0.0,0.0,0.0,0.0,0.22406124171850228,0.0,0.0,0.0,0.0,0.0,0.0,0.0,0.0,0.0,0.0,0.0,0.908572908515739,0.0,0.0,0.0,0.0,0.0,0.0,0.0,0.0,0.0,0.0,0.0,0.2245843268741186,0.0,0.0,0.0,0.0,0.22406124171850228,0.0,0.0,0.0,0.0,0.0,0.0,0.0,0.0,0.0,0.0,E13
3.0,0.0,6.0,1.0,0.0,0.0,0.0,0.0,0.2578159997202256,0.0,0.0,0.0,0.0,0.0,0.0,0.0,0.0,0.0,0.0,0.37650544316290596,0.0,0.0,0.0,0.0,0.0,0.0,0.6923551335276573,0.30280470815490756,0.0,0.0,0.0,0.0,0.0,0.0,0.0,0.0,0.0,0.37562851461197616,0.0,0.0,0.0,0.0,0.2821904646944785,0.0,0.0,0.0,0.0,0.0,0.0,0.0,0.0,0.0,0.0,0.0,E11
3.0,0.0,6.0,5.0,0.0,0.0,0.0,0.0,0.23428947065061007,0.0,0.0,0.0,0.0,0.0,0.0,0.0,0.0,0.0,0.0,0.3421481252964706,0.0,0.0,0.0,0.0,0.0,0.0,0.7550106335330056,0.2751728165091075,0.0,0.0,0.0,0.0,0.0,0.0,0.0,0.0,0.0,0.34135121926186185,0.0,0.0,0.0,0.0,0.2564396882569906,0.0,0.0,0.0,0.0,0.0,0.0,0.0,0.0,0.0,0.0,0.0,E11
5.0,0.0,7.0,2.0,0.0,0.22135968273463763,0.27280588538225176,0.0,0.19155498313298006,0.27280588538225176,0.0,0.0,0.0,0.0,0.0,0.0,0.0,0.0,0.0,0.0,0.0,0.0,0.0,0.22135968273463763,0.0,0.20283710310415376,0.7201791451902878,0.0,0.0,0.0,0.0,0.0,0.0,0.0,0.0,0.0,0.0,0.0,0.0,0.0,0.0,0.0,0.20966499272154374,0.0,0.0,0.0,0.0,0.0,0.0,0.19564512803276962,0.27280588538225176,0.0,0.0,0.0,E6
2.0,0.0,7.0,5.0,0.0,0.0,0.0,0.0,0.1661483052439899,0.0,0.0,0.0,0.0,0.0,0.24207202490079238,0.0,0.0,0.0,0.0,0.0,0.0,0.0,0.0,0.0,0.0,0.0,0.892370001764264,0.0,0.0,0.0,0.0,0.0,0.0,0.0,0.0,0.0,0.0,0.0,0.2426371573701316,0.0,0.0,0.0,0.0,0.24207202490079238,0.0,0.0,0.0,0.0,0.0,0.0,0.0,0.0,0.0,0.0,E13
3.0,0.0,8.0,2.0,0.0,0.0,0.0,0.0,0.34939103204185995,0.0,0.0,0.0,0.0,0.0,0.0,0.0,0.0,0.0,0.48840804444937863,0.0,0.0,0.0,0.0,0.0,0.0,0.0,0.37531057018216657,0.0,0.4992621880111665,0.0,0.0,0.0,0.0,0.0,0.0,0.0,0.0,0.0,0.0,0.0,0.0,0.0,0.0,0.0,0.0,0.0,0.0,0.0,0.4992621880111665,0.0,0.0,0.0,0.0,0.0,E10
3.0,0.0,8.0,4.0,0.0,0.0,0.0,0.0,0.34939103204185995,0.0,0.0,0.0,0.0,0.0,0.0,0.0,0.0,0.0,0.48840804444937863,0.0,0.0,0.0,0.0,0.0,0.0,0.0,0.37531057018216657,0.0,0.4992621880111665,0.0,0.0,0.0,0.0,0.0,0.0,0.0,0.0,0.0,0.0,0.0,0.0,0.0,0.0,0.0,0.0,0.0,0.0,0.0,0.4992621880111665,0.0,0.0,0.0,0.0,0.0,E10
3.0,0.0,12.0,5.0,0.0,0.0,0.0,0.0,0.2578159997202256,0.0,0.0,0.0,0.0,0.0,0.0,0.0,0.0,0.0,0.0,0.37650544316290596,0.0,0.0,0.0,0.0,0.0,0.0,0.6923551335276573,0.30280470815490756,0.0,0.0,0.0,0.0,0.0,0.0,0.0,0.0,0.0,0.37562851461197616,0.0,0.0,0.0,0.0,0.2821904646944785,0.0,0.0,0.0,0.0,0.0,0.0,0.0,0.0,0.0,0.0,0.0,E11
5.0,0.0,13.0,0.0,0.0,0.22135968273463763,0.27280588538225176,0.0,0.19155498313298006,0.27280588538225176,0.0,0.0,0.0,0.0,0.0,0.0,0.0,0.0,0.0,0.0,0.0,0.0,0.0,0.22135968273463763,0.0,0.20283710310415376,0.7201791451902878,0.0,0.0,0.0,0.0,0.0,0.0,0.0,0.0,0.0,0.0,0.0,0.0,0.0,0.0,0.0,0.20966499272154374,0.0,0.0,0.0,0.0,0.0,0.0,0.19564512803276962,0.27280588538225176,0.0,0.0,0.0,E6
5.0,0.0,13.0,3.0,0.0,0.22135968273463763,0.27280588538225176,0.0,0.19155498313298006,0.27280588538225176,0.0,0.0,0.0,0.0,0.0,0.0,0.0,0.0,0.0,0.0,0.0,0.0,0.0,0.22135968273463763,0.0,0.20283710310415376,0.7201791451902878,0.0,0.0,0.0,0.0,0.0,0.0,0.0,0.0,0.0,0.0,0.0,0.0,0.0,0.0,0.0,0.20966499272154374,0.0,0.0,0.0,0.0,0.0,0.0,0.19564512803276962,0.27280588538225176,0.0,0.0,0.0,E6
5.0,0.0,13.0,5.0,0.0,0.23836634715786661,0.29376506859060325,0.0,0.2062718063434884,0.29376506859060325,0.0,0.0,0.0,0.0,0.0,0.0,0.0,0.0,0.0,0.0,0.0,0.0,0.0,0.23836634715786661,0.0,0.2184207112050361,0.6647221778892567,0.0,0.0,0.0,0.0,0.0,0.0,0.0,0.0,0.0,0.0,0.0,0.0,0.0,0.0,0.0,0.22577317524360016,0.0,0.0,0.0,0.0,0.0,0.0,0.21067618968495705,0.29376506859060325,0.0,0.0,0.0,E6
2.0,0.0,17.0,4.0,0.0,0.0,0.0,0.0,0.15378644268229635,0.0,0.0,0.0,0.0,0.0,0.22406124171850228,0.0,0.0,0.0,0.0,0.0,0.0,0.0,0.0,0.0,0.0,0.0,0.908572908515739,0.0,0.0,0.0,0.0,0.0,0.0,0.0,0.0,0.0,0.0,0.0,0.2245843268741186,0.0,0.0,0.0,0.0,0.22406124171850228,0.0,0.0,0.0,0.0,0.0,0.0,0.0,0.0,0.0,0.0,E13
3.0,0.0,18.0,1.0,0.0,0.0,0.0,0.0,0.34939103204185995,0.0,0.0,0.0,0.0,0.0,0.0,0.0,0.0,0.0,0.48840804444937863,0.0,0.0,0.0,0.0,0.0,0.0,0.0,0.37531057018216657,0.0,0.4992621880111665,0.0,0.0,0.0,0.0,0.0,0.0,0.0,0.0,0.0,0.0,0.0,0.0,0.0,0.0,0.0,0.0,0.0,0.0,0.0,0.4992621880111665,0.0,0.0,0.0,0.0,0.0,E10
3.0,0.0,20.0,4.0,0.0,0.0,0.0,0.0,0.3694506407597979,0.0,0.0,0.0,0.0,0.0,0.0,0.0,0.0,0.0,0.516449045413519,0.0,0.0,0.0,0.0,0.0,0.0,0.0,0.19842914946528173,0.0,0.5279263585842844,0.0,0.0,0.0,0.0,0.0,0.0,0.0,0.0,0.0,0.0,0.0,0.0,0.0,0.0,0.0,0.0,0.0,0.0,0.0,0.5279263585842844,0.0,0.0,0.0,0.0,0.0,E10
3.0,0.0,21.0,0.0,0.0,0.0,0.0,0.0,0.23428947065061007,0.0,0.0,0.0,0.0,0.0,0.0,0.0,0.0,0.0,0.0,0.3421481252964706,0.0,0.0,0.0,0.0,0.0,0.0,0.7550106335330056,0.2751728165091075,0.0,0.0,0.0,0.0,0.0,0.0,0.0,0.0,0.0,0.34135121926186185,0.0,0.0,0.0,0.0,0.2564396882569906,0.0,0.0,0.0,0.0,0.0,0.0,0.0,0.0,0.0,0.0,0.0,E11
3.0,0.0,22.0,2.0,0.0,0.0,0.0,0.0,0.3694506407597979,0.0,0.0,0.0,0.0,0.0,0.0,0.0,0.0,0.0,0.516449045413519,0.0,0.0,0.0,0.0,0.0,0.0,0.0,0.19842914946528173,0.0,0.5279263585842844,0.0,0.0,0.0,0.0,0.0,0.0,0.0,0.0,0.0,0.0,0.0,0.0,0.0,0.0,0.0,0.0,0.0,0.0,0.0,0.5279263585842844,0.0,0.0,0.0,0.0,0.0,E10
3.0,0.0,22.0,2.0,0.0,0.0,0.0,0.0,0.3694506407597979,0.0,0.0,0.0,0.0,0.0,0.0,0.0,0.0,0.0,0.516449045413519,0.0,0.0,0.0,0.0,0.0,0.0,0.0,0.19842914946528173,0.0,0.5279263585842844,0.0,0.0,0.0,0.0,0.0,0.0,0.0,0.0,0.0,0.0,0.0,0.0,0.0,0.0,0.0,0.0,0.0,0.0,0.0,0.5279263585842844,0.0,0.0,0.0,0.0,0.0,E10
5.0,0.0,22.0,5.0,0.41221558671081765,0.0,0.0,0.41221558671081765,0.2142875638625615,0.0,0.0,0.0,0.0,0.0,0.0,0.0,0.0,0.0,0.0,0.0,0.0,0.0,0.0,0.0,0.0,0.2269085772357799,0.23018446497095518,0.0,0.0,0.41221558671081765,0.0,0.0,0.0,0.0,0.0,0.0,0.0,0.0,0.0,0.41221558671081765,0.0,0.0,0.0,0.0,0.0,0.0,0.0,0.0,0.0,0.0,0.0,0.41221558671081765,0.0,0.0,E7
0.0,0.0,23.0,3.0,0.0,0.0,0.0,0.0,0.11808350202038123,0.0,0.0,0.0,0.0,0.0,0.0,0.0,0.0,0.0,0.3301340161278035,0.0,0.0,0.0,0.0,0.0,0.0,0.0,0.12684351459560828,0.0,0.0,0.0,0.0,0.0,0.0,0.0,0.0,0.0,0.0,0.0,0.0,0.0,0.0,0.0,0.0,0.0,0.0,0.0,0.0,0.6561168115324296,0.0,0.0,0.0,0.0,0.6561168115324296,0.0,E14
2.0,0.0,2.0,9.0,0.0,0.0,0.0,0.0,0.15378644268229635,0.0,0.0,0.0,0.0,0.0,0.22406124171850228,0.0,0.0,0.0,0.0,0.0,0.0,0.0,0.0,0.0,0.0,0.0,0.908572908515739,0.0,0.0,0.0,0.0,0.0,0.0,0.0,0.0,0.0,0.0,0.0,0.2245843268741186,0.0,0.0,0.0,0.0,0.22406124171850228,0.0,0.0,0.0,0.0,0.0,0.0,0.0,0.0,0.0,0.0,E13
2.0,0.0,3.0,44.0,0.0,0.0,0.0,0.0,0.15378644268229635,0.0,0.0,0.0,0.0,0.0,0.22406124171850228,0.0,0.0,0.0,0.0,0.0,0.0,0.0,0.0,0.0,0.0,0.0,0.908572908515739,0.0,0.0,0.0,0.0,0.0,0.0,0.0,0.0,0.0,0.0,0.0,0.2245843268741186,0.0,0.0,0.0,0.0,0.22406124171850228,0.0,0.0,0.0,0.0,0.0,0.0,0.0,0.0,0.0,0.0,E13
3.0,0.0,3.0,50.0,0.0,0.0,0.0,0.0,0.2578159997202256,0.0,0.0,0.0,0.0,0.0,0.0,0.0,0.0,0.0,0.0,0.37650544316290596,0.0,0.0,0.0,0.0,0.0,0.0,0.6923551335276573,0.30280470815490756,0.0,0.0,0.0,0.0,0.0,0.0,0.0,0.0,0.0,0.37562851461197616,0.0,0.0,0.0,0.0,0.2821904646944785,0.0,0.0,0.0,0.0,0.0,0.0,0.0,0.0,0.0,0.0,0.0,E11
5.0,0.0,4.0,24.0,0.0,0.22135968273463763,0.27280588538225176,0.0,0.19155498313298006,0.27280588538225176,0.0,0.0,0.0,0.0,0.0,0.0,0.0,0.0,0.0,0.0,0.0,0.0,0.0,0.22135968273463763,0.0,0.20283710310415376,0.7201791451902878,0.0,0.0,0.0,0.0,0.0,0.0,0.0,0.0,0.0,0.0,0.0,0.0,0.0,0.0,0.0,0.20966499272154374,0.0,0.0,0.0,0.0,0.0,0.0,0.19564512803276962,0.27280588538225176,0.0,0.0,0.0,E6
3.0,0.0,10.0,35.0,0.0,0.0,0.0,0.0,0.23428947065061007,0.0,0.0,0.0,0.0,0.0,0.0,0.0,0.0,0.0,0.0,0.3421481252964706,0.0,0.0,0.0,0.0,0.0,0.0,0.7550106335330056,0.2751728165091075,0.0,0.0,0.0,0.0,0.0,0.0,0.0,0.0,0.0,0.34135121926186185,0.0,0.0,0.0,0.0,0.2564396882569906,0.0,0.0,0.0,0.0,0.0,0.0,0.0,0.0,0.0,0.0,0.0,E11
2.0,0.0,10.0,43.0,0.0,0.0,0.0,0.0,0.15378644268229635,0.0,0.0,0.0,0.0,0.0,0.22406124171850228,0.0,0.0,0.0,0.0,0.0,0.0,0.0,0.0,0.0,0.0,0.0,0.908572908515739,0.0,0.0,0.0,0.0,0.0,0.0,0.0,0.0,0.0,0.0,0.0,0.2245843268741186,0.0,0.0,0.0,0.0,0.22406124171850228,0.0,0.0,0.0,0.0,0.0,0.0,0.0,0.0,0.0,0.0,E13
3.0,0.0,10.0,50.0,0.0,0.0,0.0,0.0,0.2578159997202256,0.0,0.0,0.0,0.0,0.0,0.0,0.0,0.0,0.0,0.0,0.37650544316290596,0.0,0.0,0.0,0.0,0.0,0.0,0.6923551335276573,0.30280470815490756,0.0,0.0,0.0,0.0,0.0,0.0,0.0,0.0,0.0,0.37562851461197616,0.0,0.0,0.0,0.0,0.2821904646944785,0.0,0.0,0.0,0.0,0.0,0.0,0.0,0.0,0.0,0.0,0.0,E11
3.0,0.0,10.0,52.0,0.0,0.0,0.0,0.0,0.23428947065061007,0.0,0.0,0.0,0.0,0.0,0.0,0.0,0.0,0.0,0.0,0.3421481252964706,0.0,0.0,0.0,0.0,0.0,0.0,0.7550106335330056,0.2751728165091075,0.0,0.0,0.0,0.0,0.0,0.0,0.0,0.0,0.0,0.34135121926186185,0.0,0.0,0.0,0.0,0.2564396882569906,0.0,0.0,0.0,0.0,0.0,0.0,0.0,0.0,0.0,0.0,0.0,E11
5.0,0.0,10.0,54.0,0.35474964217380794,0.0,0.0,0.35474964217380794,0.18441427023444912,0.0,0.0,0.0,0.0,0.0,0.0,0.0,0.0,0.0,0.0,0.0,0.0,0.0,0.0,0.0,0.0,0.19527581968178004,0.09904751204822997,0.0,0.0,0.35474964217380794,0.0,0.0,0.0,0.0,0.5374121122810094,0.0,0.0,0.0,0.0,0.35474964217380794,0.0,0.0,0.0,0.0,0.0,0.0,0.0,0.0,0.0,0.0,0.0,0.35474964217380794,0.0,0.0,E7
3.0,0.0,10.0,6.0,0.0,0.0,0.0,0.0,0.34939103204185995,0.0,0.0,0.0,0.0,0.0,0.0,0.0,0.0,0.0,0.48840804444937863,0.0,0.0,0.0,0.0,0.0,0.0,0.0,0.37531057018216657,0.0,0.4992621880111665,0.0,0.0,0.0,0.0,0.0,0.0,0.0,0.0,0.0,0.0,0.0,0.0,0.0,0.0,0.0,0.0,0.0,0.0,0.0,0.4992621880111665,0.0,0.0,0.0,0.0,0.0,E10
5.0,0.0,10.0,7.0,0.34964175913330614,0.0,0.0,0.34964175913330614,0.18175897080247522,0.0,0.0,0.0,0.0,0.0,0.0,0.0,0.0,0.0,0.0,0.0,0.0,0.0,0.0,0.0,0.0,0.19246412960801257,0.19524274154646273,0.0,0.0,0.34964175913330614,0.0,0.0,0.0,0.0,0.529674153202997,0.0,0.0,0.0,0.0,0.34964175913330614,0.0,0.0,0.0,0.0,0.0,0.0,0.0,0.0,0.0,0.0,0.0,0.34964175913330614,0.0,0.0,E7
3.0,0.0,10.0,8.0,0.0,0.0,0.0,0.0,0.34939103204185995,0.0,0.0,0.0,0.0,0.0,0.0,0.0,0.0,0.0,0.48840804444937863,0.0,0.0,0.0,0.0,0.0,0.0,0.0,0.37531057018216657,0.0,0.4992621880111665,0.0,0.0,0.0,0.0,0.0,0.0,0.0,0.0,0.0,0.0,0.0,0.0,0.0,0.0,0.0,0.0,0.0,0.0,0.0,0.4992621880111665,0.0,0.0,0.0,0.0,0.0,E10
3.0,0.0,10.0,8.0,0.0,0.0,0.0,0.0,0.3694506407597979,0.0,0.0,0.0,0.0,0.0,0.0,0.0,0.0,0.0,0.516449045413519,0.0,0.0,0.0,0.0,0.0,0.0,0.0,0.19842914946528173,0.0,0.5279263585842844,0.0,0.0,0.0,0.0,0.0,0.0,0.0,0.0,0.0,0.0,0.0,0.0,0.0,0.0,0.0,0.0,0.0,0.0,0.0,0.5279263585842844,0.0,0.0,0.0,0.0,0.0,E10
5.0,0.0,10.0,8.0,0.0,0.22135968273463763,0.27280588538225176,0.0,0.19155498313298006,0.27280588538225176,0.0,0.0,0.0,0.0,0.0,0.0,0.0,0.0,0.0,0.0,0.0,0.0,0.0,0.22135968273463763,0.0,0.20283710310415376,0.7201791451902878,0.0,0.0,0.0,0.0,0.0,0.0,0.0,0.0,0.0,0.0,0.0,0.0,0.0,0.0,0.0,0.20966499272154374,0.0,0.0,0.0,0.0,0.0,0.0,0.19564512803276962,0.27280588538225176,0.0,0.0,0.0,E6
3.0,0.0,10.0,9.0,0.0,0.0,0.0,0.0,0.23428947065061007,0.0,0.0,0.0,0.0,0.0,0.0,0.0,0.0,0.0,0.0,0.3421481252964706,0.0,0.0,0.0,0.0,0.0,0.0,0.7550106335330056,0.2751728165091075,0.0,0.0,0.0,0.0,0.0,0.0,0.0,0.0,0.0,0.34135121926186185,0.0,0.0,0.0,0.0,0.2564396882569906,0.0,0.0,0.0,0.0,0.0,0.0,0.0,0.0,0.0,0.0,0.0,E11
5.0,0.0,10.0,9.0,0.0,0.22135968273463763,0.27280588538225176,0.0,0.19155498313298006,0.27280588538225176,0.0,0.0,0.0,0.0,0.0,0.0,0.0,0.0,0.0,0.0,0.0,0.0,0.0,0.22135968273463763,0.0,0.20283710310415376,0.7201791451902878,0.0,0.0,0.0,0.0,0.0,0.0,0.0,0.0,0.0,0.0,0.0,0.0,0.0,0.0,0.0,0.20966499272154374,0.0,0.0,0.0,0.0,0.0,0.0,0.19564512803276962,0.27280588538225176,0.0,0.0,0.0,E6
3.0,0.0,10.0,9.0,0.0,0.0,0.0,0.0,0.34939103204185995,0.0,0.0,0.0,0.0,0.0,0.0,0.0,0.0,0.0,0.48840804444937863,0.0,0.0,0.0,0.0,0.0,0.0,0.0,0.37531057018216657,0.0,0.4992621880111665,0.0,0.0,0.0,0.0,0.0,0.0,0.0,0.0,0.0,0.0,0.0,0.0,0.0,0.0,0.0,0.0,0.0,0.0,0.0,0.4992621880111665,0.0,0.0,0.0,0.0,0.0,E10
5.0,0.0,11.0,0.0,0.0,0.23836634715786661,0.29376506859060325,0.0,0.2062718063434884,0.29376506859060325,0.0,0.0,0.0,0.0,0.0,0.0,0.0,0.0,0.0,0.0,0.0,0.0,0.0,0.23836634715786661,0.0,0.2184207112050361,0.6647221778892567,0.0,0.0,0.0,0.0,0.0,0.0,0.0,0.0,0.0,0.0,0.0,0.0,0.0,0.0,0.0,0.22577317524360016,0.0,0.0,0.0,0.0,0.0,0.0,0.21067618968495705,0.29376506859060325,0.0,0.0,0.0,E6
3.0,0.0,11.0,10.0,0.0,0.0,0.0,0.0,0.23428947065061007,0.0,0.0,0.0,0.0,0.0,0.0,0.0,0.0,0.0,0.0,0.3421481252964706,0.0,0.0,0.0,0.0,0.0,0.0,0.7550106335330056,0.2751728165091075,0.0,0.0,0.0,0.0,0.0,0.0,0.0,0.0,0.0,0.34135121926186185,0.0,0.0,0.0,0.0,0.2564396882569906,0.0,0.0,0.0,0.0,0.0,0.0,0.0,0.0,0.0,0.0,0.0,E11
3.0,0.0,11.0,13.0,0.0,0.0,0.0,0.0,0.23428947065061007,0.0,0.0,0.0,0.0,0.0,0.0,0.0,0.0,0.0,0.0,0.3421481252964706,0.0,0.0,0.0,0.0,0.0,0.0,0.7550106335330056,0.2751728165091075,0.0,0.0,0.0,0.0,0.0,0.0,0.0,0.0,0.0,0.34135121926186185,0.0,0.0,0.0,0.0,0.2564396882569906,0.0,0.0,0.0,0.0,0.0,0.0,0.0,0.0,0.0,0.0,0.0,E11
0.0,0.0,11.0,23.0,0.0,0.0,0.0,0.0,0.11904505988018863,0.0,0.0,0.0,0.0,0.0,0.0,0.0,0.0,0.0,0.33282230833260856,0.0,0.0,0.0,0.0,0.0,0.0,0.0,0.0,0.0,0.0,0.0,0.0,0.0,0.0,0.0,0.0,0.0,0.0,0.0,0.0,0.0,0.0,0.0,0.0,0.0,0.0,0.0,0.0,0.6614595924144862,0.0,0.0,0.0,0.0,0.6614595924144862,0.0,E14
5.0,0.0,11.0,33.0,0.0,0.22135968273463763,0.27280588538225176,0.0,0.19155498313298006,0.27280588538225176,0.0,0.0,0.0,0.0,0.0,0.0,0.0,0.0,0.0,0.0,0.0,0.0,0.0,0.22135968273463763,0.0,0.20283710310415376,0.7201791451902878,0.0,0.0,0.0,0.0,0.0,0.0,0.0,0.0,0.0,0.0,0.0,0.0,0.0,0.0,0.0,0.20966499272154374,0.0,0.0,0.0,0.0,0.0,0.0,0.19564512803276962,0.27280588538225176,0.0,0.0,0.0,E6
3.0,0.0,11.0,35.0,0.0,0.0,0.0,0.0,0.3694506407597979,0.0,0.0,0.0,0.0,0.0,0.0,0.0,0.0,0.0,0.516449045413519,0.0,0.0,0.0,0.0,0.0,0.0,0.0,0.19842914946528173,0.0,0.5279263585842844,0.0,0.0,0.0,0.0,0.0,0.0,0.0,0.0,0.0,0.0,0.0,0.0,0.0,0.0,0.0,0.0,0.0,0.0,0.0,0.5279263585842844,0.0,0.0,0.0,0.0,0.0,E10
2.0,0.0,11.0,40.0,0.0,0.0,0.0,0.0,0.1661483052439899,0.0,0.0,0.0,0.0,0.0,0.24207202490079238,0.0,0.0,0.0,0.0,0.0,0.0,0.0,0.0,0.0,0.0,0.0,0.892370001764264,0.0,0.0,0.0,0.0,0.0,0.0,0.0,0.0,0.0,0.0,0.0,0.2426371573701316,0.0,0.0,0.0,0.0,0.24207202490079238,0.0,0.0,0.0,0.0,0.0,0.0,0.0,0.0,0.0,0.0,E13
5.0,0.0,11.0,43.0,0.34964175913330614,0.0,0.0,0.34964175913330614,0.18175897080247522,0.0,0.0,0.0,0.0,0.0,0.0,0.0,0.0,0.0,0.0,0.0,0.0,0.0,0.0,0.0,0.0,0.19246412960801257,0.19524274154646273,0.0,0.0,0.34964175913330614,0.0,0.0,0.0,0.0,0.529674153202997,0.0,0.0,0.0,0.0,0.34964175913330614,0.0,0.0,0.0,0.0,0.0,0.0,0.0,0.0,0.0,0.0,0.0,0.34964175913330614,0.0,0.0,E7
5.0,0.0,11.0,44.0,0.0,0.22135968273463763,0.27280588538225176,0.0,0.19155498313298006,0.27280588538225176,0.0,0.0,0.0,0.0,0.0,0.0,0.0,0.0,0.0,0.0,0.0,0.0,0.0,0.22135968273463763,0.0,0.20283710310415376,0.7201791451902878,0.0,0.0,0.0,0.0,0.0,0.0,0.0,0.0,0.0,0.0,0.0,0.0,0.0,0.0,0.0,0.20966499272154374,0.0,0.0,0.0,0.0,0.0,0.0,0.19564512803276962,0.27280588538225176,0.0,0.0,0.0,E6
5.0,0.0,11.0,50.0,0.0,0.22135968273463763,0.27280588538225176,0.0,0.19155498313298006,0.27280588538225176,0.0,0.0,0.0,0.0,0.0,0.0,0.0,0.0,0.0,0.0,0.0,0.0,0.0,0.22135968273463763,0.0,0.20283710310415376,0.7201791451902878,0.0,0.0,0.0,0.0,0.0,0.0,0.0,0.0,0.0,0.0,0.0,0.0,0.0,0.0,0.0,0.20966499272154374,0.0,0.0,0.0,0.0,0.0,0.0,0.19564512803276962,0.27280588538225176,0.0,0.0,0.0,E6
5.0,0.0,11.0,52.0,0.34964175913330614,0.0,0.0,0.34964175913330614,0.18175897080247522,0.0,0.0,0.0,0.0,0.0,0.0,0.0,0.0,0.0,0.0,0.0,0.0,0.0,0.0,0.0,0.0,0.19246412960801257,0.19524274154646273,0.0,0.0,0.34964175913330614,0.0,0.0,0.0,0.0,0.529674153202997,0.0,0.0,0.0,0.0,0.34964175913330614,0.0,0.0,0.0,0.0,0.0,0.0,0.0,0.0,0.0,0.0,0.0,0.34964175913330614,0.0,0.0,E7
3.0,0.0,11.0,53.0,0.0,0.0,0.0,0.0,0.34939103204185995,0.0,0.0,0.0,0.0,0.0,0.0,0.0,0.0,0.0,0.48840804444937863,0.0,0.0,0.0,0.0,0.0,0.0,0.0,0.37531057018216657,0.0,0.4992621880111665,0.0,0.0,0.0,0.0,0.0,0.0,0.0,0.0,0.0,0.0,0.0,0.0,0.0,0.0,0.0,0.0,0.0,0.0,0.0,0.4992621880111665,0.0,0.0,0.0,0.0,0.0,E10
2.0,0.0,11.0,7.0,0.0,0.0,0.0,0.0,0.1661483052439899,0.0,0.0,0.0,0.0,0.0,0.24207202490079238,0.0,0.0,0.0,0.0,0.0,0.0,0.0,0.0,0.0,0.0,0.0,0.892370001764264,0.0,0.0,0.0,0.0,0.0,0.0,0.0,0.0,0.0,0.0,0.0,0.2426371573701316,0.0,0.0,0.0,0.0,0.24207202490079238,0.0,0.0,0.0,0.0,0.0,0.0,0.0,0.0,0.0,0.0,E13
3.0,0.0,11.0,7.0,0.0,0.0,0.0,0.0,0.23428947065061007,0.0,0.0,0.0,0.0,0.0,0.0,0.0,0.0,0.0,0.0,0.3421481252964706,0.0,0.0,0.0,0.0,0.0,0.0,0.7550106335330056,0.2751728165091075,0.0,0.0,0.0,0.0,0.0,0.0,0.0,0.0,0.0,0.34135121926186185,0.0,0.0,0.0,0.0,0.2564396882569906,0.0,0.0,0.0,0.0,0.0,0.0,0.0,0.0,0.0,0.0,0.0,E11
3.0,0.0,11.0,8.0,0.0,0.0,0.0,0.0,0.23428947065061007,0.0,0.0,0.0,0.0,0.0,0.0,0.0,0.0,0.0,0.0,0.3421481252964706,0.0,0.0,0.0,0.0,0.0,0.0,0.7550106335330056,0.2751728165091075,0.0,0.0,0.0,0.0,0.0,0.0,0.0,0.0,0.0,0.34135121926186185,0.0,0.0,0.0,0.0,0.2564396882569906,0.0,0.0,0.0,0.0,0.0,0.0,0.0,0.0,0.0,0.0,0.0,E11
3.0,0.0,11.0,9.0,0.0,0.0,0.0,0.0,0.3694506407597979,0.0,0.0,0.0,0.0,0.0,0.0,0.0,0.0,0.0,0.516449045413519,0.0,0.0,0.0,0.0,0.0,0.0,0.0,0.19842914946528173,0.0,0.5279263585842844,0.0,0.0,0.0,0.0,0.0,0.0,0.0,0.0,0.0,0.0,0.0,0.0,0.0,0.0,0.0,0.0,0.0,0.0,0.0,0.5279263585842844,0.0,0.0,0.0,0.0,0.0,E10
3.0,0.0,12.0,0.0,0.0,0.0,0.0,0.0,0.34939103204185995,0.0,0.0,0.0,0.0,0.0,0.0,0.0,0.0,0.0,0.48840804444937863,0.0,0.0,0.0,0.0,0.0,0.0,0.0,0.37531057018216657,0.0,0.4992621880111665,0.0,0.0,0.0,0.0,0.0,0.0,0.0,0.0,0.0,0.0,0.0,0.0,0.0,0.0,0.0,0.0,0.0,0.0,0.0,0.4992621880111665,0.0,0.0,0.0,0.0,0.0,E10
3.0,0.0,12.0,24.0,0.0,0.0,0.0,0.0,0.34939103204185995,0.0,0.0,0.0,0.0,0.0,0.0,0.0,0.0,0.0,0.48840804444937863,0.0,0.0,0.0,0.0,0.0,0.0,0.0,0.37531057018216657,0.0,0.4992621880111665,0.0,0.0,0.0,0.0,0.0,0.0,0.0,0.0,0.0,0.0,0.0,0.0,0.0,0.0,0.0,0.0,0.0,0.0,0.0,0.4992621880111665,0.0,0.0,0.0,0.0,0.0,E10
3.0,0.0,12.0,35.0,0.0,0.0,0.0,0.0,0.23428947065061007,0.0,0.0,0.0,0.0,0.0,0.0,0.0,0.0,0.0,0.0,0.3421481252964706,0.0,0.0,0.0,0.0,0.0,0.0,0.7550106335330056,0.2751728165091075,0.0,0.0,0.0,0.0,0.0,0.0,0.0,0.0,0.0,0.34135121926186185,0.0,0.0,0.0,0.0,0.2564396882569906,0.0,0.0,0.0,0.0,0.0,0.0,0.0,0.0,0.0,0.0,0.0,E11
3.0,0.0,12.0,35.0,0.0,0.0,0.0,0.0,0.2578159997202256,0.0,0.0,0.0,0.0,0.0,0.0,0.0,0.0,0.0,0.0,0.37650544316290596,0.0,0.0,0.0,0.0,0.0,0.0,0.6923551335276573,0.30280470815490756,0.0,0.0,0.0,0.0,0.0,0.0,0.0,0.0,0.0,0.37562851461197616,0.0,0.0,0.0,0.0,0.2821904646944785,0.0,0.0,0.0,0.0,0.0,0.0,0.0,0.0,0.0,0.0,0.0,E11
2.0,0.0,12.0,42.0,0.0,0.0,0.0,0.0,0.1661483052439899,0.0,0.0,0.0,0.0,0.0,0.24207202490079238,0.0,0.0,0.0,0.0,0.0,0.0,0.0,0.0,0.0,0.0,0.0,0.892370001764264,0.0,0.0,0.0,0.0,0.0,0.0,0.0,0.0,0.0,0.0,0.0,0.2426371573701316,0.0,0.0,0.0,0.0,0.24207202490079238,0.0,0.0,0.0,0.0,0.0,0.0,0.0,0.0,0.0,0.0,E13
3.0,0.0,12.0,52.0,0.0,0.0,0.0,0.0,0.34939103204185995,0.0,0.0,0.0,0.0,0.0,0.0,0.0,0.0,0.0,0.48840804444937863,0.0,0.0,0.0,0.0,0.0,0.0,0.0,0.37531057018216657,0.0,0.4992621880111665,0.0,0.0,0.0,0.0,0.0,0.0,0.0,0.0,0.0,0.0,0.0,0.0,0.0,0.0,0.0,0.0,0.0,0.0,0.0,0.4992621880111665,0.0,0.0,0.0,0.0,0.0,E10
3.0,0.0,12.0,7.0,0.0,0.0,0.0,0.0,0.34939103204185995,0.0,0.0,0.0,0.0,0.0,0.0,0.0,0.0,0.0,0.48840804444937863,0.0,0.0,0.0,0.0,0.0,0.0,0.0,0.37531057018216657,0.0,0.4992621880111665,0.0,0.0,0.0,0.0,0.0,0.0,0.0,0.0,0.0,0.0,0.0,0.0,0.0,0.0,0.0,0.0,0.0,0.0,0.0,0.4992621880111665,0.0,0.0,0.0,0.0,0.0,E10
3.0,0.0,12.0,8.0,0.0,0.0,0.0,0.0,0.34939103204185995,0.0,0.0,0.0,0.0,0.0,0.0,0.0,0.0,0.0,0.48840804444937863,0.0,0.0,0.0,0.0,0.0,0.0,0.0,0.37531057018216657,0.0,0.4992621880111665,0.0,0.0,0.0,0.0,0.0,0.0,0.0,0.0,0.0,0.0,0.0,0.0,0.0,0.0,0.0,0.0,0.0,0.0,0.0,0.4992621880111665,0.0,0.0,0.0,0.0,0.0,E10
3.0,0.0,12.0,8.0,0.0,0.0,0.0,0.0,0.23428947065061007,0.0,0.0,0.0,0.0,0.0,0.0,0.0,0.0,0.0,0.0,0.3421481252964706,0.0,0.0,0.0,0.0,0.0,0.0,0.7550106335330056,0.2751728165091075,0.0,0.0,0.0,0.0,0.0,0.0,0.0,0.0,0.0,0.34135121926186185,0.0,0.0,0.0,0.0,0.2564396882569906,0.0,0.0,0.0,0.0,0.0,0.0,0.0,0.0,0.0,0.0,0.0,E11
3.0,0.0,12.0,8.0,0.0,0.0,0.0,0.0,0.2578159997202256,0.0,0.0,0.0,0.0,0.0,0.0,0.0,0.0,0.0,0.0,0.37650544316290596,0.0,0.0,0.0,0.0,0.0,0.0,0.6923551335276573,0.30280470815490756,0.0,0.0,0.0,0.0,0.0,0.0,0.0,0.0,0.0,0.37562851461197616,0.0,0.0,0.0,0.0,0.2821904646944785,0.0,0.0,0.0,0.0,0.0,0.0,0.0,0.0,0.0,0.0,0.0,E11
5.0,0.0,13.0,12.0,0.34964175913330614,0.0,0.0,0.34964175913330614,0.18175897080247522,0.0,0.0,0.0,0.0,0.0,0.0,0.0,0.0,0.0,0.0,0.0,0.0,0.0,0.0,0.0,0.0,0.19246412960801257,0.19524274154646273,0.0,0.0,0.34964175913330614,0.0,0.0,0.0,0.0,0.529674153202997,0.0,0.0,0.0,0.0,0.34964175913330614,0.0,0.0,0.0,0.0,0.0,0.0,0.0,0.0,0.0,0.0,0.0,0.34964175913330614,0.0,0.0,E7
3.0,0.0,13.0,22.0,0.0,0.0,0.0,0.0,0.3694506407597979,0.0,0.0,0.0,0.0,0.0,0.0,0.0,0.0,0.0,0.516449045413519,0.0,0.0,0.0,0.0,0.0,0.0,0.0,0.19842914946528173,0.0,0.5279263585842844,0.0,0.0,0.0,0.0,0.0,0.0,0.0,0.0,0.0,0.0,0.0,0.0,0.0,0.0,0.0,0.0,0.0,0.0,0.0,0.5279263585842844,0.0,0.0,0.0,0.0,0.0,E10
2.0,0.0,13.0,23.0,0.0,0.0,0.0,0.0,0.15378644268229635,0.0,0.0,0.0,0.0,0.0,0.22406124171850228,0.0,0.0,0.0,0.0,0.0,0.0,0.0,0.0,0.0,0.0,0.0,0.908572908515739,0.0,0.0,0.0,0.0,0.0,0.0,0.0,0.0,0.0,0.0,0.0,0.2245843268741186,0.0,0.0,0.0,0.0,0.22406124171850228,0.0,0.0,0.0,0.0,0.0,0.0,0.0,0.0,0.0,0.0,E13
5.0,0.0,13.0,30.0,0.0,0.23836634715786661,0.29376506859060325,0.0,0.2062718063434884,0.29376506859060325,0.0,0.0,0.0,0.0,0.0,0.0,0.0,0.0,0.0,0.0,0.0,0.0,0.0,0.23836634715786661,0.0,0.2184207112050361,0.6647221778892567,0.0,0.0,0.0,0.0,0.0,0.0,0.0,0.0,0.0,0.0,0.0,0.0,0.0,0.0,0.0,0.22577317524360016,0.0,0.0,0.0,0.0,0.0,0.0,0.21067618968495705,0.29376506859060325,0.0,0.0,0.0,E6
3.0,0.0,13.0,40.0,0.0,0.0,0.0,0.0,0.3694506407597979,0.0,0.0,0.0,0.0,0.0,0.0,0.0,0.0,0.0,0.516449045413519,0.0,0.0,0.0,0.0,0.0,0.0,0.0,0.19842914946528173,0.0,0.5279263585842844,0.0,0.0,0.0,0.0,0.0,0.0,0.0,0.0,0.0,0.0,0.0,0.0,0.0,0.0,0.0,0.0,0.0,0.0,0.0,0.5279263585842844,0.0,0.0,0.0,0.0,0.0,E10
5.0,0.0,13.0,41.0,0.0,0.22135968273463763,0.27280588538225176,0.0,0.19155498313298006,0.27280588538225176,0.0,0.0,0.0,0.0,0.0,0.0,0.0,0.0,0.0,0.0,0.0,0.0,0.0,0.22135968273463763,0.0,0.20283710310415376,0.7201791451902878,0.0,0.0,0.0,0.0,0.0,0.0,0.0,0.0,0.0,0.0,0.0,0.0,0.0,0.0,0.0,0.20966499272154374,0.0,0.0,0.0,0.0,0.0,0.0,0.19564512803276962,0.27280588538225176,0.0,0.0,0.0,E6
3.0,0.0,13.0,50.0,0.0,0.0,0.0,0.0,0.2578159997202256,0.0,0.0,0.0,0.0,0.0,0.0,0.0,0.0,0.0,0.0,0.37650544316290596,0.0,0.0,0.0,0.0,0.0,0.0,0.6923551335276573,0.30280470815490756,0.0,0.0,0.0,0.0,0.0,0.0,0.0,0.0,0.0,0.37562851461197616,0.0,0.0,0.0,0.0,0.2821904646944785,0.0,0.0,0.0,0.0,0.0,0.0,0.0,0.0,0.0,0.0,0.0,E11
3.0,0.0,13.0,50.0,0.0,0.0,0.0,0.0,0.34939103204185995,0.0,0.0,0.0,0.0,0.0,0.0,0.0,0.0,0.0,0.48840804444937863,0.0,0.0,0.0,0.0,0.0,0.0,0.0,0.37531057018216657,0.0,0.4992621880111665,0.0,0.0,0.0,0.0,0.0,0.0,0.0,0.0,0.0,0.0,0.0,0.0,0.0,0.0,0.0,0.0,0.0,0.0,0.0,0.4992621880111665,0.0,0.0,0.0,0.0,0.0,E10
2.0,0.0,13.0,53.0,0.0,0.0,0.0,0.0,0.15378644268229635,0.0,0.0,0.0,0.0,0.0,0.22406124171850228,0.0,0.0,0.0,0.0,0.0,0.0,0.0,0.0,0.0,0.0,0.0,0.908572908515739,0.0,0.0,0.0,0.0,0.0,0.0,0.0,0.0,0.0,0.0,0.0,0.2245843268741186,0.0,0.0,0.0,0.0,0.22406124171850228,0.0,0.0,0.0,0.0,0.0,0.0,0.0,0.0,0.0,0.0,E13
3.0,0.0,13.0,54.0,0.0,0.0,0.0,0.0,0.3694506407597979,0.0,0.0,0.0,0.0,0.0,0.0,0.0,0.0,0.0,0.516449045413519,0.0,0.0,0.0,0.0,0.0,0.0,0.0,0.19842914946528173,0.0,0.5279263585842844,0.0,0.0,0.0,0.0,0.0,0.0,0.0,0.0,0.0,0.0,0.0,0.0,0.0,0.0,0.0,0.0,0.0,0.0,0.0,0.5279263585842844,0.0,0.0,0.0,0.0,0.0,E10
3.0,0.0,13.0,54.0,0.0,0.0,0.0,0.0,0.23428947065061007,0.0,0.0,0.0,0.0,0.0,0.0,0.0,0.0,0.0,0.0,0.3421481252964706,0.0,0.0,0.0,0.0,0.0,0.0,0.7550106335330056,0.2751728165091075,0.0,0.0,0.0,0.0,0.0,0.0,0.0,0.0,0.0,0.34135121926186185,0.0,0.0,0.0,0.0,0.2564396882569906,0.0,0.0,0.0,0.0,0.0,0.0,0.0,0.0,0.0,0.0,0.0,E11
3.0,0.0,13.0,55.0,0.0,0.0,0.0,0.0,0.2578159997202256,0.0,0.0,0.0,0.0,0.0,0.0,0.0,0.0,0.0,0.0,0.37650544316290596,0.0,0.0,0.0,0.0,0.0,0.0,0.6923551335276573,0.30280470815490756,0.0,0.0,0.0,0.0,0.0,0.0,0.0,0.0,0.0,0.37562851461197616,0.0,0.0,0.0,0.0,0.2821904646944785,0.0,0.0,0.0,0.0,0.0,0.0,0.0,0.0,0.0,0.0,0.0,E11
3.0,0.0,13.0,7.0,0.0,0.0,0.0,0.0,0.23428947065061007,0.0,0.0,0.0,0.0,0.0,0.0,0.0,0.0,0.0,0.0,0.3421481252964706,0.0,0.0,0.0,0.0,0.0,0.0,0.7550106335330056,0.2751728165091075,0.0,0.0,0.0,0.0,0.0,0.0,0.0,0.0,0.0,0.34135121926186185,0.0,0.0,0.0,0.0,0.2564396882569906,0.0,0.0,0.0,0.0,0.0,0.0,0.0,0.0,0.0,0.0,0.0,E11
5.0,0.0,13.0,7.0,0.0,0.23836634715786661,0.29376506859060325,0.0,0.2062718063434884,0.29376506859060325,0.0,0.0,0.0,0.0,0.0,0.0,0.0,0.0,0.0,0.0,0.0,0.0,0.0,0.23836634715786661,0.0,0.2184207112050361,0.6647221778892567,0.0,0.0,0.0,0.0,0.0,0.0,0.0,0.0,0.0,0.0,0.0,0.0,0.0,0.0,0.0,0.22577317524360016,0.0,0.0,0.0,0.0,0.0,0.0,0.21067618968495705,0.29376506859060325,0.0,0.0,0.0,E6
3.0,0.0,13.0,8.0,0.0,0.0,0.0,0.0,0.2578159997202256,0.0,0.0,0.0,0.0,0.0,0.0,0.0,0.0,0.0,0.0,0.37650544316290596,0.0,0.0,0.0,0.0,0.0,0.0,0.6923551335276573,0.30280470815490756,0.0,0.0,0.0,0.0,0.0,0.0,0.0,0.0,0.0,0.37562851461197616,0.0,0.0,0.0,0.0,0.2821904646944785,0.0,0.0,0.0,0.0,0.0,0.0,0.0,0.0,0.0,0.0,0.0,E11
2.0,0.0,13.0,9.0,0.0,0.0,0.0,0.0,0.1661483052439899,0.0,0.0,0.0,0.0,0.0,0.24207202490079238,0.0,0.0,0.0,0.0,0.0,0.0,0.0,0.0,0.0,0.0,0.0,0.892370001764264,0.0,0.0,0.0,0.0,0.0,0.0,0.0,0.0,0.0,0.0,0.0,0.2426371573701316,0.0,0.0,0.0,0.0,0.24207202490079238,0.0,0.0,0.0,0.0,0.0,0.0,0.0,0.0,0.0,0.0,E13
2.0,0.0,14.0,0.0,0.0,0.0,0.0,0.0,0.1661483052439899,0.0,0.0,0.0,0.0,0.0,0.24207202490079238,0.0,0.0,0.0,0.0,0.0,0.0,0.0,0.0,0.0,0.0,0.0,0.892370001764264,0.0,0.0,0.0,0.0,0.0,0.0,0.0,0.0,0.0,0.0,0.0,0.2426371573701316,0.0,0.0,0.0,0.0,0.24207202490079238,0.0,0.0,0.0,0.0,0.0,0.0,0.0,0.0,0.0,0.0,E13
3.0,0.0,14.0,2.0,0.0,0.0,0.0,0.0,0.3694506407597979,0.0,0.0,0.0,0.0,0.0,0.0,0.0,0.0,0.0,0.516449045413519,0.0,0.0,0.0,0.0,0.0,0.0,0.0,0.19842914946528173,0.0,0.5279263585842844,0.0,0.0,0.0,0.0,0.0,0.0,0.0,0.0,0.0,0.0,0.0,0.0,0.0,0.0,0.0,0.0,0.0,0.0,0.0,0.5279263585842844,0.0,0.0,0.0,0.0,0.0,E10
2.0,0.0,14.0,3.0,0.0,0.0,0.0,0.0,0.1661483052439899,0.0,0.0,0.0,0.0,0.0,0.24207202490079238,0.0,0.0,0.0,0.0,0.0,0.0,0.0,0.0,0.0,0.0,0.0,0.892370001764264,0.0,0.0,0.0,0.0,0.0,0.0,0.0,0.0,0.0,0.0,0.0,0.2426371573701316,0.0,0.0,0.0,0.0,0.24207202490079238,0.0,0.0,0.0,0.0,0.0,0.0,0.0,0.0,0.0,0.0,E13
5.0,0.0,14.0,4.0,0.0,0.23836634715786661,0.29376506859060325,0.0,0.2062718063434884,0.29376506859060325,0.0,0.0,0.0,0.0,0.0,0.0,0.0,0.0,0.0,0.0,0.0,0.0,0.0,0.23836634715786661,0.0,0.2184207112050361,0.6647221778892567,0.0,0.0,0.0,0.0,0.0,0.0,0.0,0.0,0.0,0.0,0.0,0.0,0.0,0.0,0.0,0.22577317524360016,0.0,0.0,0.0,0.0,0.0,0.0,0.21067618968495705,0.29376506859060325,0.0,0.0,0.0,E6
5.0,0.0,14.0,5.0,0.0,0.23836634715786661,0.29376506859060325,0.0,0.2062718063434884,0.29376506859060325,0.0,0.0,0.0,0.0,0.0,0.0,0.0,0.0,0.0,0.0,0.0,0.0,0.0,0.23836634715786661,0.0,0.2184207112050361,0.6647221778892567,0.0,0.0,0.0,0.0,0.0,0.0,0.0,0.0,0.0,0.0,0.0,0.0,0.0,0.0,0.0,0.22577317524360016,0.0,0.0,0.0,0.0,0.0,0.0,0.21067618968495705,0.29376506859060325,0.0,0.0,0.0,E6
3.0,0.0,14.0,13.0,0.0,0.0,0.0,0.0,0.34939103204185995,0.0,0.0,0.0,0.0,0.0,0.0,0.0,0.0,0.0,0.48840804444937863,0.0,0.0,0.0,0.0,0.0,0.0,0.0,0.37531057018216657,0.0,0.4992621880111665,0.0,0.0,0.0,0.0,0.0,0.0,0.0,0.0,0.0,0.0,0.0,0.0,0.0,0.0,0.0,0.0,0.0,0.0,0.0,0.4992621880111665,0.0,0.0,0.0,0.0,0.0,E10
5.0,0.0,14.0,14.0,0.0,0.23836634715786661,0.29376506859060325,0.0,0.2062718063434884,0.29376506859060325,0.0,0.0,0.0,0.0,0.0,0.0,0.0,0.0,0.0,0.0,0.0,0.0,0.0,0.23836634715786661,0.0,0.2184207112050361,0.6647221778892567,0.0,0.0,0.0,0.0,0.0,0.0,0.0,0.0,0.0,0.0,0.0,0.0,0.0,0.0,0.0,0.22577317524360016,0.0,0.0,0.0,0.0,0.0,0.0,0.21067618968495705,0.29376506859060325,0.0,0.0,0.0,E6
5.0,0.0,14.0,20.0,0.35474964217380794,0.0,0.0,0.35474964217380794,0.18441427023444912,0.0,0.0,0.0,0.0,0.0,0.0,0.0,0.0,0.0,0.0,0.0,0.0,0.0,0.0,0.0,0.0,0.19527581968178004,0.09904751204822997,0.0,0.0,0.35474964217380794,0.0,0.0,0.0,0.0,0.5374121122810094,0.0,0.0,0.0,0.0,0.35474964217380794,0.0,0.0,0.0,0.0,0.0,0.0,0.0,0.0,0.0,0.0,0.0,0.35474964217380794,0.0,0.0,E7
3.0,0.0,14.0,25.0,0.0,0.0,0.0,0.0,0.3694506407597979,0.0,0.0,0.0,0.0,0.0,0.0,0.0,0.0,0.0,0.516449045413519,0.0,0.0,0.0,0.0,0.0,0.0,0.0,0.19842914946528173,0.0,0.5279263585842844,0.0,0.0,0.0,0.0,0.0,0.0,0.0,0.0,0.0,0.0,0.0,0.0,0.0,0.0,0.0,0.0,0.0,0.0,0.0,0.5279263585842844,0.0,0.0,0.0,0.0,0.0,E10
3.0,0.0,14.0,31.0,0.0,0.0,0.0,0.0,0.2578159997202256,0.0,0.0,0.0,0.0,0.0,0.0,0.0,0.0,0.0,0.0,0.37650544316290596,0.0,0.0,0.0,0.0,0.0,0.0,0.6923551335276573,0.30280470815490756,0.0,0.0,0.0,0.0,0.0,0.0,0.0,0.0,0.0,0.37562851461197616,0.0,0.0,0.0,0.0,0.2821904646944785,0.0,0.0,0.0,0.0,0.0,0.0,0.0,0.0,0.0,0.0,0.0,E11
3.0,0.0,14.0,34.0,0.0,0.0,0.0,0.0,0.34939103204185995,0.0,0.0,0.0,0.0,0.0,0.0,0.0,0.0,0.0,0.48840804444937863,0.0,0.0,0.0,0.0,0.0,0.0,0.0,0.37531057018216657,0.0,0.4992621880111665,0.0,0.0,0.0,0.0,0.0,0.0,0.0,0.0,0.0,0.0,0.0,0.0,0.0,0.0,0.0,0.0,0.0,0.0,0.0,0.4992621880111665,0.0,0.0,0.0,0.0,0.0,E10
5.0,0.0,14.0,42.0,0.0,0.23836634715786661,0.29376506859060325,0.0,0.2062718063434884,0.29376506859060325,0.0,0.0,0.0,0.0,0.0,0.0,0.0,0.0,0.0,0.0,0.0,0.0,0.0,0.23836634715786661,0.0,0.2184207112050361,0.6647221778892567,0.0,0.0,0.0,0.0,0.0,0.0,0.0,0.0,0.0,0.0,0.0,0.0,0.0,0.0,0.0,0.22577317524360016,0.0,0.0,0.0,0.0,0.0,0.0,0.21067618968495705,0.29376506859060325,0.0,0.0,0.0,E6
3.0,0.0,14.0,42.0,0.0,0.0,0.0,0.0,0.2578159997202256,0.0,0.0,0.0,0.0,0.0,0.0,0.0,0.0,0.0,0.0,0.37650544316290596,0.0,0.0,0.0,0.0,0.0,0.0,0.6923551335276573,0.30280470815490756,0.0,0.0,0.0,0.0,0.0,0.0,0.0,0.0,0.0,0.37562851461197616,0.0,0.0,0.0,0.0,0.2821904646944785,0.0,0.0,0.0,0.0,0.0,0.0,0.0,0.0,0.0,0.0,0.0,E11
3.0,0.0,14.0,42.0,0.0,0.0,0.0,0.0,0.34939103204185995,0.0,0.0,0.0,0.0,0.0,0.0,0.0,0.0,0.0,0.48840804444937863,0.0,0.0,0.0,0.0,0.0,0.0,0.0,0.37531057018216657,0.0,0.4992621880111665,0.0,0.0,0.0,0.0,0.0,0.0,0.0,0.0,0.0,0.0,0.0,0.0,0.0,0.0,0.0,0.0,0.0,0.0,0.0,0.4992621880111665,0.0,0.0,0.0,0.0,0.0,E10
5.0,0.0,14.0,51.0,0.35474964217380794,0.0,0.0,0.35474964217380794,0.18441427023444912,0.0,0.0,0.0,0.0,0.0,0.0,0.0,0.0,0.0,0.0,0.0,0.0,0.0,0.0,0.0,0.0,0.19527581968178004,0.09904751204822997,0.0,0.0,0.35474964217380794,0.0,0.0,0.0,0.0,0.5374121122810094,0.0,0.0,0.0,0.0,0.35474964217380794,0.0,0.0,0.0,0.0,0.0,0.0,0.0,0.0,0.0,0.0,0.0,0.35474964217380794,0.0,0.0,E7
5.0,0.0,14.0,52.0,0.0,0.22135968273463763,0.27280588538225176,0.0,0.19155498313298006,0.27280588538225176,0.0,0.0,0.0,0.0,0.0,0.0,0.0,0.0,0.0,0.0,0.0,0.0,0.0,0.22135968273463763,0.0,0.20283710310415376,0.7201791451902878,0.0,0.0,0.0,0.0,0.0,0.0,0.0,0.0,0.0,0.0,0.0,0.0,0.0,0.0,0.0,0.20966499272154374,0.0,0.0,0.0,0.0,0.0,0.0,0.19564512803276962,0.27280588538225176,0.0,0.0,0.0,E6
3.0,0.0,14.0,53.0,0.0,0.0,0.0,0.0,0.3694506407597979,0.0,0.0,0.0,0.0,0.0,0.0,0.0,0.0,0.0,0.516449045413519,0.0,0.0,0.0,0.0,0.0,0.0,0.0,0.19842914946528173,0.0,0.5279263585842844,0.0,0.0,0.0,0.0,0.0,0.0,0.0,0.0,0.0,0.0,0.0,0.0,0.0,0.0,0.0,0.0,0.0,0.0,0.0,0.5279263585842844,0.0,0.0,0.0,0.0,0.0,E10
5.0,0.0,14.0,7.0,0.34964175913330614,0.0,0.0,0.34964175913330614,0.18175897080247522,0.0,0.0,0.0,0.0,0.0,0.0,0.0,0.0,0.0,0.0,0.0,0.0,0.0,0.0,0.0,0.0,0.19246412960801257,0.19524274154646273,0.0,0.0,0.34964175913330614,0.0,0.0,0.0,0.0,0.529674153202997,0.0,0.0,0.0,0.0,0.34964175913330614,0.0,0.0,0.0,0.0,0.0,0.0,0.0,0.0,0.0,0.0,0.0,0.34964175913330614,0.0,0.0,E7
5.0,0.0,14.0,7.0,0.34964175913330614,0.0,0.0,0.34964175913330614,0.18175897080247522,0.0,0.0,0.0,0.0,0.0,0.0,0.0,0.0,0.0,0.0,0.0,0.0,0.0,0.0,0.0,0.0,0.19246412960801257,0.19524274154646273,0.0,0.0,0.34964175913330614,0.0,0.0,0.0,0.0,0.529674153202997,0.0,0.0,0.0,0.0,0.34964175913330614,0.0,0.0,0.0,0.0,0.0,0.0,0.0,0.0,0.0,0.0,0.0,0.34964175913330614,0.0,0.0,E7
5.0,0.0,14.0,8.0,0.0,0.22135968273463763,0.27280588538225176,0.0,0.19155498313298006,0.27280588538225176,0.0,0.0,0.0,0.0,0.0,0.0,0.0,0.0,0.0,0.0,0.0,0.0,0.0,0.22135968273463763,0.0,0.20283710310415376,0.7201791451902878,0.0,0.0,0.0,0.0,0.0,0.0,0.0,0.0,0.0,0.0,0.0,0.0,0.0,0.0,0.0,0.20966499272154374,0.0,0.0,0.0,0.0,0.0,0.0,0.19564512803276962,0.27280588538225176,0.0,0.0,0.0,E6
3.0,0.0,14.0,8.0,0.0,0.0,0.0,0.0,0.3694506407597979,0.0,0.0,0.0,0.0,0.0,0.0,0.0,0.0,0.0,0.516449045413519,0.0,0.0,0.0,0.0,0.0,0.0,0.0,0.19842914946528173,0.0,0.5279263585842844,0.0,0.0,0.0,0.0,0.0,0.0,0.0,0.0,0.0,0.0,0.0,0.0,0.0,0.0,0.0,0.0,0.0,0.0,0.0,0.5279263585842844,0.0,0.0,0.0,0.0,0.0,E10
5.0,0.0,14.0,9.0,0.34964175913330614,0.0,0.0,0.34964175913330614,0.18175897080247522,0.0,0.0,0.0,0.0,0.0,0.0,0.0,0.0,0.0,0.0,0.0,0.0,0.0,0.0,0.0,0.0,0.19246412960801257,0.19524274154646273,0.0,0.0,0.34964175913330614,0.0,0.0,0.0,0.0,0.529674153202997,0.0,0.0,0.0,0.0,0.34964175913330614,0.0,0.0,0.0,0.0,0.0,0.0,0.0,0.0,0.0,0.0,0.0,0.34964175913330614,0.0,0.0,E7
3.0,0.0,14.0,9.0,0.0,0.0,0.0,0.0,0.3694506407597979,0.0,0.0,0.0,0.0,0.0,0.0,0.0,0.0,0.0,0.516449045413519,0.0,0.0,0.0,0.0,0.0,0.0,0.0,0.19842914946528173,0.0,0.5279263585842844,0.0,0.0,0.0,0.0,0.0,0.0,0.0,0.0,0.0,0.0,0.0,0.0,0.0,0.0,0.0,0.0,0.0,0.0,0.0,0.5279263585842844,0.0,0.0,0.0,0.0,0.0,E10
3.0,0.0,15.0,1.0,0.0,0.0,0.0,0.0,0.34939103204185995,0.0,0.0,0.0,0.0,0.0,0.0,0.0,0.0,0.0,0.48840804444937863,0.0,0.0,0.0,0.0,0.0,0.0,0.0,0.37531057018216657,0.0,0.4992621880111665,0.0,0.0,0.0,0.0,0.0,0.0,0.0,0.0,0.0,0.0,0.0,0.0,0.0,0.0,0.0,0.0,0.0,0.0,0.0,0.4992621880111665,0.0,0.0,0.0,0.0,0.0,E10
2.0,0.0,15.0,1.0,0.0,0.0,0.0,0.0,0.1661483052439899,0.0,0.0,0.0,0.0,0.0,0.24207202490079238,0.0,0.0,0.0,0.0,0.0,0.0,0.0,0.0,0.0,0.0,0.0,0.892370001764264,0.0,0.0,0.0,0.0,0.0,0.0,0.0,0.0,0.0,0.0,0.0,0.2426371573701316,0.0,0.0,0.0,0.0,0.24207202490079238,0.0,0.0,0.0,0.0,0.0,0.0,0.0,0.0,0.0,0.0,E13
3.0,0.0,15.0,2.0,0.0,0.0,0.0,0.0,0.3694506407597979,0.0,0.0,0.0,0.0,0.0,0.0,0.0,0.0,0.0,0.516449045413519,0.0,0.0,0.0,0.0,0.0,0.0,0.0,0.19842914946528173,0.0,0.5279263585842844,0.0,0.0,0.0,0.0,0.0,0.0,0.0,0.0,0.0,0.0,0.0,0.0,0.0,0.0,0.0,0.0,0.0,0.0,0.0,0.5279263585842844,0.0,0.0,0.0,0.0,0.0,E10
5.0,0.0,15.0,3.0,0.0,0.22135968273463763,0.27280588538225176,0.0,0.19155498313298006,0.27280588538225176,0.0,0.0,0.0,0.0,0.0,0.0,0.0,0.0,0.0,0.0,0.0,0.0,0.0,0.22135968273463763,0.0,0.20283710310415376,0.7201791451902878,0.0,0.0,0.0,0.0,0.0,0.0,0.0,0.0,0.0,0.0,0.0,0.0,0.0,0.0,0.0,0.20966499272154374,0.0,0.0,0.0,0.0,0.0,0.0,0.19564512803276962,0.27280588538225176,0.0,0.0,0.0,E6
3.0,0.0,15.0,33.0,0.0,0.0,0.0,0.0,0.3694506407597979,0.0,0.0,0.0,0.0,0.0,0.0,0.0,0.0,0.0,0.516449045413519,0.0,0.0,0.0,0.0,0.0,0.0,0.0,0.19842914946528173,0.0,0.5279263585842844,0.0,0.0,0.0,0.0,0.0,0.0,0.0,0.0,0.0,0.0,0.0,0.0,0.0,0.0,0.0,0.0,0.0,0.0,0.0,0.5279263585842844,0.0,0.0,0.0,0.0,0.0,E10
5.0,0.0,15.0,34.0,0.34964175913330614,0.0,0.0,0.34964175913330614,0.18175897080247522,0.0,0.0,0.0,0.0,0.0,0.0,0.0,0.0,0.0,0.0,0.0,0.0,0.0,0.0,0.0,0.0,0.19246412960801257,0.19524274154646273,0.0,0.0,0.34964175913330614,0.0,0.0,0.0,0.0,0.529674153202997,0.0,0.0,0.0,0.0,0.34964175913330614,0.0,0.0,0.0,0.0,0.0,0.0,0.0,0.0,0.0,0.0,0.0,0.34964175913330614,0.0,0.0,E7
5.0,0.0,15.0,42.0,0.0,0.23836634715786661,0.29376506859060325,0.0,0.2062718063434884,0.29376506859060325,0.0,0.0,0.0,0.0,0.0,0.0,0.0,0.0,0.0,0.0,0.0,0.0,0.0,0.23836634715786661,0.0,0.2184207112050361,0.6647221778892567,0.0,0.0,0.0,0.0,0.0,0.0,0.0,0.0,0.0,0.0,0.0,0.0,0.0,0.0,0.0,0.22577317524360016,0.0,0.0,0.0,0.0,0.0,0.0,0.21067618968495705,0.29376506859060325,0.0,0.0,0.0,E6
5.0,0.0,15.0,43.0,0.34964175913330614,0.0,0.0,0.34964175913330614,0.18175897080247522,0.0,0.0,0.0,0.0,0.0,0.0,0.0,0.0,0.0,0.0,0.0,0.0,0.0,0.0,0.0,0.0,0.19246412960801257,0.19524274154646273,0.0,0.0,0.34964175913330614,0.0,0.0,0.0,0.0,0.529674153202997,0.0,0.0,0.0,0.0,0.34964175913330614,0.0,0.0,0.0,0.0,0.0,0.0,0.0,0.0,0.0,0.0,0.0,0.34964175913330614,0.0,0.0,E7
5.0,0.0,15.0,6.0,0.35474964217380794,0.0,0.0,0.35474964217380794,0.18441427023444912,0.0,0.0,0.0,0.0,0.0,0.0,0.0,0.0,0.0,0.0,0.0,0.0,0.0,0.0,0.0,0.0,0.19527581968178004,0.09904751204822997,0.0,0.0,0.35474964217380794,0.0,0.0,0.0,0.0,0.5374121122810094,0.0,0.0,0.0,0.0,0.35474964217380794,0.0,0.0,0.0,0.0,0.0,0.0,0.0,0.0,0.0,0.0,0.0,0.35474964217380794,0.0,0.0,E7
3.0,0.0,15.0,6.0,0.0,0.0,0.0,0.0,0.2578159997202256,0.0,0.0,0.0,0.0,0.0,0.0,0.0,0.0,0.0,0.0,0.37650544316290596,0.0,0.0,0.0,0.0,0.0,0.0,0.6923551335276573,0.30280470815490756,0.0,0.0,0.0,0.0,0.0,0.0,0.0,0.0,0.0,0.37562851461197616,0.0,0.0,0.0,0.0,0.2821904646944785,0.0,0.0,0.0,0.0,0.0,0.0,0.0,0.0,0.0,0.0,0.0,E11
3.0,0.0,15.0,6.0,0.0,0.0,0.0,0.0,0.3694506407597979,0.0,0.0,0.0,0.0,0.0,0.0,0.0,0.0,0.0,0.516449045413519,0.0,0.0,0.0,0.0,0.0,0.0,0.0,0.19842914946528173,0.0,0.5279263585842844,0.0,0.0,0.0,0.0,0.0,0.0,0.0,0.0,0.0,0.0,0.0,0.0,0.0,0.0,0.0,0.0,0.0,0.0,0.0,0.5279263585842844,0.0,0.0,0.0,0.0,0.0,E10
3.0,0.0,15.0,6.0,0.0,0.0,0.0,0.0,0.23428947065061007,0.0,0.0,0.0,0.0,0.0,0.0,0.0,0.0,0.0,0.0,0.3421481252964706,0.0,0.0,0.0,0.0,0.0,0.0,0.7550106335330056,0.2751728165091075,0.0,0.0,0.0,0.0,0.0,0.0,0.0,0.0,0.0,0.34135121926186185,0.0,0.0,0.0,0.0,0.2564396882569906,0.0,0.0,0.0,0.0,0.0,0.0,0.0,0.0,0.0,0.0,0.0,E11
3.0,0.0,15.0,7.0,0.0,0.0,0.0,0.0,0.2578159997202256,0.0,0.0,0.0,0.0,0.0,0.0,0.0,0.0,0.0,0.0,0.37650544316290596,0.0,0.0,0.0,0.0,0.0,0.0,0.6923551335276573,0.30280470815490756,0.0,0.0,0.0,0.0,0.0,0.0,0.0,0.0,0.0,0.37562851461197616,0.0,0.0,0.0,0.0,0.2821904646944785,0.0,0.0,0.0,0.0,0.0,0.0,0.0,0.0,0.0,0.0,0.0,E11
5.0,0.0,15.0,7.0,0.0,0.23836634715786661,0.29376506859060325,0.0,0.2062718063434884,0.29376506859060325,0.0,0.0,0.0,0.0,0.0,0.0,0.0,0.0,0.0,0.0,0.0,0.0,0.0,0.23836634715786661,0.0,0.2184207112050361,0.6647221778892567,0.0,0.0,0.0,0.0,0.0,0.0,0.0,0.0,0.0,0.0,0.0,0.0,0.0,0.0,0.0,0.22577317524360016,0.0,0.0,0.0,0.0,0.0,0.0,0.21067618968495705,0.29376506859060325,0.0,0.0,0.0,E6
3.0,0.0,15.0,7.0,0.0,0.0,0.0,0.0,0.23428947065061007,0.0,0.0,0.0,0.0,0.0,0.0,0.0,0.0,0.0,0.0,0.3421481252964706,0.0,0.0,0.0,0.0,0.0,0.0,0.7550106335330056,0.2751728165091075,0.0,0.0,0.0,0.0,0.0,0.0,0.0,0.0,0.0,0.34135121926186185,0.0,0.0,0.0,0.0,0.2564396882569906,0.0,0.0,0.0,0.0,0.0,0.0,0.0,0.0,0.0,0.0,0.0,E11
3.0,0.0,15.0,7.0,0.0,0.0,0.0,0.0,0.3694506407597979,0.0,0.0,0.0,0.0,0.0,0.0,0.0,0.0,0.0,0.516449045413519,0.0,0.0,0.0,0.0,0.0,0.0,0.0,0.19842914946528173,0.0,0.5279263585842844,0.0,0.0,0.0,0.0,0.0,0.0,0.0,0.0,0.0,0.0,0.0,0.0,0.0,0.0,0.0,0.0,0.0,0.0,0.0,0.5279263585842844,0.0,0.0,0.0,0.0,0.0,E10
5.0,0.0,15.0,7.0,0.35474964217380794,0.0,0.0,0.35474964217380794,0.18441427023444912,0.0,0.0,0.0,0.0,0.0,0.0,0.0,0.0,0.0,0.0,0.0,0.0,0.0,0.0,0.0,0.0,0.19527581968178004,0.09904751204822997,0.0,0.0,0.35474964217380794,0.0,0.0,0.0,0.0,0.5374121122810094,0.0,0.0,0.0,0.0,0.35474964217380794,0.0,0.0,0.0,0.0,0.0,0.0,0.0,0.0,0.0,0.0,0.0,0.35474964217380794,0.0,0.0,E7
5.0,0.0,15.0,8.0,0.0,0.22135968273463763,0.27280588538225176,0.0,0.19155498313298006,0.27280588538225176,0.0,0.0,0.0,0.0,0.0,0.0,0.0,0.0,0.0,0.0,0.0,0.0,0.0,0.22135968273463763,0.0,0.20283710310415376,0.7201791451902878,0.0,0.0,0.0,0.0,0.0,0.0,0.0,0.0,0.0,0.0,0.0,0.0,0.0,0.0,0.0,0.20966499272154374,0.0,0.0,0.0,0.0,0.0,0.0,0.19564512803276962,0.27280588538225176,0.0,0.0,0.0,E6
5.0,0.0,15.0,9.0,0.34964175913330614,0.0,0.0,0.34964175913330614,0.18175897080247522,0.0,0.0,0.0,0.0,0.0,0.0,0.0,0.0,0.0,0.0,0.0,0.0,0.0,0.0,0.0,0.0,0.19246412960801257,0.19524274154646273,0.0,0.0,0.34964175913330614,0.0,0.0,0.0,0.0,0.529674153202997,0.0,0.0,0.0,0.0,0.34964175913330614,0.0,0.0,0.0,0.0,0.0,0.0,0.0,0.0,0.0,0.0,0.0,0.34964175913330614,0.0,0.0,E7
5.0,0.0,15.0,9.0,0.0,0.22135968273463763,0.27280588538225176,0.0,0.19155498313298006,0.27280588538225176,0.0,0.0,0.0,0.0,0.0,0.0,0.0,0.0,0.0,0.0,0.0,0.0,0.0,0.22135968273463763,0.0,0.20283710310415376,0.7201791451902878,0.0,0.0,0.0,0.0,0.0,0.0,0.0,0.0,0.0,0.0,0.0,0.0,0.0,0.0,0.0,0.20966499272154374,0.0,0.0,0.0,0.0,0.0,0.0,0.19564512803276962,0.27280588538225176,0.0,0.0,0.0,E6
3.0,0.0,20.0,1.0,0.0,0.0,0.0,0.0,0.34939103204185995,0.0,0.0,0.0,0.0,0.0,0.0,0.0,0.0,0.0,0.48840804444937863,0.0,0.0,0.0,0.0,0.0,0.0,0.0,0.37531057018216657,0.0,0.4992621880111665,0.0,0.0,0.0,0.0,0.0,0.0,0.0,0.0,0.0,0.0,0.0,0.0,0.0,0.0,0.0,0.0,0.0,0.0,0.0,0.4992621880111665,0.0,0.0,0.0,0.0,0.0,E10
3.0,0.0,20.0,1.0,0.0,0.0,0.0,0.0,0.3694506407597979,0.0,0.0,0.0,0.0,0.0,0.0,0.0,0.0,0.0,0.516449045413519,0.0,0.0,0.0,0.0,0.0,0.0,0.0,0.19842914946528173,0.0,0.5279263585842844,0.0,0.0,0.0,0.0,0.0,0.0,0.0,0.0,0.0,0.0,0.0,0.0,0.0,0.0,0.0,0.0,0.0,0.0,0.0,0.5279263585842844,0.0,0.0,0.0,0.0,0.0,E10
2.0,0.0,20.0,3.0,0.0,0.0,0.0,0.0,0.1661483052439899,0.0,0.0,0.0,0.0,0.0,0.24207202490079238,0.0,0.0,0.0,0.0,0.0,0.0,0.0,0.0,0.0,0.0,0.0,0.892370001764264,0.0,0.0,0.0,0.0,0.0,0.0,0.0,0.0,0.0,0.0,0.0,0.2426371573701316,0.0,0.0,0.0,0.0,0.24207202490079238,0.0,0.0,0.0,0.0,0.0,0.0,0.0,0.0,0.0,0.0,E13
3.0,0.0,20.0,14.0,0.0,0.0,0.0,0.0,0.2578159997202256,0.0,0.0,0.0,0.0,0.0,0.0,0.0,0.0,0.0,0.0,0.37650544316290596,0.0,0.0,0.0,0.0,0.0,0.0,0.6923551335276573,0.30280470815490756,0.0,0.0,0.0,0.0,0.0,0.0,0.0,0.0,0.0,0.37562851461197616,0.0,0.0,0.0,0.0,0.2821904646944785,0.0,0.0,0.0,0.0,0.0,0.0,0.0,0.0,0.0,0.0,0.0,E11
3.0,0.0,20.0,24.0,0.0,0.0,0.0,0.0,0.3694506407597979,0.0,0.0,0.0,0.0,0.0,0.0,0.0,0.0,0.0,0.516449045413519,0.0,0.0,0.0,0.0,0.0,0.0,0.0,0.19842914946528173,0.0,0.5279263585842844,0.0,0.0,0.0,0.0,0.0,0.0,0.0,0.0,0.0,0.0,0.0,0.0,0.0,0.0,0.0,0.0,0.0,0.0,0.0,0.5279263585842844,0.0,0.0,0.0,0.0,0.0,E10
5.0,0.0,20.0,30.0,0.0,0.23836634715786661,0.29376506859060325,0.0,0.2062718063434884,0.29376506859060325,0.0,0.0,0.0,0.0,0.0,0.0,0.0,0.0,0.0,0.0,0.0,0.0,0.0,0.23836634715786661,0.0,0.2184207112050361,0.6647221778892567,0.0,0.0,0.0,0.0,0.0,0.0,0.0,0.0,0.0,0.0,0.0,0.0,0.0,0.0,0.0,0.22577317524360016,0.0,0.0,0.0,0.0,0.0,0.0,0.21067618968495705,0.29376506859060325,0.0,0.0,0.0,E6
3.0,0.0,20.0,31.0,0.0,0.0,0.0,0.0,0.23428947065061007,0.0,0.0,0.0,0.0,0.0,0.0,0.0,0.0,0.0,0.0,0.3421481252964706,0.0,0.0,0.0,0.0,0.0,0.0,0.7550106335330056,0.2751728165091075,0.0,0.0,0.0,0.0,0.0,0.0,0.0,0.0,0.0,0.34135121926186185,0.0,0.0,0.0,0.0,0.2564396882569906,0.0,0.0,0.0,0.0,0.0,0.0,0.0,0.0,0.0,0.0,0.0,E11
3.0,0.0,20.0,32.0,0.0,0.0,0.0,0.0,0.34939103204185995,0.0,0.0,0.0,0.0,0.0,0.0,0.0,0.0,0.0,0.48840804444937863,0.0,0.0,0.0,0.0,0.0,0.0,0.0,0.37531057018216657,0.0,0.4992621880111665,0.0,0.0,0.0,0.0,0.0,0.0,0.0,0.0,0.0,0.0,0.0,0.0,0.0,0.0,0.0,0.0,0.0,0.0,0.0,0.4992621880111665,0.0,0.0,0.0,0.0,0.0,E10
5.0,0.0,20.0,32.0,0.0,0.22135968273463763,0.27280588538225176,0.0,0.19155498313298006,0.27280588538225176,0.0,0.0,0.0,0.0,0.0,0.0,0.0,0.0,0.0,0.0,0.0,0.0,0.0,0.22135968273463763,0.0,0.20283710310415376,0.7201791451902878,0.0,0.0,0.0,0.0,0.0,0.0,0.0,0.0,0.0,0.0,0.0,0.0,0.0,0.0,0.0,0.20966499272154374,0.0,0.0,0.0,0.0,0.0,0.0,0.19564512803276962,0.27280588538225176,0.0,0.0,0.0,E6
5.0,0.0,20.0,35.0,0.0,0.23836634715786661,0.29376506859060325,0.0,0.2062718063434884,0.29376506859060325,0.0,0.0,0.0,0.0,0.0,0.0,0.0,0.0,0.0,0.0,0.0,0.0,0.0,0.23836634715786661,0.0,0.2184207112050361,0.6647221778892567,0.0,0.0,0.0,0.0,0.0,0.0,0.0,0.0,0.0,0.0,0.0,0.0,0.0,0.0,0.0,0.22577317524360016,0.0,0.0,0.0,0.0,0.0,0.0,0.21067618968495705,0.29376506859060325,0.0,0.0,0.0,E6
5.0,0.0,20.0,45.0,0.0,0.23836634715786661,0.29376506859060325,0.0,0.2062718063434884,0.29376506859060325,0.0,0.0,0.0,0.0,0.0,0.0,0.0,0.0,0.0,0.0,0.0,0.0,0.0,0.23836634715786661,0.0,0.2184207112050361,0.6647221778892567,0.0,0.0,0.0,0.0,0.0,0.0,0.0,0.0,0.0,0.0,0.0,0.0,0.0,0.0,0.0,0.22577317524360016,0.0,0.0,0.0,0.0,0.0,0.0,0.21067618968495705,0.29376506859060325,0.0,0.0,0.0,E6
2.0,0.0,20.0,50.0,0.0,0.0,0.0,0.0,0.1661483052439899,0.0,0.0,0.0,0.0,0.0,0.24207202490079238,0.0,0.0,0.0,0.0,0.0,0.0,0.0,0.0,0.0,0.0,0.0,0.892370001764264,0.0,0.0,0.0,0.0,0.0,0.0,0.0,0.0,0.0,0.0,0.0,0.2426371573701316,0.0,0.0,0.0,0.0,0.24207202490079238,0.0,0.0,0.0,0.0,0.0,0.0,0.0,0.0,0.0,0.0,E13
5.0,0.0,20.0,6.0,0.0,0.23836634715786661,0.29376506859060325,0.0,0.2062718063434884,0.29376506859060325,0.0,0.0,0.0,0.0,0.0,0.0,0.0,0.0,0.0,0.0,0.0,0.0,0.0,0.23836634715786661,0.0,0.2184207112050361,0.6647221778892567,0.0,0.0,0.0,0.0,0.0,0.0,0.0,0.0,0.0,0.0,0.0,0.0,0.0,0.0,0.0,0.22577317524360016,0.0,0.0,0.0,0.0,0.0,0.0,0.21067618968495705,0.29376506859060325,0.0,0.0,0.0,E6
5.0,0.0,20.0,7.0,0.0,0.26193916470232276,0.0,0.0,0.22667069114193747,0.0,0.0,0.0,0.35845965475525166,0.0,0.0,0.0,0.0,0.0,0.0,0.0,0.0,0.0,0.3609506417434961,0.26193916470232276,0.0,0.24002104042330735,0.6087155832170444,0.26622456539930955,0.0,0.0,0.0,0.0,0.0,0.0,0.0,0.0,0.0,0.0,0.0,0.0,0.0,0.0,0.0,0.0,0.0,0.0,0.0,0.0,0.0,0.2315106381699005,0.0,0.0,0.0,0.0,E8
2.0,0.0,22.0,22.0,0.0,0.0,0.0,0.0,0.18300530177572175,0.0,0.0,0.0,0.0,0.0,0.0,0.0,0.0,0.0,0.0,0.0,0.0,0.0,0.0,0.0,0.0,0.0,0.884616891552314,0.0,0.0,0.0,0.0,0.0,0.0,0.0,0.0,0.0,0.0,0.0,0.0,0.0,0.386038321742151,0.0,0.0,0.0,0.0,0.0,0.0,0.0,0.0,0.18691289107175582,0.0,0.0,0.0,0.0,E1
2.0,1.0,23.0,45.0,0.0,0.0,0.0,0.0,0.07229371885362076,0.0,0.0,0.0,0.0,0.0,0.0,0.0,0.30410015259312995,0.0,0.0,0.0,0.30410015259312995,0.0,0.0,0.0,0.0,0.0,0.7765682102650805,0.0,0.0,0.0,0.0,0.0,0.0,0.0,0.0,0.0,0.0,0.0,0.0,0.0,0.0,0.30410015259312995,0.0,0.0,0.0,0.0,0.0,0.0,0.0,0.14767471615460706,0.0,0.0,0.0,0.30410015259312995,E3
2.0,0.0,2.0,48.0,0.0,0.0,0.0,0.0,0.1682164468780759,0.0,0.0,0.0,0.0,0.0,0.0,0.0,0.0,0.0,0.0,0.0,0.0,0.0,0.0,0.0,0.0,0.0,0.9034778343175234,0.0,0.0,0.0,0.0,0.0,0.0,0.0,0.0,0.0,0.0,0.0,0.0,0.0,0.35484215053957024,0.0,0.0,0.0,0.0,0.0,0.0,0.0,0.0,0.1718082596881945,0.0,0.0,0.0,0.0,E1
2.0,1.0,3.0,3.0,0.0,0.0,0.0,0.0,0.07229371885362076,0.0,0.0,0.0,0.0,0.0,0.0,0.0,0.30410015259312995,0.0,0.0,0.0,0.30410015259312995,0.0,0.0,0.0,0.0,0.0,0.7765682102650805,0.0,0.0,0.0,0.0,0.0,0.0,0.0,0.0,0.0,0.0,0.0,0.0,0.0,0.0,0.30410015259312995,0.0,0.0,0.0,0.0,0.0,0.0,0.0,0.14767471615460706,0.0,0.0,0.0,0.30410015259312995,E3
2.0,1.0,3.0,9.0,0.0,0.0,0.0,0.0,0.07229371885362076,0.0,0.0,0.0,0.0,0.0,0.0,0.0,0.30410015259312995,0.0,0.0,0.0,0.30410015259312995,0.0,0.0,0.0,0.0,0.0,0.7765682102650805,0.0,0.0,0.0,0.0,0.0,0.0,0.0,0.0,0.0,0.0,0.0,0.0,0.0,0.0,0.30410015259312995,0.0,0.0,0.0,0.0,0.0,0.0,0.0,0.14767471615460706,0.0,0.0,0.0,0.30410015259312995,E3
2.0,0.0,3.0,10.0,0.0,0.0,0.0,0.0,0.1682164468780759,0.0,0.0,0.0,0.0,0.0,0.0,0.0,0.0,0.0,0.0,0.0,0.0,0.0,0.0,0.0,0.0,0.0,0.9034778343175234,0.0,0.0,0.0,0.0,0.0,0.0,0.0,0.0,0.0,0.0,0.0,0.0,0.0,0.35484215053957024,0.0,0.0,0.0,0.0,0.0,0.0,0.0,0.0,0.1718082596881945,0.0,0.0,0.0,0.0,E1
2.0,1.0,3.0,21.0,0.0,0.0,0.0,0.0,0.07229371885362076,0.0,0.0,0.0,0.0,0.0,0.0,0.0,0.30410015259312995,0.0,0.0,0.0,0.30410015259312995,0.0,0.0,0.0,0.0,0.0,0.7765682102650805,0.0,0.0,0.0,0.0,0.0,0.0,0.0,0.0,0.0,0.0,0.0,0.0,0.0,0.0,0.30410015259312995,0.0,0.0,0.0,0.0,0.0,0.0,0.0,0.14767471615460706,0.0,0.0,0.0,0.30410015259312995,E3
2.0,0.0,3.0,53.0,0.0,0.0,0.0,0.0,0.18300530177572175,0.0,0.0,0.0,0.0,0.0,0.0,0.0,0.0,0.0,0.0,0.0,0.0,0.0,0.0,0.0,0.0,0.0,0.884616891552314,0.0,0.0,0.0,0.0,0.0,0.0,0.0,0.0,0.0,0.0,0.0,0.0,0.0,0.386038321742151,0.0,0.0,0.0,0.0,0.0,0.0,0.0,0.0,0.18691289107175582,0.0,0.0,0.0,0.0,E1
2.0,0.0,4.0,8.0,0.0,0.0,0.0,0.0,0.1682164468780759,0.0,0.0,0.0,0.0,0.0,0.0,0.0,0.0,0.0,0.0,0.0,0.0,0.0,0.0,0.0,0.0,0.0,0.9034778343175234,0.0,0.0,0.0,0.0,0.0,0.0,0.0,0.0,0.0,0.0,0.0,0.0,0.0,0.35484215053957024,0.0,0.0,0.0,0.0,0.0,0.0,0.0,0.0,0.1718082596881945,0.0,0.0,0.0,0.0,E1
2.0,0.0,4.0,28.0,0.0,0.0,0.0,0.0,0.1682164468780759,0.0,0.0,0.0,0.0,0.0,0.0,0.0,0.0,0.0,0.0,0.0,0.0,0.0,0.0,0.0,0.0,0.0,0.9034778343175234,0.0,0.0,0.0,0.0,0.0,0.0,0.0,0.0,0.0,0.0,0.0,0.0,0.0,0.35484215053957024,0.0,0.0,0.0,0.0,0.0,0.0,0.0,0.0,0.1718082596881945,0.0,0.0,0.0,0.0,E1
2.0,0.0,4.0,54.0,0.0,0.0,0.0,0.0,0.18300530177572175,0.0,0.0,0.0,0.0,0.0,0.0,0.0,0.0,0.0,0.0,0.0,0.0,0.0,0.0,0.0,0.0,0.0,0.884616891552314,0.0,0.0,0.0,0.0,0.0,0.0,0.0,0.0,0.0,0.0,0.0,0.0,0.0,0.386038321742151,0.0,0.0,0.0,0.0,0.0,0.0,0.0,0.0,0.18691289107175582,0.0,0.0,0.0,0.0,E1
2.0,0.0,5.0,3.0,0.0,0.0,0.0,0.0,0.18300530177572175,0.0,0.0,0.0,0.0,0.0,0.0,0.0,0.0,0.0,0.0,0.0,0.0,0.0,0.0,0.0,0.0,0.0,0.884616891552314,0.0,0.0,0.0,0.0,0.0,0.0,0.0,0.0,0.0,0.0,0.0,0.0,0.0,0.386038321742151,0.0,0.0,0.0,0.0,0.0,0.0,0.0,0.0,0.18691289107175582,0.0,0.0,0.0,0.0,E1
2.0,0.0,5.0,13.0,0.0,0.0,0.0,0.0,0.18300530177572175,0.0,0.0,0.0,0.0,0.0,0.0,0.0,0.0,0.0,0.0,0.0,0.0,0.0,0.0,0.0,0.0,0.0,0.884616891552314,0.0,0.0,0.0,0.0,0.0,0.0,0.0,0.0,0.0,0.0,0.0,0.0,0.0,0.386038321742151,0.0,0.0,0.0,0.0,0.0,0.0,0.0,0.0,0.18691289107175582,0.0,0.0,0.0,0.0,E1
2.0,0.0,5.0,46.0,0.0,0.0,0.0,0.0,0.1682164468780759,0.0,0.0,0.0,0.0,0.0,0.0,0.0,0.0,0.0,0.0,0.0,0.0,0.0,0.0,0.0,0.0,0.0,0.9034778343175234,0.0,0.0,0.0,0.0,0.0,0.0,0.0,0.0,0.0,0.0,0.0,0.0,0.0,0.35484215053957024,0.0,0.0,0.0,0.0,0.0,0.0,0.0,0.0,0.1718082596881945,0.0,0.0,0.0,0.0,E1
2.0,0.0,6.0,4.0,0.0,0.0,0.0,0.0,0.18300530177572175,0.0,0.0,0.0,0.0,0.0,0.0,0.0,0.0,0.0,0.0,0.0,0.0,0.0,0.0,0.0,0.0,0.0,0.884616891552314,0.0,0.0,0.0,0.0,0.0,0.0,0.0,0.0,0.0,0.0,0.0,0.0,0.0,0.386038321742151,0.0,0.0,0.0,0.0,0.0,0.0,0.0,0.0,0.18691289107175582,0.0,0.0,0.0,0.0,E1
2.0,0.0,6.0,9.0,0.0,0.0,0.0,0.0,0.18300530177572175,0.0,0.0,0.0,0.0,0.0,0.0,0.0,0.0,0.0,0.0,0.0,0.0,0.0,0.0,0.0,0.0,0.0,0.884616891552314,0.0,0.0,0.0,0.0,0.0,0.0,0.0,0.0,0.0,0.0,0.0,0.0,0.0,0.386038321742151,0.0,0.0,0.0,0.0,0.0,0.0,0.0,0.0,0.18691289107175582,0.0,0.0,0.0,0.0,E1
2.0,0.0,6.0,56.0,0.0,0.0,0.0,0.0,0.1682164468780759,0.0,0.0,0.0,0.0,0.0,0.0,0.0,0.0,0.0,0.0,0.0,0.0,0.0,0.0,0.0,0.0,0.0,0.9034778343175234,0.0,0.0,0.0,0.0,0.0,0.0,0.0,0.0,0.0,0.0,0.0,0.0,0.0,0.35484215053957024,0.0,0.0,0.0,0.0,0.0,0.0,0.0,0.0,0.1718082596881945,0.0,0.0,0.0,0.0,E1
2.0,1.0,7.0,3.0,0.0,0.0,0.0,0.0,0.07229371885362076,0.0,0.0,0.0,0.0,0.0,0.0,0.0,0.30410015259312995,0.0,0.0,0.0,0.30410015259312995,0.0,0.0,0.0,0.0,0.0,0.7765682102650805,0.0,0.0,0.0,0.0,0.0,0.0,0.0,0.0,0.0,0.0,0.0,0.0,0.0,0.0,0.30410015259312995,0.0,0.0,0.0,0.0,0.0,0.0,0.0,0.14767471615460706,0.0,0.0,0.0,0.30410015259312995,E3
2.0,0.0,7.0,3.0,0.0,0.0,0.0,0.0,0.1682164468780759,0.0,0.0,0.0,0.0,0.0,0.0,0.0,0.0,0.0,0.0,0.0,0.0,0.0,0.0,0.0,0.0,0.0,0.9034778343175234,0.0,0.0,0.0,0.0,0.0,0.0,0.0,0.0,0.0,0.0,0.0,0.0,0.0,0.35484215053957024,0.0,0.0,0.0,0.0,0.0,0.0,0.0,0.0,0.1718082596881945,0.0,0.0,0.0,0.0,E1
2.0,0.0,7.0,3.0,0.0,0.0,0.0,0.0,0.18300530177572175,0.0,0.0,0.0,0.0,0.0,0.0,0.0,0.0,0.0,0.0,0.0,0.0,0.0,0.0,0.0,0.0,0.0,0.884616891552314,0.0,0.0,0.0,0.0,0.0,0.0,0.0,0.0,0.0,0.0,0.0,0.0,0.0,0.386038321742151,0.0,0.0,0.0,0.0,0.0,0.0,0.0,0.0,0.18691289107175582,0.0,0.0,0.0,0.0,E1
2.0,0.0,7.0,6.0,0.0,0.0,0.0,0.0,0.1682164468780759,0.0,0.0,0.0,0.0,0.0,0.0,0.0,0.0,0.0,0.0,0.0,0.0,0.0,0.0,0.0,0.0,0.0,0.9034778343175234,0.0,0.0,0.0,0.0,0.0,0.0,0.0,0.0,0.0,0.0,0.0,0.0,0.0,0.35484215053957024,0.0,0.0,0.0,0.0,0.0,0.0,0.0,0.0,0.1718082596881945,0.0,0.0,0.0,0.0,E1
2.0,0.0,7.0,9.0,0.0,0.0,0.0,0.0,0.1682164468780759,0.0,0.0,0.0,0.0,0.0,0.0,0.0,0.0,0.0,0.0,0.0,0.0,0.0,0.0,0.0,0.0,0.0,0.9034778343175234,0.0,0.0,0.0,0.0,0.0,0.0,0.0,0.0,0.0,0.0,0.0,0.0,0.0,0.35484215053957024,0.0,0.0,0.0,0.0,0.0,0.0,0.0,0.0,0.1718082596881945,0.0,0.0,0.0,0.0,E1
2.0,0.0,7.0,11.0,0.0,0.0,0.0,0.0,0.18300530177572175,0.0,0.0,0.0,0.0,0.0,0.0,0.0,0.0,0.0,0.0,0.0,0.0,0.0,0.0,0.0,0.0,0.0,0.884616891552314,0.0,0.0,0.0,0.0,0.0,0.0,0.0,0.0,0.0,0.0,0.0,0.0,0.0,0.386038321742151,0.0,0.0,0.0,0.0,0.0,0.0,0.0,0.0,0.18691289107175582,0.0,0.0,0.0,0.0,E1
2.0,0.0,7.0,14.0,0.0,0.0,0.0,0.0,0.18300530177572175,0.0,0.0,0.0,0.0,0.0,0.0,0.0,0.0,0.0,0.0,0.0,0.0,0.0,0.0,0.0,0.0,0.0,0.884616891552314,0.0,0.0,0.0,0.0,0.0,0.0,0.0,0.0,0.0,0.0,0.0,0.0,0.0,0.386038321742151,0.0,0.0,0.0,0.0,0.0,0.0,0.0,0.0,0.18691289107175582,0.0,0.0,0.0,0.0,E1
2.0,1.0,7.0,16.0,0.0,0.0,0.0,0.0,0.0768291734180432,0.0,0.0,0.0,0.0,0.0,0.0,0.0,0.3231783304347308,0.0,0.0,0.0,0.3231783304347308,0.0,0.0,0.0,0.0,0.0,0.7427586404343122,0.0,0.0,0.0,0.0,0.0,0.0,0.0,0.0,0.0,0.0,0.0,0.0,0.0,0.0,0.3231783304347308,0.0,0.0,0.0,0.0,0.0,0.0,0.0,0.15693931031373926,0.0,0.0,0.0,0.3231783304347308,E3
2.0,0.0,7.0,21.0,0.0,0.0,0.0,0.0,0.18300530177572175,0.0,0.0,0.0,0.0,0.0,0.0,0.0,0.0,0.0,0.0,0.0,0.0,0.0,0.0,0.0,0.0,0.0,0.884616891552314,0.0,0.0,0.0,0.0,0.0,0.0,0.0,0.0,0.0,0.0,0.0,0.0,0.0,0.386038321742151,0.0,0.0,0.0,0.0,0.0,0.0,0.0,0.0,0.18691289107175582,0.0,0.0,0.0,0.0,E1
2.0,1.0,7.0,21.0,0.0,0.0,0.0,0.0,0.07229371885362076,0.0,0.0,0.0,0.0,0.0,0.0,0.0,0.30410015259312995,0.0,0.0,0.0,0.30410015259312995,0.0,0.0,0.0,0.0,0.0,0.7765682102650805,0.0,0.0,0.0,0.0,0.0,0.0,0.0,0.0,0.0,0.0,0.0,0.0,0.0,0.0,0.30410015259312995,0.0,0.0,0.0,0.0,0.0,0.0,0.0,0.14767471615460706,0.0,0.0,0.0,0.30410015259312995,E3
2.0,1.0,8.0,5.0,0.0,0.0,0.0,0.0,0.0768291734180432,0.0,0.0,0.0,0.0,0.0,0.0,0.0,0.3231783304347308,0.0,0.0,0.0,0.3231783304347308,0.0,0.0,0.0,0.0,0.0,0.7427586404343122,0.0,0.0,0.0,0.0,0.0,0.0,0.0,0.0,0.0,0.0,0.0,0.0,0.0,0.0,0.3231783304347308,0.0,0.0,0.0,0.0,0.0,0.0,0.0,0.15693931031373926,0.0,0.0,0.0,0.3231783304347308,E3
2.0,0.0,8.0,5.0,0.0,0.0,0.0,0.0,0.18300530177572175,0.0,0.0,0.0,0.0,0.0,0.0,0.0,0.0,0.0,0.0,0.0,0.0,0.0,0.0,0.0,0.0,0.0,0.884616891552314,0.0,0.0,0.0,0.0,0.0,0.0,0.0,0.0,0.0,0.0,0.0,0.0,0.0,0.386038321742151,0.0,0.0,0.0,0.0,0.0,0.0,0.0,0.0,0.18691289107175582,0.0,0.0,0.0,0.0,E1
2.0,0.0,8.0,7.0,0.0,0.0,0.0,0.0,0.1682164468780759,0.0,0.0,0.0,0.0,0.0,0.0,0.0,0.0,0.0,0.0,0.0,0.0,0.0,0.0,0.0,0.0,0.0,0.9034778343175234,0.0,0.0,0.0,0.0,0.0,0.0,0.0,0.0,0.0,0.0,0.0,0.0,0.0,0.35484215053957024,0.0,0.0,0.0,0.0,0.0,0.0,0.0,0.0,0.1718082596881945,0.0,0.0,0.0,0.0,E1
2.0,0.0,8.0,7.0,0.0,0.0,0.0,0.0,0.1682164468780759,0.0,0.0,0.0,0.0,0.0,0.0,0.0,0.0,0.0,0.0,0.0,0.0,0.0,0.0,0.0,0.0,0.0,0.9034778343175234,0.0,0.0,0.0,0.0,0.0,0.0,0.0,0.0,0.0,0.0,0.0,0.0,0.0,0.35484215053957024,0.0,0.0,0.0,0.0,0.0,0.0,0.0,0.0,0.1718082596881945,0.0,0.0,0.0,0.0,E1
2.0,0.0,8.0,8.0,0.0,0.0,0.0,0.0,0.18300530177572175,0.0,0.0,0.0,0.0,0.0,0.0,0.0,0.0,0.0,0.0,0.0,0.0,0.0,0.0,0.0,0.0,0.0,0.884616891552314,0.0,0.0,0.0,0.0,0.0,0.0,0.0,0.0,0.0,0.0,0.0,0.0,0.0,0.386038321742151,0.0,0.0,0.0,0.0,0.0,0.0,0.0,0.0,0.18691289107175582,0.0,0.0,0.0,0.0,E1
2.0,1.0,8.0,8.0,0.0,0.0,0.0,0.0,0.07229371885362076,0.0,0.0,0.0,0.0,0.0,0.0,0.0,0.30410015259312995,0.0,0.0,0.0,0.30410015259312995,0.0,0.0,0.0,0.0,0.0,0.7765682102650805,0.0,0.0,0.0,0.0,0.0,0.0,0.0,0.0,0.0,0.0,0.0,0.0,0.0,0.0,0.30410015259312995,0.0,0.0,0.0,0.0,0.0,0.0,0.0,0.14767471615460706,0.0,0.0,0.0,0.30410015259312995,E3
2.0,0.0,8.0,9.0,0.0,0.0,0.0,0.0,0.18300530177572175,0.0,0.0,0.0,0.0,0.0,0.0,0.0,0.0,0.0,0.0,0.0,0.0,0.0,0.0,0.0,0.0,0.0,0.884616891552314,0.0,0.0,0.0,0.0,0.0,0.0,0.0,0.0,0.0,0.0,0.0,0.0,0.0,0.386038321742151,0.0,0.0,0.0,0.0,0.0,0.0,0.0,0.0,0.18691289107175582,0.0,0.0,0.0,0.0,E1
2.0,0.0,8.0,9.0,0.0,0.0,0.0,0.0,0.18300530177572175,0.0,0.0,0.0,0.0,0.0,0.0,0.0,0.0,0.0,0.0,0.0,0.0,0.0,0.0,0.0,0.0,0.0,0.884616891552314,0.0,0.0,0.0,0.0,0.0,0.0,0.0,0.0,0.0,0.0,0.0,0.0,0.0,0.386038321742151,0.0,0.0,0.0,0.0,0.0,0.0,0.0,0.0,0.18691289107175582,0.0,0.0,0.0,0.0,E1
2.0,1.0,8.0,10.0,0.0,0.0,0.0,0.0,0.07229371885362076,0.0,0.0,0.0,0.0,0.0,0.0,0.0,0.30410015259312995,0.0,0.0,0.0,0.30410015259312995,0.0,0.0,0.0,0.0,0.0,0.7765682102650805,0.0,0.0,0.0,0.0,0.0,0.0,0.0,0.0,0.0,0.0,0.0,0.0,0.0,0.0,0.30410015259312995,0.0,0.0,0.0,0.0,0.0,0.0,0.0,0.14767471615460706,0.0,0.0,0.0,0.30410015259312995,E3
2.0,1.0,8.0,10.0,0.0,0.0,0.0,0.0,0.07229371885362076,0.0,0.0,0.0,0.0,0.0,0.0,0.0,0.30410015259312995,0.0,0.0,0.0,0.30410015259312995,0.0,0.0,0.0,0.0,0.0,0.7765682102650805,0.0,0.0,0.0,0.0,0.0,0.0,0.0,0.0,0.0,0.0,0.0,0.0,0.0,0.0,0.30410015259312995,0.0,0.0,0.0,0.0,0.0,0.0,0.0,0.14767471615460706,0.0,0.0,0.0,0.30410015259312995,E3
2.0,1.0,8.0,13.0,0.0,0.0,0.0,0.0,0.0768291734180432,0.0,0.0,0.0,0.0,0.0,0.0,0.0,0.3231783304347308,0.0,0.0,0.0,0.3231783304347308,0.0,0.0,0.0,0.0,0.0,0.7427586404343122,0.0,0.0,0.0,0.0,0.0,0.0,0.0,0.0,0.0,0.0,0.0,0.0,0.0,0.0,0.3231783304347308,0.0,0.0,0.0,0.0,0.0,0.0,0.0,0.15693931031373926,0.0,0.0,0.0,0.3231783304347308,E3
2.0,1.0,8.0,15.0,0.0,0.0,0.0,0.0,0.0768291734180432,0.0,0.0,0.0,0.0,0.0,0.0,0.0,0.3231783304347308,0.0,0.0,0.0,0.3231783304347308,0.0,0.0,0.0,0.0,0.0,0.7427586404343122,0.0,0.0,0.0,0.0,0.0,0.0,0.0,0.0,0.0,0.0,0.0,0.0,0.0,0.0,0.3231783304347308,0.0,0.0,0.0,0.0,0.0,0.0,0.0,0.15693931031373926,0.0,0.0,0.0,0.3231783304347308,E3
2.0,0.0,8.0,16.0,0.0,0.0,0.0,0.0,0.18300530177572175,0.0,0.0,0.0,0.0,0.0,0.0,0.0,0.0,0.0,0.0,0.0,0.0,0.0,0.0,0.0,0.0,0.0,0.884616891552314,0.0,0.0,0.0,0.0,0.0,0.0,0.0,0.0,0.0,0.0,0.0,0.0,0.0,0.386038321742151,0.0,0.0,0.0,0.0,0.0,0.0,0.0,0.0,0.18691289107175582,0.0,0.0,0.0,0.0,E1
2.0,1.0,8.0,16.0,0.0,0.0,0.0,0.0,0.07229371885362076,0.0,0.0,0.0,0.0,0.0,0.0,0.0,0.30410015259312995,0.0,0.0,0.0,0.30410015259312995,0.0,0.0,0.0,0.0,0.0,0.7765682102650805,0.0,0.0,0.0,0.0,0.0,0.0,0.0,0.0,0.0,0.0,0.0,0.0,0.0,0.0,0.30410015259312995,0.0,0.0,0.0,0.0,0.0,0.0,0.0,0.14767471615460706,0.0,0.0,0.0,0.30410015259312995,E3
2.0,1.0,8.0,17.0,0.0,0.0,0.0,0.0,0.07229371885362076,0.0,0.0,0.0,0.0,0.0,0.0,0.0,0.30410015259312995,0.0,0.0,0.0,0.30410015259312995,0.0,0.0,0.0,0.0,0.0,0.7765682102650805,0.0,0.0,0.0,0.0,0.0,0.0,0.0,0.0,0.0,0.0,0.0,0.0,0.0,0.0,0.30410015259312995,0.0,0.0,0.0,0.0,0.0,0.0,0.0,0.14767471615460706,0.0,0.0,0.0,0.30410015259312995,E3
2.0,0.0,8.0,20.0,0.0,0.0,0.0,0.0,0.1682164468780759,0.0,0.0,0.0,0.0,0.0,0.0,0.0,0.0,0.0,0.0,0.0,0.0,0.0,0.0,0.0,0.0,0.0,0.9034778343175234,0.0,0.0,0.0,0.0,0.0,0.0,0.0,0.0,0.0,0.0,0.0,0.0,0.0,0.35484215053957024,0.0,0.0,0.0,0.0,0.0,0.0,0.0,0.0,0.1718082596881945,0.0,0.0,0.0,0.0,E1
2.0,0.0,8.0,20.0,0.0,0.0,0.0,0.0,0.18300530177572175,0.0,0.0,0.0,0.0,0.0,0.0,0.0,0.0,0.0,0.0,0.0,0.0,0.0,0.0,0.0,0.0,0.0,0.884616891552314,0.0,0.0,0.0,0.0,0.0,0.0,0.0,0.0,0.0,0.0,0.0,0.0,0.0,0.386038321742151,0.0,0.0,0.0,0.0,0.0,0.0,0.0,0.0,0.18691289107175582,0.0,0.0,0.0,0.0,E1
2.0,0.0,8.0,24.0,0.0,0.0,0.0,0.0,0.18300530177572175,0.0,0.0,0.0,0.0,0.0,0.0,0.0,0.0,0.0,0.0,0.0,0.0,0.0,0.0,0.0,0.0,0.0,0.884616891552314,0.0,0.0,0.0,0.0,0.0,0.0,0.0,0.0,0.0,0.0,0.0,0.0,0.0,0.386038321742151,0.0,0.0,0.0,0.0,0.0,0.0,0.0,0.0,0.18691289107175582,0.0,0.0,0.0,0.0,E1
2.0,1.0,8.0,27.0,0.0,0.0,0.0,0.0,0.07229371885362076,0.0,0.0,0.0,0.0,0.0,0.0,0.0,0.30410015259312995,0.0,0.0,0.0,0.30410015259312995,0.0,0.0,0.0,0.0,0.0,0.7765682102650805,0.0,0.0,0.0,0.0,0.0,0.0,0.0,0.0,0.0,0.0,0.0,0.0,0.0,0.0,0.30410015259312995,0.0,0.0,0.0,0.0,0.0,0.0,0.0,0.14767471615460706,0.0,0.0,0.0,0.30410015259312995,E3
2.0,1.0,8.0,27.0,0.0,0.0,0.0,0.0,0.07229371885362076,0.0,0.0,0.0,0.0,0.0,0.0,0.0,0.30410015259312995,0.0,0.0,0.0,0.30410015259312995,0.0,0.0,0.0,0.0,0.0,0.7765682102650805,0.0,0.0,0.0,0.0,0.0,0.0,0.0,0.0,0.0,0.0,0.0,0.0,0.0,0.0,0.30410015259312995,0.0,0.0,0.0,0.0,0.0,0.0,0.0,0.14767471615460706,0.0,0.0,0.0,0.30410015259312995,E3
2.0,1.0,8.0,27.0,0.0,0.0,0.0,0.0,0.07229371885362076,0.0,0.0,0.0,0.0,0.0,0.0,0.0,0.30410015259312995,0.0,0.0,0.0,0.30410015259312995,0.0,0.0,0.0,0.0,0.0,0.7765682102650805,0.0,0.0,0.0,0.0,0.0,0.0,0.0,0.0,0.0,0.0,0.0,0.0,0.0,0.0,0.30410015259312995,0.0,0.0,0.0,0.0,0.0,0.0,0.0,0.14767471615460706,0.0,0.0,0.0,0.30410015259312995,E3
2.0,1.0,8.0,29.0,0.0,0.0,0.0,0.0,0.0768291734180432,0.0,0.0,0.0,0.0,0.0,0.0,0.0,0.3231783304347308,0.0,0.0,0.0,0.3231783304347308,0.0,0.0,0.0,0.0,0.0,0.7427586404343122,0.0,0.0,0.0,0.0,0.0,0.0,0.0,0.0,0.0,0.0,0.0,0.0,0.0,0.0,0.3231783304347308,0.0,0.0,0.0,0.0,0.0,0.0,0.0,0.15693931031373926,0.0,0.0,0.0,0.3231783304347308,E3
2.0,1.0,8.0,30.0,0.0,0.0,0.0,0.0,0.07229371885362076,0.0,0.0,0.0,0.0,0.0,0.0,0.0,0.30410015259312995,0.0,0.0,0.0,0.30410015259312995,0.0,0.0,0.0,0.0,0.0,0.7765682102650805,0.0,0.0,0.0,0.0,0.0,0.0,0.0,0.0,0.0,0.0,0.0,0.0,0.0,0.0,0.30410015259312995,0.0,0.0,0.0,0.0,0.0,0.0,0.0,0.14767471615460706,0.0,0.0,0.0,0.30410015259312995,E3
2.0,0.0,8.0,31.0,0.0,0.0,0.0,0.0,0.1682164468780759,0.0,0.0,0.0,0.0,0.0,0.0,0.0,0.0,0.0,0.0,0.0,0.0,0.0,0.0,0.0,0.0,0.0,0.9034778343175234,0.0,0.0,0.0,0.0,0.0,0.0,0.0,0.0,0.0,0.0,0.0,0.0,0.0,0.35484215053957024,0.0,0.0,0.0,0.0,0.0,0.0,0.0,0.0,0.1718082596881945,0.0,0.0,0.0,0.0,E1
2.0,0.0,8.0,32.0,0.0,0.0,0.0,0.0,0.18300530177572175,0.0,0.0,0.0,0.0,0.0,0.0,0.0,0.0,0.0,0.0,0.0,0.0,0.0,0.0,0.0,0.0,0.0,0.884616891552314,0.0,0.0,0.0,0.0,0.0,0.0,0.0,0.0,0.0,0.0,0.0,0.0,0.0,0.386038321742151,0.0,0.0,0.0,0.0,0.0,0.0,0.0,0.0,0.18691289107175582,0.0,0.0,0.0,0.0,E1
2.0,0.0,8.0,33.0,0.0,0.0,0.0,0.0,0.18300530177572175,0.0,0.0,0.0,0.0,0.0,0.0,0.0,0.0,0.0,0.0,0.0,0.0,0.0,0.0,0.0,0.0,0.0,0.884616891552314,0.0,0.0,0.0,0.0,0.0,0.0,0.0,0.0,0.0,0.0,0.0,0.0,0.0,0.386038321742151,0.0,0.0,0.0,0.0,0.0,0.0,0.0,0.0,0.18691289107175582,0.0,0.0,0.0,0.0,E1
0.0,0.0,8.0,34.0,0.0,0.0,0.0,0.0,0.11904505988018863,0.0,0.0,0.0,0.0,0.0,0.0,0.0,0.0,0.0,0.33282230833260856,0.0,0.0,0.0,0.0,0.0,0.0,0.0,0.0,0.0,0.0,0.0,0.0,0.0,0.0,0.0,0.0,0.0,0.0,0.0,0.0,0.0,0.0,0.0,0.0,0.0,0.0,0.0,0.0,0.6614595924144862,0.0,0.0,0.0,0.0,0.6614595924144862,0.0,E14
0.0,0.0,8.0,50.0,0.0,0.0,0.0,0.0,0.11808350202038123,0.0,0.0,0.0,0.0,0.0,0.0,0.0,0.0,0.0,0.3301340161278035,0.0,0.0,0.0,0.0,0.0,0.0,0.0,0.12684351459560828,0.0,0.0,0.0,0.0,0.0,0.0,0.0,0.0,0.0,0.0,0.0,0.0,0.0,0.0,0.0,0.0,0.0,0.0,0.0,0.0,0.6561168115324296,0.0,0.0,0.0,0.0,0.6561168115324296,0.0,E14
0.0,0.0,8.0,59.0,0.0,0.0,0.0,0.0,0.11808350202038123,0.0,0.0,0.0,0.0,0.0,0.0,0.0,0.0,0.0,0.3301340161278035,0.0,0.0,0.0,0.0,0.0,0.0,0.0,0.12684351459560828,0.0,0.0,0.0,0.0,0.0,0.0,0.0,0.0,0.0,0.0,0.0,0.0,0.0,0.0,0.0,0.0,0.0,0.0,0.0,0.0,0.6561168115324296,0.0,0.0,0.0,0.0,0.6561168115324296,0.0,E14
2.0,1.0,9.0,12.0,0.0,0.0,0.0,0.0,0.0768291734180432,0.0,0.0,0.0,0.0,0.0,0.0,0.0,0.3231783304347308,0.0,0.0,0.0,0.3231783304347308,0.0,0.0,0.0,0.0,0.0,0.7427586404343122,0.0,0.0,0.0,0.0,0.0,0.0,0.0,0.0,0.0,0.0,0.0,0.0,0.0,0.0,0.3231783304347308,0.0,0.0,0.0,0.0,0.0,0.0,0.0,0.15693931031373926,0.0,0.0,0.0,0.3231783304347308,E3
2.0,1.0,9.0,15.0,0.0,0.0,0.0,0.0,0.0768291734180432,0.0,0.0,0.0,0.0,0.0,0.0,0.0,0.3231783304347308,0.0,0.0,0.0,0.3231783304347308,0.0,0.0,0.0,0.0,0.0,0.7427586404343122,0.0,0.0,0.0,0.0,0.0,0.0,0.0,0.0,0.0,0.0,0.0,0.0,0.0,0.0,0.3231783304347308,0.0,0.0,0.0,0.0,0.0,0.0,0.0,0.15693931031373926,0.0,0.0,0.0,0.3231783304347308,E3
2.0,1.0,9.0,16.0,0.0,0.0,0.0,0.0,0.0768291734180432,0.0,0.0,0.0,0.0,0.0,0.0,0.0,0.3231783304347308,0.0,0.0,0.0,0.3231783304347308,0.0,0.0,0.0,0.0,0.0,0.7427586404343122,0.0,0.0,0.0,0.0,0.0,0.0,0.0,0.0,0.0,0.0,0.0,0.0,0.0,0.0,0.3231783304347308,0.0,0.0,0.0,0.0,0.0,0.0,0.0,0.15693931031373926,0.0,0.0,0.0,0.3231783304347308,E3
2.0,0.0,9.0,18.0,0.0,0.0,0.0,0.0,0.18300530177572175,0.0,0.0,0.0,0.0,0.0,0.0,0.0,0.0,0.0,0.0,0.0,0.0,0.0,0.0,0.0,0.0,0.0,0.884616891552314,0.0,0.0,0.0,0.0,0.0,0.0,0.0,0.0,0.0,0.0,0.0,0.0,0.0,0.386038321742151,0.0,0.0,0.0,0.0,0.0,0.0,0.0,0.0,0.18691289107175582,0.0,0.0,0.0,0.0,E1
2.0,0.0,9.0,21.0,0.0,0.0,0.0,0.0,0.1682164468780759,0.0,0.0,0.0,0.0,0.0,0.0,0.0,0.0,0.0,0.0,0.0,0.0,0.0,0.0,0.0,0.0,0.0,0.9034778343175234,0.0,0.0,0.0,0.0,0.0,0.0,0.0,0.0,0.0,0.0,0.0,0.0,0.0,0.35484215053957024,0.0,0.0,0.0,0.0,0.0,0.0,0.0,0.0,0.1718082596881945,0.0,0.0,0.0,0.0,E1
2.0,1.0,9.0,21.0,0.0,0.0,0.0,0.0,0.0768291734180432,0.0,0.0,0.0,0.0,0.0,0.0,0.0,0.3231783304347308,0.0,0.0,0.0,0.3231783304347308,0.0,0.0,0.0,0.0,0.0,0.7427586404343122,0.0,0.0,0.0,0.0,0.0,0.0,0.0,0.0,0.0,0.0,0.0,0.0,0.0,0.0,0.3231783304347308,0.0,0.0,0.0,0.0,0.0,0.0,0.0,0.15693931031373926,0.0,0.0,0.0,0.3231783304347308,E3
2.0,0.0,9.0,24.0,0.0,0.0,0.0,0.0,0.18300530177572175,0.0,0.0,0.0,0.0,0.0,0.0,0.0,0.0,0.0,0.0,0.0,0.0,0.0,0.0,0.0,0.0,0.0,0.884616891552314,0.0,0.0,0.0,0.0,0.0,0.0,0.0,0.0,0.0,0.0,0.0,0.0,0.0,0.386038321742151,0.0,0.0,0.0,0.0,0.0,0.0,0.0,0.0,0.18691289107175582,0.0,0.0,0.0,0.0,E1
2.0,0.0,9.0,28.0,0.0,0.0,0.0,0.0,0.18300530177572175,0.0,0.0,0.0,0.0,0.0,0.0,0.0,0.0,0.0,0.0,0.0,0.0,0.0,0.0,0.0,0.0,0.0,0.884616891552314,0.0,0.0,0.0,0.0,0.0,0.0,0.0,0.0,0.0,0.0,0.0,0.0,0.0,0.386038321742151,0.0,0.0,0.0,0.0,0.0,0.0,0.0,0.0,0.18691289107175582,0.0,0.0,0.0,0.0,E1
2.0,1.0,9.0,30.0,0.0,0.0,0.0,0.0,0.07229371885362076,0.0,0.0,0.0,0.0,0.0,0.0,0.0,0.30410015259312995,0.0,0.0,0.0,0.30410015259312995,0.0,0.0,0.0,0.0,0.0,0.7765682102650805,0.0,0.0,0.0,0.0,0.0,0.0,0.0,0.0,0.0,0.0,0.0,0.0,0.0,0.0,0.30410015259312995,0.0,0.0,0.0,0.0,0.0,0.0,0.0,0.14767471615460706,0.0,0.0,0.0,0.30410015259312995,E3
0.0,0.0,9.0,36.0,0.0,0.0,0.0,0.0,0.11904505988018863,0.0,0.0,0.0,0.0,0.0,0.0,0.0,0.0,0.0,0.33282230833260856,0.0,0.0,0.0,0.0,0.0,0.0,0.0,0.0,0.0,0.0,0.0,0.0,0.0,0.0,0.0,0.0,0.0,0.0,0.0,0.0,0.0,0.0,0.0,0.0,0.0,0.0,0.0,0.0,0.6614595924144862,0.0,0.0,0.0,0.0,0.6614595924144862,0.0,E14
2.0,0.0,9.0,38.0,0.0,0.0,0.0,0.0,0.18300530177572175,0.0,0.0,0.0,0.0,0.0,0.0,0.0,0.0,0.0,0.0,0.0,0.0,0.0,0.0,0.0,0.0,0.0,0.884616891552314,0.0,0.0,0.0,0.0,0.0,0.0,0.0,0.0,0.0,0.0,0.0,0.0,0.0,0.386038321742151,0.0,0.0,0.0,0.0,0.0,0.0,0.0,0.0,0.18691289107175582,0.0,0.0,0.0,0.0,E1
2.0,1.0,9.0,40.0,0.0,0.0,0.0,0.0,0.0768291734180432,0.0,0.0,0.0,0.0,0.0,0.0,0.0,0.3231783304347308,0.0,0.0,0.0,0.3231783304347308,0.0,0.0,0.0,0.0,0.0,0.7427586404343122,0.0,0.0,0.0,0.0,0.0,0.0,0.0,0.0,0.0,0.0,0.0,0.0,0.0,0.0,0.3231783304347308,0.0,0.0,0.0,0.0,0.0,0.0,0.0,0.15693931031373926,0.0,0.0,0.0,0.3231783304347308,E3
2.0,0.0,9.0,46.0,0.0,0.0,0.0,0.0,0.1682164468780759,0.0,0.0,0.0,0.0,0.0,0.0,0.0,0.0,0.0,0.0,0.0,0.0,0.0,0.0,0.0,0.0,0.0,0.9034778343175234,0.0,0.0,0.0,0.0,0.0,0.0,0.0,0.0,0.0,0.0,0.0,0.0,0.0,0.35484215053957024,0.0,0.0,0.0,0.0,0.0,0.0,0.0,0.0,0.1718082596881945,0.0,0.0,0.0,0.0,E1
5.0,0.0,10.0,30.0,0.0,0.2428868481176099,0.0,0.0,0.21018365006497722,0.0,0.0,0.0,0.33238685715354443,0.0,0.0,0.0,0.0,0.0,0.0,0.0,0.0,0.0,0.33469666057283937,0.2428868481176099,0.0,0.22256295295351686,0.6773283082383573,0.2468605473900918,0.0,0.0,0.0,0.0,0.0,0.0,0.0,0.0,0.0,0.0,0.0,0.0,0.0,0.0,0.0,0.0,0.0,0.0,0.0,0.0,0.0,0.21467156037809929,0.0,0.0,0.0,0.0,E8
5.0,0.0,10.0,30.0,0.0,0.2428868481176099,0.0,0.0,0.21018365006497722,0.0,0.0,0.0,0.33238685715354443,0.0,0.0,0.0,0.0,0.0,0.0,0.0,0.0,0.0,0.33469666057283937,0.2428868481176099,0.0,0.22256295295351686,0.6773283082383573,0.2468605473900918,0.0,0.0,0.0,0.0,0.0,0.0,0.0,0.0,0.0,0.0,0.0,0.0,0.0,0.0,0.0,0.0,0.0,0.0,0.0,0.0,0.0,0.21467156037809929,0.0,0.0,0.0,0.0,E8
5.0,0.0,10.0,30.0,0.0,0.26193916470232276,0.0,0.0,0.22667069114193747,0.0,0.0,0.0,0.35845965475525166,0.0,0.0,0.0,0.0,0.0,0.0,0.0,0.0,0.0,0.3609506417434961,0.26193916470232276,0.0,0.24002104042330735,0.6087155832170444,0.26622456539930955,0.0,0.0,0.0,0.0,0.0,0.0,0.0,0.0,0.0,0.0,0.0,0.0,0.0,0.0,0.0,0.0,0.0,0.0,0.0,0.0,0.0,0.2315106381699005,0.0,0.0,0.0,0.0,E8
5.0,0.0,10.0,30.0,0.0,0.2428868481176099,0.0,0.0,0.21018365006497722,0.0,0.0,0.0,0.33238685715354443,0.0,0.0,0.0,0.0,0.0,0.0,0.0,0.0,0.0,0.33469666057283937,0.2428868481176099,0.0,0.22256295295351686,0.6773283082383573,0.2468605473900918,0.0,0.0,0.0,0.0,0.0,0.0,0.0,0.0,0.0,0.0,0.0,0.0,0.0,0.0,0.0,0.0,0.0,0.0,0.0,0.0,0.0,0.21467156037809929,0.0,0.0,0.0,0.0,E8
5.0,0.0,10.0,30.0,0.0,0.2428868481176099,0.0,0.0,0.21018365006497722,0.0,0.0,0.0,0.33238685715354443,0.0,0.0,0.0,0.0,0.0,0.0,0.0,0.0,0.0,0.33469666057283937,0.2428868481176099,0.0,0.22256295295351686,0.6773283082383573,0.2468605473900918,0.0,0.0,0.0,0.0,0.0,0.0,0.0,0.0,0.0,0.0,0.0,0.0,0.0,0.0,0.0,0.0,0.0,0.0,0.0,0.0,0.0,0.21467156037809929,0.0,0.0,0.0,0.0,E8
5.0,0.0,10.0,30.0,0.0,0.26193916470232276,0.0,0.0,0.22667069114193747,0.0,0.0,0.0,0.35845965475525166,0.0,0.0,0.0,0.0,0.0,0.0,0.0,0.0,0.0,0.3609506417434961,0.26193916470232276,0.0,0.24002104042330735,0.6087155832170444,0.26622456539930955,0.0,0.0,0.0,0.0,0.0,0.0,0.0,0.0,0.0,0.0,0.0,0.0,0.0,0.0,0.0,0.0,0.0,0.0,0.0,0.0,0.0,0.2315106381699005,0.0,0.0,0.0,0.0,E8
5.0,0.0,10.0,30.0,0.0,0.2428868481176099,0.0,0.0,0.21018365006497722,0.0,0.0,0.0,0.33238685715354443,0.0,0.0,0.0,0.0,0.0,0.0,0.0,0.0,0.0,0.33469666057283937,0.2428868481176099,0.0,0.22256295295351686,0.6773283082383573,0.2468605473900918,0.0,0.0,0.0,0.0,0.0,0.0,0.0,0.0,0.0,0.0,0.0,0.0,0.0,0.0,0.0,0.0,0.0,0.0,0.0,0.0,0.0,0.21467156037809929,0.0,0.0,0.0,0.0,E8
5.0,0.0,10.0,30.0,0.0,0.26193916470232276,0.0,0.0,0.22667069114193747,0.0,0.0,0.0,0.35845965475525166,0.0,0.0,0.0,0.0,0.0,0.0,0.0,0.0,0.0,0.3609506417434961,0.26193916470232276,0.0,0.24002104042330735,0.6087155832170444,0.26622456539930955,0.0,0.0,0.0,0.0,0.0,0.0,0.0,0.0,0.0,0.0,0.0,0.0,0.0,0.0,0.0,0.0,0.0,0.0,0.0,0.0,0.0,0.2315106381699005,0.0,0.0,0.0,0.0,E8
5.0,0.0,10.0,30.0,0.0,0.26193916470232276,0.0,0.0,0.22667069114193747,0.0,0.0,0.0,0.35845965475525166,0.0,0.0,0.0,0.0,0.0,0.0,0.0,0.0,0.0,0.3609506417434961,0.26193916470232276,0.0,0.24002104042330735,0.6087155832170444,0.26622456539930955,0.0,0.0,0.0,0.0,0.0,0.0,0.0,0.0,0.0,0.0,0.0,0.0,0.0,0.0,0.0,0.0,0.0,0.0,0.0,0.0,0.0,0.2315106381699005,0.0,0.0,0.0,0.0,E8
5.0,0.0,10.0,30.0,0.0,0.26193916470232276,0.0,0.0,0.22667069114193747,0.0,0.0,0.0,0.35845965475525166,0.0,0.0,0.0,0.0,0.0,0.0,0.0,0.0,0.0,0.3609506417434961,0.26193916470232276,0.0,0.24002104042330735,0.6087155832170444,0.26622456539930955,0.0,0.0,0.0,0.0,0.0,0.0,0.0,0.0,0.0,0.0,0.0,0.0,0.0,0.0,0.0,0.0,0.0,0.0,0.0,0.0,0.0,0.2315106381699005,0.0,0.0,0.0,0.0,E8
5.0,0.0,10.0,30.0,0.0,0.26193916470232276,0.0,0.0,0.22667069114193747,0.0,0.0,0.0,0.35845965475525166,0.0,0.0,0.0,0.0,0.0,0.0,0.0,0.0,0.0,0.3609506417434961,0.26193916470232276,0.0,0.24002104042330735,0.6087155832170444,0.26622456539930955,0.0,0.0,0.0,0.0,0.0,0.0,0.0,0.0,0.0,0.0,0.0,0.0,0.0,0.0,0.0,0.0,0.0,0.0,0.0,0.0,0.0,0.2315106381699005,0.0,0.0,0.0,0.0,E8
5.0,0.0,10.0,30.0,0.0,0.26193916470232276,0.0,0.0,0.22667069114193747,0.0,0.0,0.0,0.35845965475525166,0.0,0.0,0.0,0.0,0.0,0.0,0.0,0.0,0.0,0.3609506417434961,0.26193916470232276,0.0,0.24002104042330735,0.6087155832170444,0.26622456539930955,0.0,0.0,0.0,0.0,0.0,0.0,0.0,0.0,0.0,0.0,0.0,0.0,0.0,0.0,0.0,0.0,0.0,0.0,0.0,0.0,0.0,0.2315106381699005,0.0,0.0,0.0,0.0,E8
5.0,0.0,10.0,30.0,0.0,0.26193916470232276,0.0,0.0,0.22667069114193747,0.0,0.0,0.0,0.35845965475525166,0.0,0.0,0.0,0.0,0.0,0.0,0.0,0.0,0.0,0.3609506417434961,0.26193916470232276,0.0,0.24002104042330735,0.6087155832170444,0.26622456539930955,0.0,0.0,0.0,0.0,0.0,0.0,0.0,0.0,0.0,0.0,0.0,0.0,0.0,0.0,0.0,0.0,0.0,0.0,0.0,0.0,0.0,0.2315106381699005,0.0,0.0,0.0,0.0,E8
5.0,0.0,10.0,30.0,0.0,0.26193916470232276,0.0,0.0,0.22667069114193747,0.0,0.0,0.0,0.35845965475525166,0.0,0.0,0.0,0.0,0.0,0.0,0.0,0.0,0.0,0.3609506417434961,0.26193916470232276,0.0,0.24002104042330735,0.6087155832170444,0.26622456539930955,0.0,0.0,0.0,0.0,0.0,0.0,0.0,0.0,0.0,0.0,0.0,0.0,0.0,0.0,0.0,0.0,0.0,0.0,0.0,0.0,0.0,0.2315106381699005,0.0,0.0,0.0,0.0,E8
5.0,0.0,10.0,30.0,0.0,0.2428868481176099,0.0,0.0,0.21018365006497722,0.0,0.0,0.0,0.33238685715354443,0.0,0.0,0.0,0.0,0.0,0.0,0.0,0.0,0.0,0.33469666057283937,0.2428868481176099,0.0,0.22256295295351686,0.6773283082383573,0.2468605473900918,0.0,0.0,0.0,0.0,0.0,0.0,0.0,0.0,0.0,0.0,0.0,0.0,0.0,0.0,0.0,0.0,0.0,0.0,0.0,0.0,0.0,0.21467156037809929,0.0,0.0,0.0,0.0,E8
5.0,0.0,10.0,30.0,0.0,0.2428868481176099,0.0,0.0,0.21018365006497722,0.0,0.0,0.0,0.33238685715354443,0.0,0.0,0.0,0.0,0.0,0.0,0.0,0.0,0.0,0.33469666057283937,0.2428868481176099,0.0,0.22256295295351686,0.6773283082383573,0.2468605473900918,0.0,0.0,0.0,0.0,0.0,0.0,0.0,0.0,0.0,0.0,0.0,0.0,0.0,0.0,0.0,0.0,0.0,0.0,0.0,0.0,0.0,0.21467156037809929,0.0,0.0,0.0,0.0,E8
5.0,0.0,10.0,30.0,0.0,0.26193916470232276,0.0,0.0,0.22667069114193747,0.0,0.0,0.0,0.35845965475525166,0.0,0.0,0.0,0.0,0.0,0.0,0.0,0.0,0.0,0.3609506417434961,0.26193916470232276,0.0,0.24002104042330735,0.6087155832170444,0.26622456539930955,0.0,0.0,0.0,0.0,0.0,0.0,0.0,0.0,0.0,0.0,0.0,0.0,0.0,0.0,0.0,0.0,0.0,0.0,0.0,0.0,0.0,0.2315106381699005,0.0,0.0,0.0,0.0,E8
5.0,0.0,10.0,30.0,0.0,0.26193916470232276,0.0,0.0,0.22667069114193747,0.0,0.0,0.0,0.35845965475525166,0.0,0.0,0.0,0.0,0.0,0.0,0.0,0.0,0.0,0.3609506417434961,0.26193916470232276,0.0,0.24002104042330735,0.6087155832170444,0.26622456539930955,0.0,0.0,0.0,0.0,0.0,0.0,0.0,0.0,0.0,0.0,0.0,0.0,0.0,0.0,0.0,0.0,0.0,0.0,0.0,0.0,0.0,0.2315106381699005,0.0,0.0,0.0,0.0,E8
5.0,0.0,10.0,30.0,0.0,0.26193916470232276,0.0,0.0,0.22667069114193747,0.0,0.0,0.0,0.35845965475525166,0.0,0.0,0.0,0.0,0.0,0.0,0.0,0.0,0.0,0.3609506417434961,0.26193916470232276,0.0,0.24002104042330735,0.6087155832170444,0.26622456539930955,0.0,0.0,0.0,0.0,0.0,0.0,0.0,0.0,0.0,0.0,0.0,0.0,0.0,0.0,0.0,0.0,0.0,0.0,0.0,0.0,0.0,0.2315106381699005,0.0,0.0,0.0,0.0,E8
5.0,0.0,10.0,30.0,0.0,0.2428868481176099,0.0,0.0,0.21018365006497722,0.0,0.0,0.0,0.33238685715354443,0.0,0.0,0.0,0.0,0.0,0.0,0.0,0.0,0.0,0.33469666057283937,0.2428868481176099,0.0,0.22256295295351686,0.6773283082383573,0.2468605473900918,0.0,0.0,0.0,0.0,0.0,0.0,0.0,0.0,0.0,0.0,0.0,0.0,0.0,0.0,0.0,0.0,0.0,0.0,0.0,0.0,0.0,0.21467156037809929,0.0,0.0,0.0,0.0,E8
5.0,0.0,10.0,30.0,0.0,0.2428868481176099,0.0,0.0,0.21018365006497722,0.0,0.0,0.0,0.33238685715354443,0.0,0.0,0.0,0.0,0.0,0.0,0.0,0.0,0.0,0.33469666057283937,0.2428868481176099,0.0,0.22256295295351686,0.6773283082383573,0.2468605473900918,0.0,0.0,0.0,0.0,0.0,0.0,0.0,0.0,0.0,0.0,0.0,0.0,0.0,0.0,0.0,0.0,0.0,0.0,0.0,0.0,0.0,0.21467156037809929,0.0,0.0,0.0,0.0,E8
5.0,0.0,10.0,30.0,0.0,0.2428868481176099,0.0,0.0,0.21018365006497722,0.0,0.0,0.0,0.33238685715354443,0.0,0.0,0.0,0.0,0.0,0.0,0.0,0.0,0.0,0.33469666057283937,0.2428868481176099,0.0,0.22256295295351686,0.6773283082383573,0.2468605473900918,0.0,0.0,0.0,0.0,0.0,0.0,0.0,0.0,0.0,0.0,0.0,0.0,0.0,0.0,0.0,0.0,0.0,0.0,0.0,0.0,0.0,0.21467156037809929,0.0,0.0,0.0,0.0,E8
5.0,0.0,10.0,30.0,0.0,0.2428868481176099,0.0,0.0,0.21018365006497722,0.0,0.0,0.0,0.33238685715354443,0.0,0.0,0.0,0.0,0.0,0.0,0.0,0.0,0.0,0.33469666057283937,0.2428868481176099,0.0,0.22256295295351686,0.6773283082383573,0.2468605473900918,0.0,0.0,0.0,0.0,0.0,0.0,0.0,0.0,0.0,0.0,0.0,0.0,0.0,0.0,0.0,0.0,0.0,0.0,0.0,0.0,0.0,0.21467156037809929,0.0,0.0,0.0,0.0,E8
5.0,0.0,10.0,30.0,0.0,0.2428868481176099,0.0,0.0,0.21018365006497722,0.0,0.0,0.0,0.33238685715354443,0.0,0.0,0.0,0.0,0.0,0.0,0.0,0.0,0.0,0.33469666057283937,0.2428868481176099,0.0,0.22256295295351686,0.6773283082383573,0.2468605473900918,0.0,0.0,0.0,0.0,0.0,0.0,0.0,0.0,0.0,0.0,0.0,0.0,0.0,0.0,0.0,0.0,0.0,0.0,0.0,0.0,0.0,0.21467156037809929,0.0,0.0,0.0,0.0,E8
5.0,0.0,10.0,30.0,0.0,0.26193916470232276,0.0,0.0,0.22667069114193747,0.0,0.0,0.0,0.35845965475525166,0.0,0.0,0.0,0.0,0.0,0.0,0.0,0.0,0.0,0.3609506417434961,0.26193916470232276,0.0,0.24002104042330735,0.6087155832170444,0.26622456539930955,0.0,0.0,0.0,0.0,0.0,0.0,0.0,0.0,0.0,0.0,0.0,0.0,0.0,0.0,0.0,0.0,0.0,0.0,0.0,0.0,0.0,0.2315106381699005,0.0,0.0,0.0,0.0,E8
5.0,0.0,10.0,30.0,0.0,0.2428868481176099,0.0,0.0,0.21018365006497722,0.0,0.0,0.0,0.33238685715354443,0.0,0.0,0.0,0.0,0.0,0.0,0.0,0.0,0.0,0.33469666057283937,0.2428868481176099,0.0,0.22256295295351686,0.6773283082383573,0.2468605473900918,0.0,0.0,0.0,0.0,0.0,0.0,0.0,0.0,0.0,0.0,0.0,0.0,0.0,0.0,0.0,0.0,0.0,0.0,0.0,0.0,0.0,0.21467156037809929,0.0,0.0,0.0,0.0,E8
5.0,0.0,10.0,30.0,0.0,0.26193916470232276,0.0,0.0,0.22667069114193747,0.0,0.0,0.0,0.35845965475525166,0.0,0.0,0.0,0.0,0.0,0.0,0.0,0.0,0.0,0.3609506417434961,0.26193916470232276,0.0,0.24002104042330735,0.6087155832170444,0.26622456539930955,0.0,0.0,0.0,0.0,0.0,0.0,0.0,0.0,0.0,0.0,0.0,0.0,0.0,0.0,0.0,0.0,0.0,0.0,0.0,0.0,0.0,0.2315106381699005,0.0,0.0,0.0,0.0,E8
5.0,0.0,10.0,30.0,0.0,0.26193916470232276,0.0,0.0,0.22667069114193747,0.0,0.0,0.0,0.35845965475525166,0.0,0.0,0.0,0.0,0.0,0.0,0.0,0.0,0.0,0.3609506417434961,0.26193916470232276,0.0,0.24002104042330735,0.6087155832170444,0.26622456539930955,0.0,0.0,0.0,0.0,0.0,0.0,0.0,0.0,0.0,0.0,0.0,0.0,0.0,0.0,0.0,0.0,0.0,0.0,0.0,0.0,0.0,0.2315106381699005,0.0,0.0,0.0,0.0,E8
5.0,0.0,10.0,30.0,0.0,0.26193916470232276,0.0,0.0,0.22667069114193747,0.0,0.0,0.0,0.35845965475525166,0.0,0.0,0.0,0.0,0.0,0.0,0.0,0.0,0.0,0.3609506417434961,0.26193916470232276,0.0,0.24002104042330735,0.6087155832170444,0.26622456539930955,0.0,0.0,0.0,0.0,0.0,0.0,0.0,0.0,0.0,0.0,0.0,0.0,0.0,0.0,0.0,0.0,0.0,0.0,0.0,0.0,0.0,0.2315106381699005,0.0,0.0,0.0,0.0,E8
5.0,0.0,10.0,30.0,0.0,0.26193916470232276,0.0,0.0,0.22667069114193747,0.0,0.0,0.0,0.35845965475525166,0.0,0.0,0.0,0.0,0.0,0.0,0.0,0.0,0.0,0.3609506417434961,0.26193916470232276,0.0,0.24002104042330735,0.6087155832170444,0.26622456539930955,0.0,0.0,0.0,0.0,0.0,0.0,0.0,0.0,0.0,0.0,0.0,0.0,0.0,0.0,0.0,0.0,0.0,0.0,0.0,0.0,0.0,0.2315106381699005,0.0,0.0,0.0,0.0,E8
5.0,0.0,10.0,30.0,0.0,0.26193916470232276,0.0,0.0,0.22667069114193747,0.0,0.0,0.0,0.35845965475525166,0.0,0.0,0.0,0.0,0.0,0.0,0.0,0.0,0.0,0.3609506417434961,0.26193916470232276,0.0,0.24002104042330735,0.6087155832170444,0.26622456539930955,0.0,0.0,0.0,0.0,0.0,0.0,0.0,0.0,0.0,0.0,0.0,0.0,0.0,0.0,0.0,0.0,0.0,0.0,0.0,0.0,0.0,0.2315106381699005,0.0,0.0,0.0,0.0,E8
5.0,0.0,10.0,30.0,0.0,0.2428868481176099,0.0,0.0,0.21018365006497722,0.0,0.0,0.0,0.33238685715354443,0.0,0.0,0.0,0.0,0.0,0.0,0.0,0.0,0.0,0.33469666057283937,0.2428868481176099,0.0,0.22256295295351686,0.6773283082383573,0.2468605473900918,0.0,0.0,0.0,0.0,0.0,0.0,0.0,0.0,0.0,0.0,0.0,0.0,0.0,0.0,0.0,0.0,0.0,0.0,0.0,0.0,0.0,0.21467156037809929,0.0,0.0,0.0,0.0,E8
5.0,0.0,10.0,30.0,0.0,0.2428868481176099,0.0,0.0,0.21018365006497722,0.0,0.0,0.0,0.33238685715354443,0.0,0.0,0.0,0.0,0.0,0.0,0.0,0.0,0.0,0.33469666057283937,0.2428868481176099,0.0,0.22256295295351686,0.6773283082383573,0.2468605473900918,0.0,0.0,0.0,0.0,0.0,0.0,0.0,0.0,0.0,0.0,0.0,0.0,0.0,0.0,0.0,0.0,0.0,0.0,0.0,0.0,0.0,0.21467156037809929,0.0,0.0,0.0,0.0,E8
5.0,0.0,10.0,31.0,0.0,0.2428868481176099,0.0,0.0,0.21018365006497722,0.0,0.0,0.0,0.33238685715354443,0.0,0.0,0.0,0.0,0.0,0.0,0.0,0.0,0.0,0.33469666057283937,0.2428868481176099,0.0,0.22256295295351686,0.6773283082383573,0.2468605473900918,0.0,0.0,0.0,0.0,0.0,0.0,0.0,0.0,0.0,0.0,0.0,0.0,0.0,0.0,0.0,0.0,0.0,0.0,0.0,0.0,0.0,0.21467156037809929,0.0,0.0,0.0,0.0,E8
5.0,0.0,10.0,31.0,0.0,0.26193916470232276,0.0,0.0,0.22667069114193747,0.0,0.0,0.0,0.35845965475525166,0.0,0.0,0.0,0.0,0.0,0.0,0.0,0.0,0.0,0.3609506417434961,0.26193916470232276,0.0,0.24002104042330735,0.6087155832170444,0.26622456539930955,0.0,0.0,0.0,0.0,0.0,0.0,0.0,0.0,0.0,0.0,0.0,0.0,0.0,0.0,0.0,0.0,0.0,0.0,0.0,0.0,0.0,0.2315106381699005,0.0,0.0,0.0,0.0,E8
5.0,0.0,10.0,31.0,0.0,0.2428868481176099,0.0,0.0,0.21018365006497722,0.0,0.0,0.0,0.33238685715354443,0.0,0.0,0.0,0.0,0.0,0.0,0.0,0.0,0.0,0.33469666057283937,0.2428868481176099,0.0,0.22256295295351686,0.6773283082383573,0.2468605473900918,0.0,0.0,0.0,0.0,0.0,0.0,0.0,0.0,0.0,0.0,0.0,0.0,0.0,0.0,0.0,0.0,0.0,0.0,0.0,0.0,0.0,0.21467156037809929,0.0,0.0,0.0,0.0,E8
5.0,0.0,10.0,31.0,0.0,0.26193916470232276,0.0,0.0,0.22667069114193747,0.0,0.0,0.0,0.35845965475525166,0.0,0.0,0.0,0.0,0.0,0.0,0.0,0.0,0.0,0.3609506417434961,0.26193916470232276,0.0,0.24002104042330735,0.6087155832170444,0.26622456539930955,0.0,0.0,0.0,0.0,0.0,0.0,0.0,0.0,0.0,0.0,0.0,0.0,0.0,0.0,0.0,0.0,0.0,0.0,0.0,0.0,0.0,0.2315106381699005,0.0,0.0,0.0,0.0,E8
5.0,0.0,10.0,31.0,0.0,0.2428868481176099,0.0,0.0,0.21018365006497722,0.0,0.0,0.0,0.33238685715354443,0.0,0.0,0.0,0.0,0.0,0.0,0.0,0.0,0.0,0.33469666057283937,0.2428868481176099,0.0,0.22256295295351686,0.6773283082383573,0.2468605473900918,0.0,0.0,0.0,0.0,0.0,0.0,0.0,0.0,0.0,0.0,0.0,0.0,0.0,0.0,0.0,0.0,0.0,0.0,0.0,0.0,0.0,0.21467156037809929,0.0,0.0,0.0,0.0,E8
5.0,0.0,10.0,31.0,0.0,0.2428868481176099,0.0,0.0,0.21018365006497722,0.0,0.0,0.0,0.33238685715354443,0.0,0.0,0.0,0.0,0.0,0.0,0.0,0.0,0.0,0.33469666057283937,0.2428868481176099,0.0,0.22256295295351686,0.6773283082383573,0.2468605473900918,0.0,0.0,0.0,0.0,0.0,0.0,0.0,0.0,0.0,0.0,0.0,0.0,0.0,0.0,0.0,0.0,0.0,0.0,0.0,0.0,0.0,0.21467156037809929,0.0,0.0,0.0,0.0,E8
5.0,0.0,10.0,31.0,0.0,0.26193916470232276,0.0,0.0,0.22667069114193747,0.0,0.0,0.0,0.35845965475525166,0.0,0.0,0.0,0.0,0.0,0.0,0.0,0.0,0.0,0.3609506417434961,0.26193916470232276,0.0,0.24002104042330735,0.6087155832170444,0.26622456539930955,0.0,0.0,0.0,0.0,0.0,0.0,0.0,0.0,0.0,0.0,0.0,0.0,0.0,0.0,0.0,0.0,0.0,0.0,0.0,0.0,0.0,0.2315106381699005,0.0,0.0,0.0,0.0,E8
5.0,0.0,10.0,31.0,0.0,0.26193916470232276,0.0,0.0,0.22667069114193747,0.0,0.0,0.0,0.35845965475525166,0.0,0.0,0.0,0.0,0.0,0.0,0.0,0.0,0.0,0.3609506417434961,0.26193916470232276,0.0,0.24002104042330735,0.6087155832170444,0.26622456539930955,0.0,0.0,0.0,0.0,0.0,0.0,0.0,0.0,0.0,0.0,0.0,0.0,0.0,0.0,0.0,0.0,0.0,0.0,0.0,0.0,0.0,0.2315106381699005,0.0,0.0,0.0,0.0,E8
5.0,0.0,10.0,31.0,0.0,0.26193916470232276,0.0,0.0,0.22667069114193747,0.0,0.0,0.0,0.35845965475525166,0.0,0.0,0.0,0.0,0.0,0.0,0.0,0.0,0.0,0.3609506417434961,0.26193916470232276,0.0,0.24002104042330735,0.6087155832170444,0.26622456539930955,0.0,0.0,0.0,0.0,0.0,0.0,0.0,0.0,0.0,0.0,0.0,0.0,0.0,0.0,0.0,0.0,0.0,0.0,0.0,0.0,0.0,0.2315106381699005,0.0,0.0,0.0,0.0,E8
5.0,0.0,10.0,31.0,0.0,0.26193916470232276,0.0,0.0,0.22667069114193747,0.0,0.0,0.0,0.35845965475525166,0.0,0.0,0.0,0.0,0.0,0.0,0.0,0.0,0.0,0.3609506417434961,0.26193916470232276,0.0,0.24002104042330735,0.6087155832170444,0.26622456539930955,0.0,0.0,0.0,0.0,0.0,0.0,0.0,0.0,0.0,0.0,0.0,0.0,0.0,0.0,0.0,0.0,0.0,0.0,0.0,0.0,0.0,0.2315106381699005,0.0,0.0,0.0,0.0,E8
5.0,0.0,10.0,31.0,0.0,0.26193916470232276,0.0,0.0,0.22667069114193747,0.0,0.0,0.0,0.35845965475525166,0.0,0.0,0.0,0.0,0.0,0.0,0.0,0.0,0.0,0.3609506417434961,0.26193916470232276,0.0,0.24002104042330735,0.6087155832170444,0.26622456539930955,0.0,0.0,0.0,0.0,0.0,0.0,0.0,0.0,0.0,0.0,0.0,0.0,0.0,0.0,0.0,0.0,0.0,0.0,0.0,0.0,0.0,0.2315106381699005,0.0,0.0,0.0,0.0,E8
5.0,0.0,10.0,31.0,0.0,0.2428868481176099,0.0,0.0,0.21018365006497722,0.0,0.0,0.0,0.33238685715354443,0.0,0.0,0.0,0.0,0.0,0.0,0.0,0.0,0.0,0.33469666057283937,0.2428868481176099,0.0,0.22256295295351686,0.6773283082383573,0.2468605473900918,0.0,0.0,0.0,0.0,0.0,0.0,0.0,0.0,0.0,0.0,0.0,0.0,0.0,0.0,0.0,0.0,0.0,0.0,0.0,0.0,0.0,0.21467156037809929,0.0,0.0,0.0,0.0,E8
5.0,0.0,10.0,31.0,0.0,0.2428868481176099,0.0,0.0,0.21018365006497722,0.0,0.0,0.0,0.33238685715354443,0.0,0.0,0.0,0.0,0.0,0.0,0.0,0.0,0.0,0.33469666057283937,0.2428868481176099,0.0,0.22256295295351686,0.6773283082383573,0.2468605473900918,0.0,0.0,0.0,0.0,0.0,0.0,0.0,0.0,0.0,0.0,0.0,0.0,0.0,0.0,0.0,0.0,0.0,0.0,0.0,0.0,0.0,0.21467156037809929,0.0,0.0,0.0,0.0,E8
5.0,0.0,10.0,31.0,0.0,0.2428868481176099,0.0,0.0,0.21018365006497722,0.0,0.0,0.0,0.33238685715354443,0.0,0.0,0.0,0.0,0.0,0.0,0.0,0.0,0.0,0.33469666057283937,0.2428868481176099,0.0,0.22256295295351686,0.6773283082383573,0.2468605473900918,0.0,0.0,0.0,0.0,0.0,0.0,0.0,0.0,0.0,0.0,0.0,0.0,0.0,0.0,0.0,0.0,0.0,0.0,0.0,0.0,0.0,0.21467156037809929,0.0,0.0,0.0,0.0,E8
5.0,0.0,10.0,31.0,0.0,0.26193916470232276,0.0,0.0,0.22667069114193747,0.0,0.0,0.0,0.35845965475525166,0.0,0.0,0.0,0.0,0.0,0.0,0.0,0.0,0.0,0.3609506417434961,0.26193916470232276,0.0,0.24002104042330735,0.6087155832170444,0.26622456539930955,0.0,0.0,0.0,0.0,0.0,0.0,0.0,0.0,0.0,0.0,0.0,0.0,0.0,0.0,0.0,0.0,0.0,0.0,0.0,0.0,0.0,0.2315106381699005,0.0,0.0,0.0,0.0,E8
5.0,0.0,10.0,31.0,0.0,0.26193916470232276,0.0,0.0,0.22667069114193747,0.0,0.0,0.0,0.35845965475525166,0.0,0.0,0.0,0.0,0.0,0.0,0.0,0.0,0.0,0.3609506417434961,0.26193916470232276,0.0,0.24002104042330735,0.6087155832170444,0.26622456539930955,0.0,0.0,0.0,0.0,0.0,0.0,0.0,0.0,0.0,0.0,0.0,0.0,0.0,0.0,0.0,0.0,0.0,0.0,0.0,0.0,0.0,0.2315106381699005,0.0,0.0,0.0,0.0,E8
5.0,0.0,10.0,31.0,0.0,0.2428868481176099,0.0,0.0,0.21018365006497722,0.0,0.0,0.0,0.33238685715354443,0.0,0.0,0.0,0.0,0.0,0.0,0.0,0.0,0.0,0.33469666057283937,0.2428868481176099,0.0,0.22256295295351686,0.6773283082383573,0.2468605473900918,0.0,0.0,0.0,0.0,0.0,0.0,0.0,0.0,0.0,0.0,0.0,0.0,0.0,0.0,0.0,0.0,0.0,0.0,0.0,0.0,0.0,0.21467156037809929,0.0,0.0,0.0,0.0,E8
5.0,0.0,10.0,31.0,0.0,0.2428868481176099,0.0,0.0,0.21018365006497722,0.0,0.0,0.0,0.33238685715354443,0.0,0.0,0.0,0.0,0.0,0.0,0.0,0.0,0.0,0.33469666057283937,0.2428868481176099,0.0,0.22256295295351686,0.6773283082383573,0.2468605473900918,0.0,0.0,0.0,0.0,0.0,0.0,0.0,0.0,0.0,0.0,0.0,0.0,0.0,0.0,0.0,0.0,0.0,0.0,0.0,0.0,0.0,0.21467156037809929,0.0,0.0,0.0,0.0,E8
5.0,0.0,10.0,31.0,0.0,0.2428868481176099,0.0,0.0,0.21018365006497722,0.0,0.0,0.0,0.33238685715354443,0.0,0.0,0.0,0.0,0.0,0.0,0.0,0.0,0.0,0.33469666057283937,0.2428868481176099,0.0,0.22256295295351686,0.6773283082383573,0.2468605473900918,0.0,0.0,0.0,0.0,0.0,0.0,0.0,0.0,0.0,0.0,0.0,0.0,0.0,0.0,0.0,0.0,0.0,0.0,0.0,0.0,0.0,0.21467156037809929,0.0,0.0,0.0,0.0,E8
5.0,0.0,10.0,31.0,0.0,0.26193916470232276,0.0,0.0,0.22667069114193747,0.0,0.0,0.0,0.35845965475525166,0.0,0.0,0.0,0.0,0.0,0.0,0.0,0.0,0.0,0.3609506417434961,0.26193916470232276,0.0,0.24002104042330735,0.6087155832170444,0.26622456539930955,0.0,0.0,0.0,0.0,0.0,0.0,0.0,0.0,0.0,0.0,0.0,0.0,0.0,0.0,0.0,0.0,0.0,0.0,0.0,0.0,0.0,0.2315106381699005,0.0,0.0,0.0,0.0,E8
5.0,0.0,10.0,31.0,0.0,0.2428868481176099,0.0,0.0,0.21018365006497722,0.0,0.0,0.0,0.33238685715354443,0.0,0.0,0.0,0.0,0.0,0.0,0.0,0.0,0.0,0.33469666057283937,0.2428868481176099,0.0,0.22256295295351686,0.6773283082383573,0.2468605473900918,0.0,0.0,0.0,0.0,0.0,0.0,0.0,0.0,0.0,0.0,0.0,0.0,0.0,0.0,0.0,0.0,0.0,0.0,0.0,0.0,0.0,0.21467156037809929,0.0,0.0,0.0,0.0,E8
5.0,0.0,10.0,31.0,0.0,0.2428868481176099,0.0,0.0,0.21018365006497722,0.0,0.0,0.0,0.33238685715354443,0.0,0.0,0.0,0.0,0.0,0.0,0.0,0.0,0.0,0.33469666057283937,0.2428868481176099,0.0,0.22256295295351686,0.6773283082383573,0.2468605473900918,0.0,0.0,0.0,0.0,0.0,0.0,0.0,0.0,0.0,0.0,0.0,0.0,0.0,0.0,0.0,0.0,0.0,0.0,0.0,0.0,0.0,0.21467156037809929,0.0,0.0,0.0,0.0,E8
5.0,0.0,10.0,31.0,0.0,0.2428868481176099,0.0,0.0,0.21018365006497722,0.0,0.0,0.0,0.33238685715354443,0.0,0.0,0.0,0.0,0.0,0.0,0.0,0.0,0.0,0.33469666057283937,0.2428868481176099,0.0,0.22256295295351686,0.6773283082383573,0.2468605473900918,0.0,0.0,0.0,0.0,0.0,0.0,0.0,0.0,0.0,0.0,0.0,0.0,0.0,0.0,0.0,0.0,0.0,0.0,0.0,0.0,0.0,0.21467156037809929,0.0,0.0,0.0,0.0,E8
5.0,0.0,10.0,31.0,0.0,0.2428868481176099,0.0,0.0,0.21018365006497722,0.0,0.0,0.0,0.33238685715354443,0.0,0.0,0.0,0.0,0.0,0.0,0.0,0.0,0.0,0.33469666057283937,0.2428868481176099,0.0,0.22256295295351686,0.6773283082383573,0.2468605473900918,0.0,0.0,0.0,0.0,0.0,0.0,0.0,0.0,0.0,0.0,0.0,0.0,0.0,0.0,0.0,0.0,0.0,0.0,0.0,0.0,0.0,0.21467156037809929,0.0,0.0,0.0,0.0,E8
5.0,0.0,10.0,31.0,0.0,0.26193916470232276,0.0,0.0,0.22667069114193747,0.0,0.0,0.0,0.35845965475525166,0.0,0.0,0.0,0.0,0.0,0.0,0.0,0.0,0.0,0.3609506417434961,0.26193916470232276,0.0,0.24002104042330735,0.6087155832170444,0.26622456539930955,0.0,0.0,0.0,0.0,0.0,0.0,0.0,0.0,0.0,0.0,0.0,0.0,0.0,0.0,0.0,0.0,0.0,0.0,0.0,0.0,0.0,0.2315106381699005,0.0,0.0,0.0,0.0,E8
5.0,0.0,10.0,31.0,0.0,0.26193916470232276,0.0,0.0,0.22667069114193747,0.0,0.0,0.0,0.35845965475525166,0.0,0.0,0.0,0.0,0.0,0.0,0.0,0.0,0.0,0.3609506417434961,0.26193916470232276,0.0,0.24002104042330735,0.6087155832170444,0.26622456539930955,0.0,0.0,0.0,0.0,0.0,0.0,0.0,0.0,0.0,0.0,0.0,0.0,0.0,0.0,0.0,0.0,0.0,0.0,0.0,0.0,0.0,0.2315106381699005,0.0,0.0,0.0,0.0,E8
5.0,0.0,10.0,31.0,0.0,0.2428868481176099,0.0,0.0,0.21018365006497722,0.0,0.0,0.0,0.33238685715354443,0.0,0.0,0.0,0.0,0.0,0.0,0.0,0.0,0.0,0.33469666057283937,0.2428868481176099,0.0,0.22256295295351686,0.6773283082383573,0.2468605473900918,0.0,0.0,0.0,0.0,0.0,0.0,0.0,0.0,0.0,0.0,0.0,0.0,0.0,0.0,0.0,0.0,0.0,0.0,0.0,0.0,0.0,0.21467156037809929,0.0,0.0,0.0,0.0,E8
5.0,0.0,10.0,31.0,0.0,0.26193916470232276,0.0,0.0,0.22667069114193747,0.0,0.0,0.0,0.35845965475525166,0.0,0.0,0.0,0.0,0.0,0.0,0.0,0.0,0.0,0.3609506417434961,0.26193916470232276,0.0,0.24002104042330735,0.6087155832170444,0.26622456539930955,0.0,0.0,0.0,0.0,0.0,0.0,0.0,0.0,0.0,0.0,0.0,0.0,0.0,0.0,0.0,0.0,0.0,0.0,0.0,0.0,0.0,0.2315106381699005,0.0,0.0,0.0,0.0,E8
5.0,0.0,10.0,31.0,0.0,0.2428868481176099,0.0,0.0,0.21018365006497722,0.0,0.0,0.0,0.33238685715354443,0.0,0.0,0.0,0.0,0.0,0.0,0.0,0.0,0.0,0.33469666057283937,0.2428868481176099,0.0,0.22256295295351686,0.6773283082383573,0.2468605473900918,0.0,0.0,0.0,0.0,0.0,0.0,0.0,0.0,0.0,0.0,0.0,0.0,0.0,0.0,0.0,0.0,0.0,0.0,0.0,0.0,0.0,0.21467156037809929,0.0,0.0,0.0,0.0,E8
5.0,0.0,10.0,31.0,0.0,0.2428868481176099,0.0,0.0,0.21018365006497722,0.0,0.0,0.0,0.33238685715354443,0.0,0.0,0.0,0.0,0.0,0.0,0.0,0.0,0.0,0.33469666057283937,0.2428868481176099,0.0,0.22256295295351686,0.6773283082383573,0.2468605473900918,0.0,0.0,0.0,0.0,0.0,0.0,0.0,0.0,0.0,0.0,0.0,0.0,0.0,0.0,0.0,0.0,0.0,0.0,0.0,0.0,0.0,0.21467156037809929,0.0,0.0,0.0,0.0,E8
5.0,0.0,10.0,31.0,0.0,0.26193916470232276,0.0,0.0,0.22667069114193747,0.0,0.0,0.0,0.35845965475525166,0.0,0.0,0.0,0.0,0.0,0.0,0.0,0.0,0.0,0.3609506417434961,0.26193916470232276,0.0,0.24002104042330735,0.6087155832170444,0.26622456539930955,0.0,0.0,0.0,0.0,0.0,0.0,0.0,0.0,0.0,0.0,0.0,0.0,0.0,0.0,0.0,0.0,0.0,0.0,0.0,0.0,0.0,0.2315106381699005,0.0,0.0,0.0,0.0,E8
4.0,0.0,10.0,32.0,0.0,0.0,0.0,0.0,0.3509974905653215,0.0,0.3539170123906868,0.3539170123906868,0.0,0.3539170123906868,0.0,0.3539170123906868,0.0,0.3539170123906868,0.0,0.0,0.0,0.3539170123906868,0.0,0.0,0.3539170123906868,0.0,0.0,0.0,0.0,0.0,0.0,0.0,0.0,0.0,0.0,0.0,0.0,0.0,0.0,0.0,0.0,0.0,0.0,0.0,0.0,0.0,0.0,0.0,0.0,0.0,0.0,0.0,0.0,0.0,E9
3.0,0.0,10.0,32.0,0.0,0.0,0.0,0.0,0.23428947065061007,0.0,0.0,0.0,0.0,0.0,0.0,0.0,0.0,0.0,0.0,0.3421481252964706,0.0,0.0,0.0,0.0,0.0,0.0,0.7550106335330056,0.2751728165091075,0.0,0.0,0.0,0.0,0.0,0.0,0.0,0.0,0.0,0.34135121926186185,0.0,0.0,0.0,0.0,0.2564396882569906,0.0,0.0,0.0,0.0,0.0,0.0,0.0,0.0,0.0,0.0,0.0,E11
4.0,0.0,10.0,32.0,0.0,0.0,0.0,0.0,0.34040857727446816,0.0,0.34324002279077004,0.34324002279077004,0.0,0.34324002279077004,0.0,0.34324002279077004,0.0,0.34324002279077004,0.0,0.0,0.0,0.34324002279077004,0.0,0.0,0.34324002279077004,0.0,0.24377450194824343,0.0,0.0,0.0,0.0,0.0,0.0,0.0,0.0,0.0,0.0,0.0,0.0,0.0,0.0,0.0,0.0,0.0,0.0,0.0,0.0,0.0,0.0,0.0,0.0,0.0,0.0,0.0,E9
4.0,0.0,10.0,33.0,0.0,0.0,0.0,0.0,0.34040857727446816,0.0,0.34324002279077004,0.34324002279077004,0.0,0.34324002279077004,0.0,0.34324002279077004,0.0,0.34324002279077004,0.0,0.0,0.0,0.34324002279077004,0.0,0.0,0.34324002279077004,0.0,0.24377450194824343,0.0,0.0,0.0,0.0,0.0,0.0,0.0,0.0,0.0,0.0,0.0,0.0,0.0,0.0,0.0,0.0,0.0,0.0,0.0,0.0,0.0,0.0,0.0,0.0,0.0,0.0,0.0,E9
4.0,0.0,10.0,33.0,0.0,0.0,0.0,0.0,0.34040857727446816,0.0,0.34324002279077004,0.34324002279077004,0.0,0.34324002279077004,0.0,0.34324002279077004,0.0,0.34324002279077004,0.0,0.0,0.0,0.34324002279077004,0.0,0.0,0.34324002279077004,0.0,0.24377450194824343,0.0,0.0,0.0,0.0,0.0,0.0,0.0,0.0,0.0,0.0,0.0,0.0,0.0,0.0,0.0,0.0,0.0,0.0,0.0,0.0,0.0,0.0,0.0,0.0,0.0,0.0,0.0,E9
4.0,0.0,10.0,33.0,0.0,0.0,0.0,0.0,0.34040857727446816,0.0,0.34324002279077004,0.34324002279077004,0.0,0.34324002279077004,0.0,0.34324002279077004,0.0,0.34324002279077004,0.0,0.0,0.0,0.34324002279077004,0.0,0.0,0.34324002279077004,0.0,0.24377450194824343,0.0,0.0,0.0,0.0,0.0,0.0,0.0,0.0,0.0,0.0,0.0,0.0,0.0,0.0,0.0,0.0,0.0,0.0,0.0,0.0,0.0,0.0,0.0,0.0,0.0,0.0,0.0,E9
4.0,0.0,10.0,33.0,0.0,0.0,0.0,0.0,0.3509974905653215,0.0,0.3539170123906868,0.3539170123906868,0.0,0.3539170123906868,0.0,0.3539170123906868,0.0,0.3539170123906868,0.0,0.0,0.0,0.3539170123906868,0.0,0.0,0.3539170123906868,0.0,0.0,0.0,0.0,0.0,0.0,0.0,0.0,0.0,0.0,0.0,0.0,0.0,0.0,0.0,0.0,0.0,0.0,0.0,0.0,0.0,0.0,0.0,0.0,0.0,0.0,0.0,0.0,0.0,E9
4.0,0.0,10.0,33.0,0.0,0.0,0.0,0.0,0.34040857727446816,0.0,0.34324002279077004,0.34324002279077004,0.0,0.34324002279077004,0.0,0.34324002279077004,0.0,0.34324002279077004,0.0,0.0,0.0,0.34324002279077004,0.0,0.0,0.34324002279077004,0.0,0.24377450194824343,0.0,0.0,0.0,0.0,0.0,0.0,0.0,0.0,0.0,0.0,0.0,0.0,0.0,0.0,0.0,0.0,0.0,0.0,0.0,0.0,0.0,0.0,0.0,0.0,0.0,0.0,0.0,E9
3.0,0.0,10.0,33.0,0.0,0.0,0.0,0.0,0.2578159997202256,0.0,0.0,0.0,0.0,0.0,0.0,0.0,0.0,0.0,0.0,0.37650544316290596,0.0,0.0,0.0,0.0,0.0,0.0,0.6923551335276573,0.30280470815490756,0.0,0.0,0.0,0.0,0.0,0.0,0.0,0.0,0.0,0.37562851461197616,0.0,0.0,0.0,0.0,0.2821904646944785,0.0,0.0,0.0,0.0,0.0,0.0,0.0,0.0,0.0,0.0,0.0,E11
4.0,0.0,10.0,33.0,0.0,0.0,0.0,0.0,0.34040857727446816,0.0,0.34324002279077004,0.34324002279077004,0.0,0.34324002279077004,0.0,0.34324002279077004,0.0,0.34324002279077004,0.0,0.0,0.0,0.34324002279077004,0.0,0.0,0.34324002279077004,0.0,0.24377450194824343,0.0,0.0,0.0,0.0,0.0,0.0,0.0,0.0,0.0,0.0,0.0,0.0,0.0,0.0,0.0,0.0,0.0,0.0,0.0,0.0,0.0,0.0,0.0,0.0,0.0,0.0,0.0,E9
3.0,0.0,10.0,33.0,0.0,0.0,0.0,0.0,0.34939103204185995,0.0,0.0,0.0,0.0,0.0,0.0,0.0,0.0,0.0,0.48840804444937863,0.0,0.0,0.0,0.0,0.0,0.0,0.0,0.37531057018216657,0.0,0.4992621880111665,0.0,0.0,0.0,0.0,0.0,0.0,0.0,0.0,0.0,0.0,0.0,0.0,0.0,0.0,0.0,0.0,0.0,0.0,0.0,0.4992621880111665,0.0,0.0,0.0,0.0,0.0,E10
5.0,0.0,10.0,33.0,0.34964175913330614,0.0,0.0,0.34964175913330614,0.18175897080247522,0.0,0.0,0.0,0.0,0.0,0.0,0.0,0.0,0.0,0.0,0.0,0.0,0.0,0.0,0.0,0.0,0.19246412960801257,0.19524274154646273,0.0,0.0,0.34964175913330614,0.529674153202997,0.0,0.0,0.0,0.0,0.0,0.0,0.0,0.0,0.34964175913330614,0.0,0.0,0.0,0.0,0.0,0.0,0.0,0.0,0.0,0.0,0.0,0.34964175913330614,0.0,0.0,E7
4.0,0.0,10.0,33.0,0.0,0.0,0.0,0.0,0.34040857727446816,0.0,0.34324002279077004,0.34324002279077004,0.0,0.34324002279077004,0.0,0.34324002279077004,0.0,0.34324002279077004,0.0,0.0,0.0,0.34324002279077004,0.0,0.0,0.34324002279077004,0.0,0.24377450194824343,0.0,0.0,0.0,0.0,0.0,0.0,0.0,0.0,0.0,0.0,0.0,0.0,0.0,0.0,0.0,0.0,0.0,0.0,0.0,0.0,0.0,0.0,0.0,0.0,0.0,0.0,0.0,E9
4.0,0.0,10.0,33.0,0.0,0.0,0.0,0.0,0.34040857727446816,0.0,0.34324002279077004,0.34324002279077004,0.0,0.34324002279077004,0.0,0.34324002279077004,0.0,0.34324002279077004,0.0,0.0,0.0,0.34324002279077004,0.0,0.0,0.34324002279077004,0.0,0.24377450194824343,0.0,0.0,0.0,0.0,0.0,0.0,0.0,0.0,0.0,0.0,0.0,0.0,0.0,0.0,0.0,0.0,0.0,0.0,0.0,0.0,0.0,0.0,0.0,0.0,0.0,0.0,0.0,E9
4.0,0.0,10.0,33.0,0.0,0.0,0.0,0.0,0.34040857727446816,0.0,0.34324002279077004,0.34324002279077004,0.0,0.34324002279077004,0.0,0.34324002279077004,0.0,0.34324002279077004,0.0,0.0,0.0,0.34324002279077004,0.0,0.0,0.34324002279077004,0.0,0.24377450194824343,0.0,0.0,0.0,0.0,0.0,0.0,0.0,0.0,0.0,0.0,0.0,0.0,0.0,0.0,0.0,0.0,0.0,0.0,0.0,0.0,0.0,0.0,0.0,0.0,0.0,0.0,0.0,E9
4.0,0.0,10.0,33.0,0.0,0.0,0.0,0.0,0.34040857727446816,0.0,0.34324002279077004,0.34324002279077004,0.0,0.34324002279077004,0.0,0.34324002279077004,0.0,0.34324002279077004,0.0,0.0,0.0,0.34324002279077004,0.0,0.0,0.34324002279077004,0.0,0.24377450194824343,0.0,0.0,0.0,0.0,0.0,0.0,0.0,0.0,0.0,0.0,0.0,0.0,0.0,0.0,0.0,0.0,0.0,0.0,0.0,0.0,0.0,0.0,0.0,0.0,0.0,0.0,0.0,E9
4.0,0.0,10.0,34.0,0.0,0.0,0.0,0.0,0.34040857727446816,0.0,0.34324002279077004,0.34324002279077004,0.0,0.34324002279077004,0.0,0.34324002279077004,0.0,0.34324002279077004,0.0,0.0,0.0,0.34324002279077004,0.0,0.0,0.34324002279077004,0.0,0.24377450194824343,0.0,0.0,0.0,0.0,0.0,0.0,0.0,0.0,0.0,0.0,0.0,0.0,0.0,0.0,0.0,0.0,0.0,0.0,0.0,0.0,0.0,0.0,0.0,0.0,0.0,0.0,0.0,E9
4.0,0.0,10.0,34.0,0.0,0.0,0.0,0.0,0.34040857727446816,0.0,0.34324002279077004,0.34324002279077004,0.0,0.34324002279077004,0.0,0.34324002279077004,0.0,0.34324002279077004,0.0,0.0,0.0,0.34324002279077004,0.0,0.0,0.34324002279077004,0.0,0.24377450194824343,0.0,0.0,0.0,0.0,0.0,0.0,0.0,0.0,0.0,0.0,0.0,0.0,0.0,0.0,0.0,0.0,0.0,0.0,0.0,0.0,0.0,0.0,0.0,0.0,0.0,0.0,0.0,E9
3.0,0.0,10.0,34.0,0.0,0.0,0.0,0.0,0.2578159997202256,0.0,0.0,0.0,0.0,0.0,0.0,0.0,0.0,0.0,0.0,0.37650544316290596,0.0,0.0,0.0,0.0,0.0,0.0,0.6923551335276573,0.30280470815490756,0.0,0.0,0.0,0.0,0.0,0.0,0.0,0.0,0.0,0.37562851461197616,0.0,0.0,0.0,0.0,0.2821904646944785,0.0,0.0,0.0,0.0,0.0,0.0,0.0,0.0,0.0,0.0,0.0,E11
4.0,0.0,10.0,34.0,0.0,0.0,0.0,0.0,0.2753858782225747,0.0,0.27767647887779107,0.27767647887779107,0.0,0.27767647887779107,0.0,0.27767647887779107,0.0,0.27767647887779107,0.0,0.0,0.0,0.27767647887779107,0.0,0.0,0.27767647887779107,0.0,0.19721023437420568,0.0,0.0,0.0,0.0,0.0,0.0,0.0,0.0,0.0,0.0,0.0,0.0,0.0,0.0,0.0,0.0,0.0,0.5878274858152464,0.0,0.0,0.0,0.0,0.0,0.0,0.0,0.0,0.0,E9
4.0,0.0,10.0,34.0,0.0,0.0,0.0,0.0,0.34040857727446816,0.0,0.34324002279077004,0.34324002279077004,0.0,0.34324002279077004,0.0,0.34324002279077004,0.0,0.34324002279077004,0.0,0.0,0.0,0.34324002279077004,0.0,0.0,0.34324002279077004,0.0,0.24377450194824343,0.0,0.0,0.0,0.0,0.0,0.0,0.0,0.0,0.0,0.0,0.0,0.0,0.0,0.0,0.0,0.0,0.0,0.0,0.0,0.0,0.0,0.0,0.0,0.0,0.0,0.0,0.0,E9
4.0,0.0,10.0,34.0,0.0,0.0,0.0,0.0,0.34040857727446816,0.0,0.34324002279077004,0.34324002279077004,0.0,0.34324002279077004,0.0,0.34324002279077004,0.0,0.34324002279077004,0.0,0.0,0.0,0.34324002279077004,0.0,0.0,0.34324002279077004,0.0,0.24377450194824343,0.0,0.0,0.0,0.0,0.0,0.0,0.0,0.0,0.0,0.0,0.0,0.0,0.0,0.0,0.0,0.0,0.0,0.0,0.0,0.0,0.0,0.0,0.0,0.0,0.0,0.0,0.0,E9
4.0,0.0,10.0,34.0,0.0,0.0,0.0,0.0,0.34040857727446816,0.0,0.34324002279077004,0.34324002279077004,0.0,0.34324002279077004,0.0,0.34324002279077004,0.0,0.34324002279077004,0.0,0.0,0.0,0.34324002279077004,0.0,0.0,0.34324002279077004,0.0,0.24377450194824343,0.0,0.0,0.0,0.0,0.0,0.0,0.0,0.0,0.0,0.0,0.0,0.0,0.0,0.0,0.0,0.0,0.0,0.0,0.0,0.0,0.0,0.0,0.0,0.0,0.0,0.0,0.0,E9
4.0,0.0,10.0,34.0,0.0,0.0,0.0,0.0,0.34040857727446816,0.0,0.34324002279077004,0.34324002279077004,0.0,0.34324002279077004,0.0,0.34324002279077004,0.0,0.34324002279077004,0.0,0.0,0.0,0.34324002279077004,0.0,0.0,0.34324002279077004,0.0,0.24377450194824343,0.0,0.0,0.0,0.0,0.0,0.0,0.0,0.0,0.0,0.0,0.0,0.0,0.0,0.0,0.0,0.0,0.0,0.0,0.0,0.0,0.0,0.0,0.0,0.0,0.0,0.0,0.0,E9
4.0,0.0,10.0,34.0,0.0,0.0,0.0,0.0,0.27966233292132264,0.0,0.281988504209275,0.281988504209275,0.0,0.281988504209275,0.0,0.281988504209275,0.0,0.281988504209275,0.0,0.0,0.0,0.281988504209275,0.0,0.0,0.281988504209275,0.0,0.200272703077663,0.0,0.0,0.0,0.0,0.0,0.0,0.0,0.0,0.0,0.0,0.0,0.0,0.0,0.0,0.0,0.0,0.0,0.0,0.5701378854309535,0.0,0.0,0.0,0.0,0.0,0.0,0.0,0.0,E9
4.0,0.0,10.0,35.0,0.0,0.0,0.0,0.0,0.34040857727446816,0.0,0.34324002279077004,0.34324002279077004,0.0,0.34324002279077004,0.0,0.34324002279077004,0.0,0.34324002279077004,0.0,0.0,0.0,0.34324002279077004,0.0,0.0,0.34324002279077004,0.0,0.24377450194824343,0.0,0.0,0.0,0.0,0.0,0.0,0.0,0.0,0.0,0.0,0.0,0.0,0.0,0.0,0.0,0.0,0.0,0.0,0.0,0.0,0.0,0.0,0.0,0.0,0.0,0.0,0.0,E9
4.0,0.0,10.0,35.0,0.0,0.0,0.0,0.0,0.34040857727446816,0.0,0.34324002279077004,0.34324002279077004,0.0,0.34324002279077004,0.0,0.34324002279077004,0.0,0.34324002279077004,0.0,0.0,0.0,0.34324002279077004,0.0,0.0,0.34324002279077004,0.0,0.24377450194824343,0.0,0.0,0.0,0.0,0.0,0.0,0.0,0.0,0.0,0.0,0.0,0.0,0.0,0.0,0.0,0.0,0.0,0.0,0.0,0.0,0.0,0.0,0.0,0.0,0.0,0.0,0.0,E9
4.0,0.0,10.0,35.0,0.0,0.0,0.0,0.0,0.34040857727446816,0.0,0.34324002279077004,0.34324002279077004,0.0,0.34324002279077004,0.0,0.34324002279077004,0.0,0.34324002279077004,0.0,0.0,0.0,0.34324002279077004,0.0,0.0,0.34324002279077004,0.0,0.24377450194824343,0.0,0.0,0.0,0.0,0.0,0.0,0.0,0.0,0.0,0.0,0.0,0.0,0.0,0.0,0.0,0.0,0.0,0.0,0.0,0.0,0.0,0.0,0.0,0.0,0.0,0.0,0.0,E9
4.0,0.0,10.0,35.0,0.0,0.0,0.0,0.0,0.3509974905653215,0.0,0.3539170123906868,0.3539170123906868,0.0,0.3539170123906868,0.0,0.3539170123906868,0.0,0.3539170123906868,0.0,0.0,0.0,0.3539170123906868,0.0,0.0,0.3539170123906868,0.0,0.0,0.0,0.0,0.0,0.0,0.0,0.0,0.0,0.0,0.0,0.0,0.0,0.0,0.0,0.0,0.0,0.0,0.0,0.0,0.0,0.0,0.0,0.0,0.0,0.0,0.0,0.0,0.0,E9
4.0,0.0,10.0,35.0,0.0,0.0,0.0,0.0,0.34040857727446816,0.0,0.34324002279077004,0.34324002279077004,0.0,0.34324002279077004,0.0,0.34324002279077004,0.0,0.34324002279077004,0.0,0.0,0.0,0.34324002279077004,0.0,0.0,0.34324002279077004,0.0,0.24377450194824343,0.0,0.0,0.0,0.0,0.0,0.0,0.0,0.0,0.0,0.0,0.0,0.0,0.0,0.0,0.0,0.0,0.0,0.0,0.0,0.0,0.0,0.0,0.0,0.0,0.0,0.0,0.0,E9
4.0,0.0,10.0,35.0,0.0,0.0,0.0,0.0,0.34040857727446816,0.0,0.34324002279077004,0.34324002279077004,0.0,0.34324002279077004,0.0,0.34324002279077004,0.0,0.34324002279077004,0.0,0.0,0.0,0.34324002279077004,0.0,0.0,0.34324002279077004,0.0,0.24377450194824343,0.0,0.0,0.0,0.0,0.0,0.0,0.0,0.0,0.0,0.0,0.0,0.0,0.0,0.0,0.0,0.0,0.0,0.0,0.0,0.0,0.0,0.0,0.0,0.0,0.0,0.0,0.0,E9
4.0,0.0,10.0,35.0,0.0,0.0,0.0,0.0,0.2753858782225747,0.0,0.27767647887779107,0.27767647887779107,0.0,0.27767647887779107,0.0,0.27767647887779107,0.0,0.27767647887779107,0.0,0.0,0.0,0.27767647887779107,0.0,0.0,0.27767647887779107,0.0,0.19721023437420568,0.0,0.0,0.0,0.0,0.0,0.0,0.0,0.0,0.0,0.0,0.0,0.0,0.0,0.0,0.0,0.0,0.0,0.0,0.0,0.5878274858152464,0.0,0.0,0.0,0.0,0.0,0.0,0.0,E9
4.0,0.0,10.0,35.0,0.0,0.0,0.0,0.0,0.34040857727446816,0.0,0.34324002279077004,0.34324002279077004,0.0,0.34324002279077004,0.0,0.34324002279077004,0.0,0.34324002279077004,0.0,0.0,0.0,0.34324002279077004,0.0,0.0,0.34324002279077004,0.0,0.24377450194824343,0.0,0.0,0.0,0.0,0.0,0.0,0.0,0.0,0.0,0.0,0.0,0.0,0.0,0.0,0.0,0.0,0.0,0.0,0.0,0.0,0.0,0.0,0.0,0.0,0.0,0.0,0.0,E9
4.0,0.0,10.0,35.0,0.0,0.0,0.0,0.0,0.3509974905653215,0.0,0.3539170123906868,0.3539170123906868,0.0,0.3539170123906868,0.0,0.3539170123906868,0.0,0.3539170123906868,0.0,0.0,0.0,0.3539170123906868,0.0,0.0,0.3539170123906868,0.0,0.0,0.0,0.0,0.0,0.0,0.0,0.0,0.0,0.0,0.0,0.0,0.0,0.0,0.0,0.0,0.0,0.0,0.0,0.0,0.0,0.0,0.0,0.0,0.0,0.0,0.0,0.0,0.0,E9
4.0,0.0,10.0,35.0,0.0,0.0,0.0,0.0,0.3509974905653215,0.0,0.3539170123906868,0.3539170123906868,0.0,0.3539170123906868,0.0,0.3539170123906868,0.0,0.3539170123906868,0.0,0.0,0.0,0.3539170123906868,0.0,0.0,0.3539170123906868,0.0,0.0,0.0,0.0,0.0,0.0,0.0,0.0,0.0,0.0,0.0,0.0,0.0,0.0,0.0,0.0,0.0,0.0,0.0,0.0,0.0,0.0,0.0,0.0,0.0,0.0,0.0,0.0,0.0,E9
4.0,0.0,10.0,35.0,0.0,0.0,0.0,0.0,0.34040857727446816,0.0,0.34324002279077004,0.34324002279077004,0.0,0.34324002279077004,0.0,0.34324002279077004,0.0,0.34324002279077004,0.0,0.0,0.0,0.34324002279077004,0.0,0.0,0.34324002279077004,0.0,0.24377450194824343,0.0,0.0,0.0,0.0,0.0,0.0,0.0,0.0,0.0,0.0,0.0,0.0,0.0,0.0,0.0,0.0,0.0,0.0,0.0,0.0,0.0,0.0,0.0,0.0,0.0,0.0,0.0,E9
4.0,0.0,10.0,35.0,0.0,0.0,0.0,0.0,0.34040857727446816,0.0,0.34324002279077004,0.34324002279077004,0.0,0.34324002279077004,0.0,0.34324002279077004,0.0,0.34324002279077004,0.0,0.0,0.0,0.34324002279077004,0.0,0.0,0.34324002279077004,0.0,0.24377450194824343,0.0,0.0,0.0,0.0,0.0,0.0,0.0,0.0,0.0,0.0,0.0,0.0,0.0,0.0,0.0,0.0,0.0,0.0,0.0,0.0,0.0,0.0,0.0,0.0,0.0,0.0,0.0,E9
4.0,0.0,10.0,35.0,0.0,0.0,0.0,0.0,0.34040857727446816,0.0,0.34324002279077004,0.34324002279077004,0.0,0.34324002279077004,0.0,0.34324002279077004,0.0,0.34324002279077004,0.0,0.0,0.0,0.34324002279077004,0.0,0.0,0.34324002279077004,0.0,0.24377450194824343,0.0,0.0,0.0,0.0,0.0,0.0,0.0,0.0,0.0,0.0,0.0,0.0,0.0,0.0,0.0,0.0,0.0,0.0,0.0,0.0,0.0,0.0,0.0,0.0,0.0,0.0,0.0,E9
4.0,0.0,10.0,35.0,0.0,0.0,0.0,0.0,0.34040857727446816,0.0,0.34324002279077004,0.34324002279077004,0.0,0.34324002279077004,0.0,0.34324002279077004,0.0,0.34324002279077004,0.0,0.0,0.0,0.34324002279077004,0.0,0.0,0.34324002279077004,0.0,0.24377450194824343,0.0,0.0,0.0,0.0,0.0,0.0,0.0,0.0,0.0,0.0,0.0,0.0,0.0,0.0,0.0,0.0,0.0,0.0,0.0,0.0,0.0,0.0,0.0,0.0,0.0,0.0,0.0,E9
4.0,0.0,10.0,35.0,0.0,0.0,0.0,0.0,0.34040857727446816,0.0,0.34324002279077004,0.34324002279077004,0.0,0.34324002279077004,0.0,0.34324002279077004,0.0,0.34324002279077004,0.0,0.0,0.0,0.34324002279077004,0.0,0.0,0.34324002279077004,0.0,0.24377450194824343,0.0,0.0,0.0,0.0,0.0,0.0,0.0,0.0,0.0,0.0,0.0,0.0,0.0,0.0,0.0,0.0,0.0,0.0,0.0,0.0,0.0,0.0,0.0,0.0,0.0,0.0,0.0,E9
4.0,0.0,10.0,35.0,0.0,0.0,0.0,0.0,0.3509974905653215,0.0,0.3539170123906868,0.3539170123906868,0.0,0.3539170123906868,0.0,0.3539170123906868,0.0,0.3539170123906868,0.0,0.0,0.0,0.3539170123906868,0.0,0.0,0.3539170123906868,0.0,0.0,0.0,0.0,0.0,0.0,0.0,0.0,0.0,0.0,0.0,0.0,0.0,0.0,0.0,0.0,0.0,0.0,0.0,0.0,0.0,0.0,0.0,0.0,0.0,0.0,0.0,0.0,0.0,E9
4.0,0.0,10.0,36.0,0.0,0.0,0.0,0.0,0.34040857727446816,0.0,0.34324002279077004,0.34324002279077004,0.0,0.34324002279077004,0.0,0.34324002279077004,0.0,0.34324002279077004,0.0,0.0,0.0,0.34324002279077004,0.0,0.0,0.34324002279077004,0.0,0.24377450194824343,0.0,0.0,0.0,0.0,0.0,0.0,0.0,0.0,0.0,0.0,0.0,0.0,0.0,0.0,0.0,0.0,0.0,0.0,0.0,0.0,0.0,0.0,0.0,0.0,0.0,0.0,0.0,E9
4.0,0.0,10.0,36.0,0.0,0.0,0.0,0.0,0.34040857727446816,0.0,0.34324002279077004,0.34324002279077004,0.0,0.34324002279077004,0.0,0.34324002279077004,0.0,0.34324002279077004,0.0,0.0,0.0,0.34324002279077004,0.0,0.0,0.34324002279077004,0.0,0.24377450194824343,0.0,0.0,0.0,0.0,0.0,0.0,0.0,0.0,0.0,0.0,0.0,0.0,0.0,0.0,0.0,0.0,0.0,0.0,0.0,0.0,0.0,0.0,0.0,0.0,0.0,0.0,0.0,E9
4.0,0.0,10.0,36.0,0.0,0.0,0.0,0.0,0.34040857727446816,0.0,0.34324002279077004,0.34324002279077004,0.0,0.34324002279077004,0.0,0.34324002279077004,0.0,0.34324002279077004,0.0,0.0,0.0,0.34324002279077004,0.0,0.0,0.34324002279077004,0.0,0.24377450194824343,0.0,0.0,0.0,0.0,0.0,0.0,0.0,0.0,0.0,0.0,0.0,0.0,0.0,0.0,0.0,0.0,0.0,0.0,0.0,0.0,0.0,0.0,0.0,0.0,0.0,0.0,0.0,E9
4.0,0.0,10.0,36.0,0.0,0.0,0.0,0.0,0.34040857727446816,0.0,0.34324002279077004,0.34324002279077004,0.0,0.34324002279077004,0.0,0.34324002279077004,0.0,0.34324002279077004,0.0,0.0,0.0,0.34324002279077004,0.0,0.0,0.34324002279077004,0.0,0.24377450194824343,0.0,0.0,0.0,0.0,0.0,0.0,0.0,0.0,0.0,0.0,0.0,0.0,0.0,0.0,0.0,0.0,0.0,0.0,0.0,0.0,0.0,0.0,0.0,0.0,0.0,0.0,0.0,E9
4.0,0.0,10.0,36.0,0.0,0.0,0.0,0.0,0.3509974905653215,0.0,0.3539170123906868,0.3539170123906868,0.0,0.3539170123906868,0.0,0.3539170123906868,0.0,0.3539170123906868,0.0,0.0,0.0,0.3539170123906868,0.0,0.0,0.3539170123906868,0.0,0.0,0.0,0.0,0.0,0.0,0.0,0.0,0.0,0.0,0.0,0.0,0.0,0.0,0.0,0.0,0.0,0.0,0.0,0.0,0.0,0.0,0.0,0.0,0.0,0.0,0.0,0.0,0.0,E9
4.0,0.0,10.0,36.0,0.0,0.0,0.0,0.0,0.3509974905653215,0.0,0.3539170123906868,0.3539170123906868,0.0,0.3539170123906868,0.0,0.3539170123906868,0.0,0.3539170123906868,0.0,0.0,0.0,0.3539170123906868,0.0,0.0,0.3539170123906868,0.0,0.0,0.0,0.0,0.0,0.0,0.0,0.0,0.0,0.0,0.0,0.0,0.0,0.0,0.0,0.0,0.0,0.0,0.0,0.0,0.0,0.0,0.0,0.0,0.0,0.0,0.0,0.0,0.0,E9
4.0,0.0,10.0,36.0,0.0,0.0,0.0,0.0,0.34040857727446816,0.0,0.34324002279077004,0.34324002279077004,0.0,0.34324002279077004,0.0,0.34324002279077004,0.0,0.34324002279077004,0.0,0.0,0.0,0.34324002279077004,0.0,0.0,0.34324002279077004,0.0,0.24377450194824343,0.0,0.0,0.0,0.0,0.0,0.0,0.0,0.0,0.0,0.0,0.0,0.0,0.0,0.0,0.0,0.0,0.0,0.0,0.0,0.0,0.0,0.0,0.0,0.0,0.0,0.0,0.0,E9
4.0,0.0,10.0,36.0,0.0,0.0,0.0,0.0,0.34040857727446816,0.0,0.34324002279077004,0.34324002279077004,0.0,0.34324002279077004,0.0,0.34324002279077004,0.0,0.34324002279077004,0.0,0.0,0.0,0.34324002279077004,0.0,0.0,0.34324002279077004,0.0,0.24377450194824343,0.0,0.0,0.0,0.0,0.0,0.0,0.0,0.0,0.0,0.0,0.0,0.0,0.0,0.0,0.0,0.0,0.0,0.0,0.0,0.0,0.0,0.0,0.0,0.0,0.0,0.0,0.0,E9
4.0,0.0,10.0,36.0,0.0,0.0,0.0,0.0,0.34040857727446816,0.0,0.34324002279077004,0.34324002279077004,0.0,0.34324002279077004,0.0,0.34324002279077004,0.0,0.34324002279077004,0.0,0.0,0.0,0.34324002279077004,0.0,0.0,0.34324002279077004,0.0,0.24377450194824343,0.0,0.0,0.0,0.0,0.0,0.0,0.0,0.0,0.0,0.0,0.0,0.0,0.0,0.0,0.0,0.0,0.0,0.0,0.0,0.0,0.0,0.0,0.0,0.0,0.0,0.0,0.0,E9
4.0,0.0,10.0,36.0,0.0,0.0,0.0,0.0,0.3509974905653215,0.0,0.3539170123906868,0.3539170123906868,0.0,0.3539170123906868,0.0,0.3539170123906868,0.0,0.3539170123906868,0.0,0.0,0.0,0.3539170123906868,0.0,0.0,0.3539170123906868,0.0,0.0,0.0,0.0,0.0,0.0,0.0,0.0,0.0,0.0,0.0,0.0,0.0,0.0,0.0,0.0,0.0,0.0,0.0,0.0,0.0,0.0,0.0,0.0,0.0,0.0,0.0,0.0,0.0,E9
4.0,0.0,10.0,36.0,0.0,0.0,0.0,0.0,0.3509974905653215,0.0,0.3539170123906868,0.3539170123906868,0.0,0.3539170123906868,0.0,0.3539170123906868,0.0,0.3539170123906868,0.0,0.0,0.0,0.3539170123906868,0.0,0.0,0.3539170123906868,0.0,0.0,0.0,0.0,0.0,0.0,0.0,0.0,0.0,0.0,0.0,0.0,0.0,0.0,0.0,0.0,0.0,0.0,0.0,0.0,0.0,0.0,0.0,0.0,0.0,0.0,0.0,0.0,0.0,E9
4.0,0.0,10.0,36.0,0.0,0.0,0.0,0.0,0.3509974905653215,0.0,0.3539170123906868,0.3539170123906868,0.0,0.3539170123906868,0.0,0.3539170123906868,0.0,0.3539170123906868,0.0,0.0,0.0,0.3539170123906868,0.0,0.0,0.3539170123906868,0.0,0.0,0.0,0.0,0.0,0.0,0.0,0.0,0.0,0.0,0.0,0.0,0.0,0.0,0.0,0.0,0.0,0.0,0.0,0.0,0.0,0.0,0.0,0.0,0.0,0.0,0.0,0.0,0.0,E9
3.0,0.0,10.0,36.0,0.0,0.0,0.0,0.0,0.23428947065061007,0.0,0.0,0.0,0.0,0.0,0.0,0.0,0.0,0.0,0.0,0.3421481252964706,0.0,0.0,0.0,0.0,0.0,0.0,0.7550106335330056,0.2751728165091075,0.0,0.0,0.0,0.0,0.0,0.0,0.0,0.0,0.0,0.34135121926186185,0.0,0.0,0.0,0.0,0.2564396882569906,0.0,0.0,0.0,0.0,0.0,0.0,0.0,0.0,0.0,0.0,0.0,E11
5.0,0.0,10.0,36.0,0.35474964217380794,0.0,0.0,0.35474964217380794,0.18441427023444912,0.0,0.0,0.0,0.0,0.0,0.0,0.0,0.0,0.0,0.0,0.0,0.0,0.0,0.0,0.0,0.0,0.19527581968178004,0.09904751204822997,0.0,0.0,0.35474964217380794,0.5374121122810094,0.0,0.0,0.0,0.0,0.0,0.0,0.0,0.0,0.35474964217380794,0.0,0.0,0.0,0.0,0.0,0.0,0.0,0.0,0.0,0.0,0.0,0.35474964217380794,0.0,0.0,E7
4.0,0.0,10.0,36.0,0.0,0.0,0.0,0.0,0.3509974905653215,0.0,0.3539170123906868,0.3539170123906868,0.0,0.3539170123906868,0.0,0.3539170123906868,0.0,0.3539170123906868,0.0,0.0,0.0,0.3539170123906868,0.0,0.0,0.3539170123906868,0.0,0.0,0.0,0.0,0.0,0.0,0.0,0.0,0.0,0.0,0.0,0.0,0.0,0.0,0.0,0.0,0.0,0.0,0.0,0.0,0.0,0.0,0.0,0.0,0.0,0.0,0.0,0.0,0.0,E9
4.0,0.0,10.0,37.0,0.0,0.0,0.0,0.0,0.3509974905653215,0.0,0.3539170123906868,0.3539170123906868,0.0,0.3539170123906868,0.0,0.3539170123906868,0.0,0.3539170123906868,0.0,0.0,0.0,0.3539170123906868,0.0,0.0,0.3539170123906868,0.0,0.0,0.0,0.0,0.0,0.0,0.0,0.0,0.0,0.0,0.0,0.0,0.0,0.0,0.0,0.0,0.0,0.0,0.0,0.0,0.0,0.0,0.0,0.0,0.0,0.0,0.0,0.0,0.0,E9
4.0,0.0,10.0,37.0,0.0,0.0,0.0,0.0,0.3509974905653215,0.0,0.3539170123906868,0.3539170123906868,0.0,0.3539170123906868,0.0,0.3539170123906868,0.0,0.3539170123906868,0.0,0.0,0.0,0.3539170123906868,0.0,0.0,0.3539170123906868,0.0,0.0,0.0,0.0,0.0,0.0,0.0,0.0,0.0,0.0,0.0,0.0,0.0,0.0,0.0,0.0,0.0,0.0,0.0,0.0,0.0,0.0,0.0,0.0,0.0,0.0,0.0,0.0,0.0,E9
4.0,0.0,10.0,37.0,0.0,0.0,0.0,0.0,0.3509974905653215,0.0,0.3539170123906868,0.3539170123906868,0.0,0.3539170123906868,0.0,0.3539170123906868,0.0,0.3539170123906868,0.0,0.0,0.0,0.3539170123906868,0.0,0.0,0.3539170123906868,0.0,0.0,0.0,0.0,0.0,0.0,0.0,0.0,0.0,0.0,0.0,0.0,0.0,0.0,0.0,0.0,0.0,0.0,0.0,0.0,0.0,0.0,0.0,0.0,0.0,0.0,0.0,0.0,0.0,E9
4.0,0.0,10.0,37.0,0.0,0.0,0.0,0.0,0.3509974905653215,0.0,0.3539170123906868,0.3539170123906868,0.0,0.3539170123906868,0.0,0.3539170123906868,0.0,0.3539170123906868,0.0,0.0,0.0,0.3539170123906868,0.0,0.0,0.3539170123906868,0.0,0.0,0.0,0.0,0.0,0.0,0.0,0.0,0.0,0.0,0.0,0.0,0.0,0.0,0.0,0.0,0.0,0.0,0.0,0.0,0.0,0.0,0.0,0.0,0.0,0.0,0.0,0.0,0.0,E9
4.0,0.0,10.0,37.0,0.0,0.0,0.0,0.0,0.3509974905653215,0.0,0.3539170123906868,0.3539170123906868,0.0,0.3539170123906868,0.0,0.3539170123906868,0.0,0.3539170123906868,0.0,0.0,0.0,0.3539170123906868,0.0,0.0,0.3539170123906868,0.0,0.0,0.0,0.0,0.0,0.0,0.0,0.0,0.0,0.0,0.0,0.0,0.0,0.0,0.0,0.0,0.0,0.0,0.0,0.0,0.0,0.0,0.0,0.0,0.0,0.0,0.0,0.0,0.0,E9
4.0,0.0,10.0,37.0,0.0,0.0,0.0,0.0,0.3509974905653215,0.0,0.3539170123906868,0.3539170123906868,0.0,0.3539170123906868,0.0,0.3539170123906868,0.0,0.3539170123906868,0.0,0.0,0.0,0.3539170123906868,0.0,0.0,0.3539170123906868,0.0,0.0,0.0,0.0,0.0,0.0,0.0,0.0,0.0,0.0,0.0,0.0,0.0,0.0,0.0,0.0,0.0,0.0,0.0,0.0,0.0,0.0,0.0,0.0,0.0,0.0,0.0,0.0,0.0,E9
4.0,0.0,10.0,37.0,0.0,0.0,0.0,0.0,0.3509974905653215,0.0,0.3539170123906868,0.3539170123906868,0.0,0.3539170123906868,0.0,0.3539170123906868,0.0,0.3539170123906868,0.0,0.0,0.0,0.3539170123906868,0.0,0.0,0.3539170123906868,0.0,0.0,0.0,0.0,0.0,0.0,0.0,0.0,0.0,0.0,0.0,0.0,0.0,0.0,0.0,0.0,0.0,0.0,0.0,0.0,0.0,0.0,0.0,0.0,0.0,0.0,0.0,0.0,0.0,E9
4.0,0.0,10.0,37.0,0.0,0.0,0.0,0.0,0.3509974905653215,0.0,0.3539170123906868,0.3539170123906868,0.0,0.3539170123906868,0.0,0.3539170123906868,0.0,0.3539170123906868,0.0,0.0,0.0,0.3539170123906868,0.0,0.0,0.3539170123906868,0.0,0.0,0.0,0.0,0.0,0.0,0.0,0.0,0.0,0.0,0.0,0.0,0.0,0.0,0.0,0.0,0.0,0.0,0.0,0.0,0.0,0.0,0.0,0.0,0.0,0.0,0.0,0.0,0.0,E9
4.0,0.0,10.0,37.0,0.0,0.0,0.0,0.0,0.3509974905653215,0.0,0.3539170123906868,0.3539170123906868,0.0,0.3539170123906868,0.0,0.3539170123906868,0.0,0.3539170123906868,0.0,0.0,0.0,0.3539170123906868,0.0,0.0,0.3539170123906868,0.0,0.0,0.0,0.0,0.0,0.0,0.0,0.0,0.0,0.0,0.0,0.0,0.0,0.0,0.0,0.0,0.0,0.0,0.0,0.0,0.0,0.0,0.0,0.0,0.0,0.0,0.0,0.0,0.0,E9
4.0,0.0,10.0,37.0,0.0,0.0,0.0,0.0,0.3509974905653215,0.0,0.3539170123906868,0.3539170123906868,0.0,0.3539170123906868,0.0,0.3539170123906868,0.0,0.3539170123906868,0.0,0.0,0.0,0.3539170123906868,0.0,0.0,0.3539170123906868,0.0,0.0,0.0,0.0,0.0,0.0,0.0,0.0,0.0,0.0,0.0,0.0,0.0,0.0,0.0,0.0,0.0,0.0,0.0,0.0,0.0,0.0,0.0,0.0,0.0,0.0,0.0,0.0,0.0,E9
4.0,0.0,10.0,37.0,0.0,0.0,0.0,0.0,0.3509974905653215,0.0,0.3539170123906868,0.3539170123906868,0.0,0.3539170123906868,0.0,0.3539170123906868,0.0,0.3539170123906868,0.0,0.0,0.0,0.3539170123906868,0.0,0.0,0.3539170123906868,0.0,0.0,0.0,0.0,0.0,0.0,0.0,0.0,0.0,0.0,0.0,0.0,0.0,0.0,0.0,0.0,0.0,0.0,0.0,0.0,0.0,0.0,0.0,0.0,0.0,0.0,0.0,0.0,0.0,E9
4.0,0.0,10.0,38.0,0.0,0.0,0.0,0.0,0.3509974905653215,0.0,0.3539170123906868,0.3539170123906868,0.0,0.3539170123906868,0.0,0.3539170123906868,0.0,0.3539170123906868,0.0,0.0,0.0,0.3539170123906868,0.0,0.0,0.3539170123906868,0.0,0.0,0.0,0.0,0.0,0.0,0.0,0.0,0.0,0.0,0.0,0.0,0.0,0.0,0.0,0.0,0.0,0.0,0.0,0.0,0.0,0.0,0.0,0.0,0.0,0.0,0.0,0.0,0.0,E9
3.0,0.0,10.0,38.0,0.0,0.0,0.0,0.0,0.23428947065061007,0.0,0.0,0.0,0.0,0.0,0.0,0.0,0.0,0.0,0.0,0.3421481252964706,0.0,0.0,0.0,0.0,0.0,0.0,0.7550106335330056,0.2751728165091075,0.0,0.0,0.0,0.0,0.0,0.0,0.0,0.0,0.0,0.34135121926186185,0.0,0.0,0.0,0.0,0.2564396882569906,0.0,0.0,0.0,0.0,0.0,0.0,0.0,0.0,0.0,0.0,0.0,E11
5.0,0.0,10.0,38.0,0.0,0.23836634715786661,0.29376506859060325,0.0,0.2062718063434884,0.29376506859060325,0.0,0.0,0.0,0.0,0.0,0.0,0.0,0.0,0.0,0.0,0.0,0.0,0.0,0.23836634715786661,0.0,0.2184207112050361,0.6647221778892567,0.0,0.0,0.0,0.0,0.0,0.0,0.0,0.0,0.0,0.0,0.0,0.0,0.0,0.0,0.0,0.22577317524360016,0.0,0.0,0.0,0.0,0.0,0.0,0.21067618968495705,0.29376506859060325,0.0,0.0,0.0,E6
4.0,0.0,10.0,38.0,0.0,0.0,0.0,0.0,0.3509974905653215,0.0,0.3539170123906868,0.3539170123906868,0.0,0.3539170123906868,0.0,0.3539170123906868,0.0,0.3539170123906868,0.0,0.0,0.0,0.3539170123906868,0.0,0.0,0.3539170123906868,0.0,0.0,0.0,0.0,0.0,0.0,0.0,0.0,0.0,0.0,0.0,0.0,0.0,0.0,0.0,0.0,0.0,0.0,0.0,0.0,0.0,0.0,0.0,0.0,0.0,0.0,0.0,0.0,0.0,E9
4.0,0.0,10.0,38.0,0.0,0.0,0.0,0.0,0.3509974905653215,0.0,0.3539170123906868,0.3539170123906868,0.0,0.3539170123906868,0.0,0.3539170123906868,0.0,0.3539170123906868,0.0,0.0,0.0,0.3539170123906868,0.0,0.0,0.3539170123906868,0.0,0.0,0.0,0.0,0.0,0.0,0.0,0.0,0.0,0.0,0.0,0.0,0.0,0.0,0.0,0.0,0.0,0.0,0.0,0.0,0.0,0.0,0.0,0.0,0.0,0.0,0.0,0.0,0.0,E9
5.0,0.0,10.0,38.0,0.0,0.22135968273463763,0.27280588538225176,0.0,0.19155498313298006,0.27280588538225176,0.0,0.0,0.0,0.0,0.0,0.0,0.0,0.0,0.0,0.0,0.0,0.0,0.0,0.22135968273463763,0.0,0.20283710310415376,0.7201791451902878,0.0,0.0,0.0,0.0,0.0,0.0,0.0,0.0,0.0,0.0,0.0,0.0,0.0,0.0,0.0,0.20966499272154374,0.0,0.0,0.0,0.0,0.0,0.0,0.19564512803276962,0.27280588538225176,0.0,0.0,0.0,E6
4.0,0.0,10.0,38.0,0.0,0.0,0.0,0.0,0.3509974905653215,0.0,0.3539170123906868,0.3539170123906868,0.0,0.3539170123906868,0.0,0.3539170123906868,0.0,0.3539170123906868,0.0,0.0,0.0,0.3539170123906868,0.0,0.0,0.3539170123906868,0.0,0.0,0.0,0.0,0.0,0.0,0.0,0.0,0.0,0.0,0.0,0.0,0.0,0.0,0.0,0.0,0.0,0.0,0.0,0.0,0.0,0.0,0.0,0.0,0.0,0.0,0.0,0.0,0.0,E9
3.0,0.0,10.0,38.0,0.0,0.0,0.0,0.0,0.34939103204185995,0.0,0.0,0.0,0.0,0.0,0.0,0.0,0.0,0.0,0.48840804444937863,0.0,0.0,0.0,0.0,0.0,0.0,0.0,0.37531057018216657,0.0,0.4992621880111665,0.0,0.0,0.0,0.0,0.0,0.0,0.0,0.0,0.0,0.0,0.0,0.0,0.0,0.0,0.0,0.0,0.0,0.0,0.0,0.4992621880111665,0.0,0.0,0.0,0.0,0.0,E10
5.0,0.0,10.0,38.0,0.35474964217380794,0.0,0.0,0.35474964217380794,0.18441427023444912,0.0,0.0,0.0,0.0,0.0,0.0,0.0,0.0,0.0,0.0,0.0,0.0,0.0,0.0,0.0,0.0,0.19527581968178004,0.09904751204822997,0.0,0.0,0.35474964217380794,0.5374121122810094,0.0,0.0,0.0,0.0,0.0,0.0,0.0,0.0,0.35474964217380794,0.0,0.0,0.0,0.0,0.0,0.0,0.0,0.0,0.0,0.0,0.0,0.35474964217380794,0.0,0.0,E7
4.0,0.0,10.0,39.0,0.0,0.0,0.0,0.0,0.3509974905653215,0.0,0.3539170123906868,0.3539170123906868,0.0,0.3539170123906868,0.0,0.3539170123906868,0.0,0.3539170123906868,0.0,0.0,0.0,0.3539170123906868,0.0,0.0,0.3539170123906868,0.0,0.0,0.0,0.0,0.0,0.0,0.0,0.0,0.0,0.0,0.0,0.0,0.0,0.0,0.0,0.0,0.0,0.0,0.0,0.0,0.0,0.0,0.0,0.0,0.0,0.0,0.0,0.0,0.0,E9
3.0,0.0,10.0,40.0,0.0,0.0,0.0,0.0,0.34939103204185995,0.0,0.0,0.0,0.0,0.0,0.0,0.0,0.0,0.0,0.48840804444937863,0.0,0.0,0.0,0.0,0.0,0.0,0.0,0.37531057018216657,0.0,0.4992621880111665,0.0,0.0,0.0,0.0,0.0,0.0,0.0,0.0,0.0,0.0,0.0,0.0,0.0,0.0,0.0,0.0,0.0,0.0,0.0,0.4992621880111665,0.0,0.0,0.0,0.0,0.0,E10
3.0,0.0,10.0,40.0,0.0,0.0,0.0,0.0,0.23428947065061007,0.0,0.0,0.0,0.0,0.0,0.0,0.0,0.0,0.0,0.0,0.3421481252964706,0.0,0.0,0.0,0.0,0.0,0.0,0.7550106335330056,0.2751728165091075,0.0,0.0,0.0,0.0,0.0,0.0,0.0,0.0,0.0,0.34135121926186185,0.0,0.0,0.0,0.0,0.2564396882569906,0.0,0.0,0.0,0.0,0.0,0.0,0.0,0.0,0.0,0.0,0.0,E11
5.0,0.0,10.0,42.0,0.34964175913330614,0.0,0.0,0.34964175913330614,0.18175897080247522,0.0,0.0,0.0,0.0,0.0,0.0,0.0,0.0,0.0,0.0,0.0,0.0,0.0,0.0,0.0,0.0,0.19246412960801257,0.19524274154646273,0.0,0.0,0.34964175913330614,0.529674153202997,0.0,0.0,0.0,0.0,0.0,0.0,0.0,0.0,0.34964175913330614,0.0,0.0,0.0,0.0,0.0,0.0,0.0,0.0,0.0,0.0,0.0,0.34964175913330614,0.0,0.0,E7
2.0,0.0,10.0,42.0,0.0,0.0,0.0,0.0,0.1661483052439899,0.0,0.0,0.0,0.0,0.0,0.24207202490079238,0.0,0.0,0.0,0.0,0.0,0.0,0.0,0.0,0.0,0.0,0.0,0.892370001764264,0.0,0.0,0.0,0.0,0.0,0.0,0.0,0.0,0.0,0.0,0.0,0.2426371573701316,0.0,0.0,0.0,0.0,0.24207202490079238,0.0,0.0,0.0,0.0,0.0,0.0,0.0,0.0,0.0,0.0,E13
2.0,0.0,10.0,43.0,0.0,0.0,0.0,0.0,0.15378644268229635,0.0,0.0,0.0,0.0,0.0,0.22406124171850228,0.0,0.0,0.0,0.0,0.0,0.0,0.0,0.0,0.0,0.0,0.0,0.908572908515739,0.0,0.0,0.0,0.0,0.0,0.0,0.0,0.0,0.0,0.0,0.0,0.2245843268741186,0.0,0.0,0.0,0.0,0.22406124171850228,0.0,0.0,0.0,0.0,0.0,0.0,0.0,0.0,0.0,0.0,E13
5.0,0.0,10.0,43.0,0.0,0.23836634715786661,0.29376506859060325,0.0,0.2062718063434884,0.29376506859060325,0.0,0.0,0.0,0.0,0.0,0.0,0.0,0.0,0.0,0.0,0.0,0.0,0.0,0.23836634715786661,0.0,0.2184207112050361,0.6647221778892567,0.0,0.0,0.0,0.0,0.0,0.0,0.0,0.0,0.0,0.0,0.0,0.0,0.0,0.0,0.0,0.22577317524360016,0.0,0.0,0.0,0.0,0.0,0.0,0.21067618968495705,0.29376506859060325,0.0,0.0,0.0,E6
3.0,0.0,10.0,43.0,0.0,0.0,0.0,0.0,0.34939103204185995,0.0,0.0,0.0,0.0,0.0,0.0,0.0,0.0,0.0,0.48840804444937863,0.0,0.0,0.0,0.0,0.0,0.0,0.0,0.37531057018216657,0.0,0.4992621880111665,0.0,0.0,0.0,0.0,0.0,0.0,0.0,0.0,0.0,0.0,0.0,0.0,0.0,0.0,0.0,0.0,0.0,0.0,0.0,0.4992621880111665,0.0,0.0,0.0,0.0,0.0,E10
5.0,0.0,10.0,44.0,0.0,0.23836634715786661,0.29376506859060325,0.0,0.2062718063434884,0.29376506859060325,0.0,0.0,0.0,0.0,0.0,0.0,0.0,0.0,0.0,0.0,0.0,0.0,0.0,0.23836634715786661,0.0,0.2184207112050361,0.6647221778892567,0.0,0.0,0.0,0.0,0.0,0.0,0.0,0.0,0.0,0.0,0.0,0.0,0.0,0.0,0.0,0.22577317524360016,0.0,0.0,0.0,0.0,0.0,0.0,0.21067618968495705,0.29376506859060325,0.0,0.0,0.0,E6
2.0,0.0,10.0,44.0,0.0,0.0,0.0,0.0,0.15378644268229635,0.0,0.0,0.0,0.0,0.0,0.22406124171850228,0.0,0.0,0.0,0.0,0.0,0.0,0.0,0.0,0.0,0.0,0.0,0.908572908515739,0.0,0.0,0.0,0.0,0.0,0.0,0.0,0.0,0.0,0.0,0.0,0.2245843268741186,0.0,0.0,0.0,0.0,0.22406124171850228,0.0,0.0,0.0,0.0,0.0,0.0,0.0,0.0,0.0,0.0,E13
3.0,0.0,10.0,44.0,0.0,0.0,0.0,0.0,0.3694506407597979,0.0,0.0,0.0,0.0,0.0,0.0,0.0,0.0,0.0,0.516449045413519,0.0,0.0,0.0,0.0,0.0,0.0,0.0,0.19842914946528173,0.0,0.5279263585842844,0.0,0.0,0.0,0.0,0.0,0.0,0.0,0.0,0.0,0.0,0.0,0.0,0.0,0.0,0.0,0.0,0.0,0.0,0.0,0.5279263585842844,0.0,0.0,0.0,0.0,0.0,E10
5.0,0.0,10.0,46.0,0.34964175913330614,0.0,0.0,0.34964175913330614,0.18175897080247522,0.0,0.0,0.0,0.0,0.0,0.0,0.0,0.0,0.0,0.0,0.0,0.0,0.0,0.0,0.0,0.0,0.19246412960801257,0.19524274154646273,0.0,0.0,0.34964175913330614,0.529674153202997,0.0,0.0,0.0,0.0,0.0,0.0,0.0,0.0,0.34964175913330614,0.0,0.0,0.0,0.0,0.0,0.0,0.0,0.0,0.0,0.0,0.0,0.34964175913330614,0.0,0.0,E7
3.0,0.0,10.0,48.0,0.0,0.0,0.0,0.0,0.2578159997202256,0.0,0.0,0.0,0.0,0.0,0.0,0.0,0.0,0.0,0.0,0.37650544316290596,0.0,0.0,0.0,0.0,0.0,0.0,0.6923551335276573,0.30280470815490756,0.0,0.0,0.0,0.0,0.0,0.0,0.0,0.0,0.0,0.37562851461197616,0.0,0.0,0.0,0.0,0.2821904646944785,0.0,0.0,0.0,0.0,0.0,0.0,0.0,0.0,0.0,0.0,0.0,E11
3.0,0.0,10.0,48.0,0.0,0.0,0.0,0.0,0.34939103204185995,0.0,0.0,0.0,0.0,0.0,0.0,0.0,0.0,0.0,0.48840804444937863,0.0,0.0,0.0,0.0,0.0,0.0,0.0,0.37531057018216657,0.0,0.4992621880111665,0.0,0.0,0.0,0.0,0.0,0.0,0.0,0.0,0.0,0.0,0.0,0.0,0.0,0.0,0.0,0.0,0.0,0.0,0.0,0.4992621880111665,0.0,0.0,0.0,0.0,0.0,E10
3.0,0.0,10.0,48.0,0.0,0.0,0.0,0.0,0.23428947065061007,0.0,0.0,0.0,0.0,0.0,0.0,0.0,0.0,0.0,0.0,0.3421481252964706,0.0,0.0,0.0,0.0,0.0,0.0,0.7550106335330056,0.2751728165091075,0.0,0.0,0.0,0.0,0.0,0.0,0.0,0.0,0.0,0.34135121926186185,0.0,0.0,0.0,0.0,0.2564396882569906,0.0,0.0,0.0,0.0,0.0,0.0,0.0,0.0,0.0,0.0,0.0,E11
5.0,0.0,10.0,48.0,0.0,0.22135968273463763,0.27280588538225176,0.0,0.19155498313298006,0.27280588538225176,0.0,0.0,0.0,0.0,0.0,0.0,0.0,0.0,0.0,0.0,0.0,0.0,0.0,0.22135968273463763,0.0,0.20283710310415376,0.7201791451902878,0.0,0.0,0.0,0.0,0.0,0.0,0.0,0.0,0.0,0.0,0.0,0.0,0.0,0.0,0.0,0.20966499272154374,0.0,0.0,0.0,0.0,0.0,0.0,0.19564512803276962,0.27280588538225176,0.0,0.0,0.0,E6
5.0,0.0,10.0,49.0,0.0,0.22135968273463763,0.27280588538225176,0.0,0.19155498313298006,0.27280588538225176,0.0,0.0,0.0,0.0,0.0,0.0,0.0,0.0,0.0,0.0,0.0,0.0,0.0,0.22135968273463763,0.0,0.20283710310415376,0.7201791451902878,0.0,0.0,0.0,0.0,0.0,0.0,0.0,0.0,0.0,0.0,0.0,0.0,0.0,0.0,0.0,0.20966499272154374,0.0,0.0,0.0,0.0,0.0,0.0,0.19564512803276962,0.27280588538225176,0.0,0.0,0.0,E6
4.0,0.0,10.0,50.0,0.0,0.0,0.0,0.0,0.34040857727446816,0.0,0.34324002279077004,0.34324002279077004,0.0,0.34324002279077004,0.0,0.34324002279077004,0.0,0.34324002279077004,0.0,0.0,0.0,0.34324002279077004,0.0,0.0,0.34324002279077004,0.0,0.24377450194824343,0.0,0.0,0.0,0.0,0.0,0.0,0.0,0.0,0.0,0.0,0.0,0.0,0.0,0.0,0.0,0.0,0.0,0.0,0.0,0.0,0.0,0.0,0.0,0.0,0.0,0.0,0.0,E9
2.0,0.0,10.0,51.0,0.0,0.0,0.0,0.0,0.15378644268229635,0.0,0.0,0.0,0.0,0.0,0.22406124171850228,0.0,0.0,0.0,0.0,0.0,0.0,0.0,0.0,0.0,0.0,0.0,0.908572908515739,0.0,0.0,0.0,0.0,0.0,0.0,0.0,0.0,0.0,0.0,0.0,0.2245843268741186,0.0,0.0,0.0,0.0,0.22406124171850228,0.0,0.0,0.0,0.0,0.0,0.0,0.0,0.0,0.0,0.0,E13
3.0,0.0,10.0,52.0,0.0,0.0,0.0,0.0,0.3694506407597979,0.0,0.0,0.0,0.0,0.0,0.0,0.0,0.0,0.0,0.516449045413519,0.0,0.0,0.0,0.0,0.0,0.0,0.0,0.19842914946528173,0.0,0.5279263585842844,0.0,0.0,0.0,0.0,0.0,0.0,0.0,0.0,0.0,0.0,0.0,0.0,0.0,0.0,0.0,0.0,0.0,0.0,0.0,0.5279263585842844,0.0,0.0,0.0,0.0,0.0,E10
5.0,0.0,10.0,52.0,0.0,0.22135968273463763,0.27280588538225176,0.0,0.19155498313298006,0.27280588538225176,0.0,0.0,0.0,0.0,0.0,0.0,0.0,0.0,0.0,0.0,0.0,0.0,0.0,0.22135968273463763,0.0,0.20283710310415376,0.7201791451902878,0.0,0.0,0.0,0.0,0.0,0.0,0.0,0.0,0.0,0.0,0.0,0.0,0.0,0.0,0.0,0.20966499272154374,0.0,0.0,0.0,0.0,0.0,0.0,0.19564512803276962,0.27280588538225176,0.0,0.0,0.0,E6
2.0,0.0,10.0,52.0,0.0,0.0,0.0,0.0,0.15378644268229635,0.0,0.0,0.0,0.0,0.0,0.22406124171850228,0.0,0.0,0.0,0.0,0.0,0.0,0.0,0.0,0.0,0.0,0.0,0.908572908515739,0.0,0.0,0.0,0.0,0.0,0.0,0.0,0.0,0.0,0.0,0.0,0.2245843268741186,0.0,0.0,0.0,0.0,0.22406124171850228,0.0,0.0,0.0,0.0,0.0,0.0,0.0,0.0,0.0,0.0,E13
4.0,0.0,10.0,53.0,0.0,0.0,0.0,0.0,0.34040857727446816,0.0,0.34324002279077004,0.34324002279077004,0.0,0.34324002279077004,0.0,0.34324002279077004,0.0,0.34324002279077004,0.0,0.0,0.0,0.34324002279077004,0.0,0.0,0.34324002279077004,0.0,0.24377450194824343,0.0,0.0,0.0,0.0,0.0,0.0,0.0,0.0,0.0,0.0,0.0,0.0,0.0,0.0,0.0,0.0,0.0,0.0,0.0,0.0,0.0,0.0,0.0,0.0,0.0,0.0,0.0,E9
5.0,0.0,10.0,54.0,0.0,0.22135968273463763,0.27280588538225176,0.0,0.19155498313298006,0.27280588538225176,0.0,0.0,0.0,0.0,0.0,0.0,0.0,0.0,0.0,0.0,0.0,0.0,0.0,0.22135968273463763,0.0,0.20283710310415376,0.7201791451902878,0.0,0.0,0.0,0.0,0.0,0.0,0.0,0.0,0.0,0.0,0.0,0.0,0.0,0.0,0.0,0.20966499272154374,0.0,0.0,0.0,0.0,0.0,0.0,0.19564512803276962,0.27280588538225176,0.0,0.0,0.0,E6
5.0,0.0,10.0,55.0,0.34964175913330614,0.0,0.0,0.34964175913330614,0.18175897080247522,0.0,0.0,0.0,0.0,0.0,0.0,0.0,0.0,0.0,0.0,0.0,0.0,0.0,0.0,0.0,0.0,0.19246412960801257,0.19524274154646273,0.0,0.0,0.34964175913330614,0.529674153202997,0.0,0.0,0.0,0.0,0.0,0.0,0.0,0.0,0.34964175913330614,0.0,0.0,0.0,0.0,0.0,0.0,0.0,0.0,0.0,0.0,0.0,0.34964175913330614,0.0,0.0,E7
3.0,0.0,10.0,55.0,0.0,0.0,0.0,0.0,0.23428947065061007,0.0,0.0,0.0,0.0,0.0,0.0,0.0,0.0,0.0,0.0,0.3421481252964706,0.0,0.0,0.0,0.0,0.0,0.0,0.7550106335330056,0.2751728165091075,0.0,0.0,0.0,0.0,0.0,0.0,0.0,0.0,0.0,0.34135121926186185,0.0,0.0,0.0,0.0,0.2564396882569906,0.0,0.0,0.0,0.0,0.0,0.0,0.0,0.0,0.0,0.0,0.0,E11
2.0,0.0,10.0,55.0,0.0,0.0,0.0,0.0,0.1661483052439899,0.0,0.0,0.0,0.0,0.0,0.24207202490079238,0.0,0.0,0.0,0.0,0.0,0.0,0.0,0.0,0.0,0.0,0.0,0.892370001764264,0.0,0.0,0.0,0.0,0.0,0.0,0.0,0.0,0.0,0.0,0.0,0.2426371573701316,0.0,0.0,0.0,0.0,0.24207202490079238,0.0,0.0,0.0,0.0,0.0,0.0,0.0,0.0,0.0,0.0,E13
5.0,0.0,10.0,56.0,0.0,0.23836634715786661,0.29376506859060325,0.0,0.2062718063434884,0.29376506859060325,0.0,0.0,0.0,0.0,0.0,0.0,0.0,0.0,0.0,0.0,0.0,0.0,0.0,0.23836634715786661,0.0,0.2184207112050361,0.6647221778892567,0.0,0.0,0.0,0.0,0.0,0.0,0.0,0.0,0.0,0.0,0.0,0.0,0.0,0.0,0.0,0.22577317524360016,0.0,0.0,0.0,0.0,0.0,0.0,0.21067618968495705,0.29376506859060325,0.0,0.0,0.0,E6
4.0,0.0,10.0,56.0,0.0,0.0,0.0,0.0,0.3509974905653215,0.0,0.3539170123906868,0.3539170123906868,0.0,0.3539170123906868,0.0,0.3539170123906868,0.0,0.3539170123906868,0.0,0.0,0.0,0.3539170123906868,0.0,0.0,0.3539170123906868,0.0,0.0,0.0,0.0,0.0,0.0,0.0,0.0,0.0,0.0,0.0,0.0,0.0,0.0,0.0,0.0,0.0,0.0,0.0,0.0,0.0,0.0,0.0,0.0,0.0,0.0,0.0,0.0,0.0,E9
3.0,0.0,10.0,59.0,0.0,0.0,0.0,0.0,0.23428947065061007,0.0,0.0,0.0,0.0,0.0,0.0,0.0,0.0,0.0,0.0,0.3421481252964706,0.0,0.0,0.0,0.0,0.0,0.0,0.7550106335330056,0.2751728165091075,0.0,0.0,0.0,0.0,0.0,0.0,0.0,0.0,0.0,0.34135121926186185,0.0,0.0,0.0,0.0,0.2564396882569906,0.0,0.0,0.0,0.0,0.0,0.0,0.0,0.0,0.0,0.0,0.0,E11
3.0,0.0,10.0,59.0,0.0,0.0,0.0,0.0,0.2578159997202256,0.0,0.0,0.0,0.0,0.0,0.0,0.0,0.0,0.0,0.0,0.37650544316290596,0.0,0.0,0.0,0.0,0.0,0.0,0.6923551335276573,0.30280470815490756,0.0,0.0,0.0,0.0,0.0,0.0,0.0,0.0,0.0,0.37562851461197616,0.0,0.0,0.0,0.0,0.2821904646944785,0.0,0.0,0.0,0.0,0.0,0.0,0.0,0.0,0.0,0.0,0.0,E11
3.0,0.0,11.0,0.0,0.0,0.0,0.0,0.0,0.2578159997202256,0.0,0.0,0.0,0.0,0.0,0.0,0.0,0.0,0.0,0.0,0.37650544316290596,0.0,0.0,0.0,0.0,0.0,0.0,0.6923551335276573,0.30280470815490756,0.0,0.0,0.0,0.0,0.0,0.0,0.0,0.0,0.0,0.37562851461197616,0.0,0.0,0.0,0.0,0.2821904646944785,0.0,0.0,0.0,0.0,0.0,0.0,0.0,0.0,0.0,0.0,0.0,E11
3.0,0.0,11.0,0.0,0.0,0.0,0.0,0.0,0.23428947065061007,0.0,0.0,0.0,0.0,0.0,0.0,0.0,0.0,0.0,0.0,0.3421481252964706,0.0,0.0,0.0,0.0,0.0,0.0,0.7550106335330056,0.2751728165091075,0.0,0.0,0.0,0.0,0.0,0.0,0.0,0.0,0.0,0.34135121926186185,0.0,0.0,0.0,0.0,0.2564396882569906,0.0,0.0,0.0,0.0,0.0,0.0,0.0,0.0,0.0,0.0,0.0,E11
5.0,0.0,11.0,0.0,0.0,0.22135968273463763,0.27280588538225176,0.0,0.19155498313298006,0.27280588538225176,0.0,0.0,0.0,0.0,0.0,0.0,0.0,0.0,0.0,0.0,0.0,0.0,0.0,0.22135968273463763,0.0,0.20283710310415376,0.7201791451902878,0.0,0.0,0.0,0.0,0.0,0.0,0.0,0.0,0.0,0.0,0.0,0.0,0.0,0.0,0.0,0.20966499272154374,0.0,0.0,0.0,0.0,0.0,0.0,0.19564512803276962,0.27280588538225176,0.0,0.0,0.0,E6
3.0,0.0,11.0,0.0,0.0,0.0,0.0,0.0,0.2578159997202256,0.0,0.0,0.0,0.0,0.0,0.0,0.0,0.0,0.0,0.0,0.37650544316290596,0.0,0.0,0.0,0.0,0.0,0.0,0.6923551335276573,0.30280470815490756,0.0,0.0,0.0,0.0,0.0,0.0,0.0,0.0,0.0,0.37562851461197616,0.0,0.0,0.0,0.0,0.2821904646944785,0.0,0.0,0.0,0.0,0.0,0.0,0.0,0.0,0.0,0.0,0.0,E11
5.0,0.0,11.0,1.0,0.0,0.22135968273463763,0.27280588538225176,0.0,0.19155498313298006,0.27280588538225176,0.0,0.0,0.0,0.0,0.0,0.0,0.0,0.0,0.0,0.0,0.0,0.0,0.0,0.22135968273463763,0.0,0.20283710310415376,0.7201791451902878,0.0,0.0,0.0,0.0,0.0,0.0,0.0,0.0,0.0,0.0,0.0,0.0,0.0,0.0,0.0,0.20966499272154374,0.0,0.0,0.0,0.0,0.0,0.0,0.19564512803276962,0.27280588538225176,0.0,0.0,0.0,E6
3.0,0.0,11.0,1.0,0.0,0.0,0.0,0.0,0.23428947065061007,0.0,0.0,0.0,0.0,0.0,0.0,0.0,0.0,0.0,0.0,0.3421481252964706,0.0,0.0,0.0,0.0,0.0,0.0,0.7550106335330056,0.2751728165091075,0.0,0.0,0.0,0.0,0.0,0.0,0.0,0.0,0.0,0.34135121926186185,0.0,0.0,0.0,0.0,0.2564396882569906,0.0,0.0,0.0,0.0,0.0,0.0,0.0,0.0,0.0,0.0,0.0,E11
3.0,0.0,11.0,2.0,0.0,0.0,0.0,0.0,0.2578159997202256,0.0,0.0,0.0,0.0,0.0,0.0,0.0,0.0,0.0,0.0,0.37650544316290596,0.0,0.0,0.0,0.0,0.0,0.0,0.6923551335276573,0.30280470815490756,0.0,0.0,0.0,0.0,0.0,0.0,0.0,0.0,0.0,0.37562851461197616,0.0,0.0,0.0,0.0,0.2821904646944785,0.0,0.0,0.0,0.0,0.0,0.0,0.0,0.0,0.0,0.0,0.0,E11
2.0,0.0,11.0,3.0,0.0,0.0,0.0,0.0,0.1661483052439899,0.0,0.0,0.0,0.0,0.0,0.24207202490079238,0.0,0.0,0.0,0.0,0.0,0.0,0.0,0.0,0.0,0.0,0.0,0.892370001764264,0.0,0.0,0.0,0.0,0.0,0.0,0.0,0.0,0.0,0.0,0.0,0.2426371573701316,0.0,0.0,0.0,0.0,0.24207202490079238,0.0,0.0,0.0,0.0,0.0,0.0,0.0,0.0,0.0,0.0,E13
3.0,0.0,11.0,3.0,0.0,0.0,0.0,0.0,0.3694506407597979,0.0,0.0,0.0,0.0,0.0,0.0,0.0,0.0,0.0,0.516449045413519,0.0,0.0,0.0,0.0,0.0,0.0,0.0,0.19842914946528173,0.0,0.5279263585842844,0.0,0.0,0.0,0.0,0.0,0.0,0.0,0.0,0.0,0.0,0.0,0.0,0.0,0.0,0.0,0.0,0.0,0.0,0.0,0.5279263585842844,0.0,0.0,0.0,0.0,0.0,E10
5.0,0.0,11.0,6.0,0.0,0.22135968273463763,0.27280588538225176,0.0,0.19155498313298006,0.27280588538225176,0.0,0.0,0.0,0.0,0.0,0.0,0.0,0.0,0.0,0.0,0.0,0.0,0.0,0.22135968273463763,0.0,0.20283710310415376,0.7201791451902878,0.0,0.0,0.0,0.0,0.0,0.0,0.0,0.0,0.0,0.0,0.0,0.0,0.0,0.0,0.0,0.20966499272154374,0.0,0.0,0.0,0.0,0.0,0.0,0.19564512803276962,0.27280588538225176,0.0,0.0,0.0,E6
3.0,0.0,11.0,8.0,0.0,0.0,0.0,0.0,0.3694506407597979,0.0,0.0,0.0,0.0,0.0,0.0,0.0,0.0,0.0,0.516449045413519,0.0,0.0,0.0,0.0,0.0,0.0,0.0,0.19842914946528173,0.0,0.5279263585842844,0.0,0.0,0.0,0.0,0.0,0.0,0.0,0.0,0.0,0.0,0.0,0.0,0.0,0.0,0.0,0.0,0.0,0.0,0.0,0.5279263585842844,0.0,0.0,0.0,0.0,0.0,E10
5.0,0.0,11.0,9.0,0.34964175913330614,0.0,0.0,0.34964175913330614,0.18175897080247522,0.0,0.0,0.0,0.0,0.0,0.0,0.0,0.0,0.0,0.0,0.0,0.0,0.0,0.0,0.0,0.0,0.19246412960801257,0.19524274154646273,0.0,0.0,0.34964175913330614,0.529674153202997,0.0,0.0,0.0,0.0,0.0,0.0,0.0,0.0,0.34964175913330614,0.0,0.0,0.0,0.0,0.0,0.0,0.0,0.0,0.0,0.0,0.0,0.34964175913330614,0.0,0.0,E7
2.0,0.0,11.0,9.0,0.0,0.0,0.0,0.0,0.15378644268229635,0.0,0.0,0.0,0.0,0.0,0.22406124171850228,0.0,0.0,0.0,0.0,0.0,0.0,0.0,0.0,0.0,0.0,0.0,0.908572908515739,0.0,0.0,0.0,0.0,0.0,0.0,0.0,0.0,0.0,0.0,0.0,0.2245843268741186,0.0,0.0,0.0,0.0,0.22406124171850228,0.0,0.0,0.0,0.0,0.0,0.0,0.0,0.0,0.0,0.0,E13
3.0,0.0,11.0,9.0,0.0,0.0,0.0,0.0,0.2578159997202256,0.0,0.0,0.0,0.0,0.0,0.0,0.0,0.0,0.0,0.0,0.37650544316290596,0.0,0.0,0.0,0.0,0.0,0.0,0.6923551335276573,0.30280470815490756,0.0,0.0,0.0,0.0,0.0,0.0,0.0,0.0,0.0,0.37562851461197616,0.0,0.0,0.0,0.0,0.2821904646944785,0.0,0.0,0.0,0.0,0.0,0.0,0.0,0.0,0.0,0.0,0.0,E11
2.0,0.0,11.0,10.0,0.0,0.0,0.0,0.0,0.1661483052439899,0.0,0.0,0.0,0.0,0.0,0.24207202490079238,0.0,0.0,0.0,0.0,0.0,0.0,0.0,0.0,0.0,0.0,0.0,0.892370001764264,0.0,0.0,0.0,0.0,0.0,0.0,0.0,0.0,0.0,0.0,0.0,0.2426371573701316,0.0,0.0,0.0,0.0,0.24207202490079238,0.0,0.0,0.0,0.0,0.0,0.0,0.0,0.0,0.0,0.0,E13
5.0,0.0,11.0,10.0,0.0,0.22135968273463763,0.27280588538225176,0.0,0.19155498313298006,0.27280588538225176,0.0,0.0,0.0,0.0,0.0,0.0,0.0,0.0,0.0,0.0,0.0,0.0,0.0,0.22135968273463763,0.0,0.20283710310415376,0.7201791451902878,0.0,0.0,0.0,0.0,0.0,0.0,0.0,0.0,0.0,0.0,0.0,0.0,0.0,0.0,0.0,0.20966499272154374,0.0,0.0,0.0,0.0,0.0,0.0,0.19564512803276962,0.27280588538225176,0.0,0.0,0.0,E6
5.0,0.0,11.0,10.0,0.35474964217380794,0.0,0.0,0.35474964217380794,0.18441427023444912,0.0,0.0,0.0,0.0,0.0,0.0,0.0,0.0,0.0,0.0,0.0,0.0,0.0,0.0,0.0,0.0,0.19527581968178004,0.09904751204822997,0.0,0.0,0.35474964217380794,0.5374121122810094,0.0,0.0,0.0,0.0,0.0,0.0,0.0,0.0,0.35474964217380794,0.0,0.0,0.0,0.0,0.0,0.0,0.0,0.0,0.0,0.0,0.0,0.35474964217380794,0.0,0.0,E7
3.0,0.0,11.0,12.0,0.0,0.0,0.0,0.0,0.23428947065061007,0.0,0.0,0.0,0.0,0.0,0.0,0.0,0.0,0.0,0.0,0.3421481252964706,0.0,0.0,0.0,0.0,0.0,0.0,0.7550106335330056,0.2751728165091075,0.0,0.0,0.0,0.0,0.0,0.0,0.0,0.0,0.0,0.34135121926186185,0.0,0.0,0.0,0.0,0.2564396882569906,0.0,0.0,0.0,0.0,0.0,0.0,0.0,0.0,0.0,0.0,0.0,E11
3.0,0.0,11.0,12.0,0.0,0.0,0.0,0.0,0.3694506407597979,0.0,0.0,0.0,0.0,0.0,0.0,0.0,0.0,0.0,0.516449045413519,0.0,0.0,0.0,0.0,0.0,0.0,0.0,0.19842914946528173,0.0,0.5279263585842844,0.0,0.0,0.0,0.0,0.0,0.0,0.0,0.0,0.0,0.0,0.0,0.0,0.0,0.0,0.0,0.0,0.0,0.0,0.0,0.5279263585842844,0.0,0.0,0.0,0.0,0.0,E10
2.0,0.0,11.0,13.0,0.0,0.0,0.0,0.0,0.1661483052439899,0.0,0.0,0.0,0.0,0.0,0.24207202490079238,0.0,0.0,0.0,0.0,0.0,0.0,0.0,0.0,0.0,0.0,0.0,0.892370001764264,0.0,0.0,0.0,0.0,0.0,0.0,0.0,0.0,0.0,0.0,0.0,0.2426371573701316,0.0,0.0,0.0,0.0,0.24207202490079238,0.0,0.0,0.0,0.0,0.0,0.0,0.0,0.0,0.0,0.0,E13
5.0,0.0,11.0,14.0,0.34964175913330614,0.0,0.0,0.34964175913330614,0.18175897080247522,0.0,0.0,0.0,0.0,0.0,0.0,0.0,0.0,0.0,0.0,0.0,0.0,0.0,0.0,0.0,0.0,0.19246412960801257,0.19524274154646273,0.0,0.0,0.34964175913330614,0.529674153202997,0.0,0.0,0.0,0.0,0.0,0.0,0.0,0.0,0.34964175913330614,0.0,0.0,0.0,0.0,0.0,0.0,0.0,0.0,0.0,0.0,0.0,0.34964175913330614,0.0,0.0,E7
3.0,0.0,11.0,14.0,0.0,0.0,0.0,0.0,0.23428947065061007,0.0,0.0,0.0,0.0,0.0,0.0,0.0,0.0,0.0,0.0,0.3421481252964706,0.0,0.0,0.0,0.0,0.0,0.0,0.7550106335330056,0.2751728165091075,0.0,0.0,0.0,0.0,0.0,0.0,0.0,0.0,0.0,0.34135121926186185,0.0,0.0,0.0,0.0,0.2564396882569906,0.0,0.0,0.0,0.0,0.0,0.0,0.0,0.0,0.0,0.0,0.0,E11
5.0,0.0,11.0,14.0,0.0,0.23836634715786661,0.29376506859060325,0.0,0.2062718063434884,0.29376506859060325,0.0,0.0,0.0,0.0,0.0,0.0,0.0,0.0,0.0,0.0,0.0,0.0,0.0,0.23836634715786661,0.0,0.2184207112050361,0.6647221778892567,0.0,0.0,0.0,0.0,0.0,0.0,0.0,0.0,0.0,0.0,0.0,0.0,0.0,0.0,0.0,0.22577317524360016,0.0,0.0,0.0,0.0,0.0,0.0,0.21067618968495705,0.29376506859060325,0.0,0.0,0.0,E6
5.0,0.0,11.0,14.0,0.0,0.23836634715786661,0.29376506859060325,0.0,0.2062718063434884,0.29376506859060325,0.0,0.0,0.0,0.0,0.0,0.0,0.0,0.0,0.0,0.0,0.0,0.0,0.0,0.23836634715786661,0.0,0.2184207112050361,0.6647221778892567,0.0,0.0,0.0,0.0,0.0,0.0,0.0,0.0,0.0,0.0,0.0,0.0,0.0,0.0,0.0,0.22577317524360016,0.0,0.0,0.0,0.0,0.0,0.0,0.21067618968495705,0.29376506859060325,0.0,0.0,0.0,E6
5.0,0.0,11.0,15.0,0.35474964217380794,0.0,0.0,0.35474964217380794,0.18441427023444912,0.0,0.0,0.0,0.0,0.0,0.0,0.0,0.0,0.0,0.0,0.0,0.0,0.0,0.0,0.0,0.0,0.19527581968178004,0.09904751204822997,0.0,0.0,0.35474964217380794,0.5374121122810094,0.0,0.0,0.0,0.0,0.0,0.0,0.0,0.0,0.35474964217380794,0.0,0.0,0.0,0.0,0.0,0.0,0.0,0.0,0.0,0.0,0.0,0.35474964217380794,0.0,0.0,E7
2.0,0.0,11.0,16.0,0.0,0.0,0.0,0.0,0.1661483052439899,0.0,0.0,0.0,0.0,0.0,0.24207202490079238,0.0,0.0,0.0,0.0,0.0,0.0,0.0,0.0,0.0,0.0,0.0,0.892370001764264,0.0,0.0,0.0,0.0,0.0,0.0,0.0,0.0,0.0,0.0,0.0,0.2426371573701316,0.0,0.0,0.0,0.0,0.24207202490079238,0.0,0.0,0.0,0.0,0.0,0.0,0.0,0.0,0.0,0.0,E13
3.0,0.0,11.0,16.0,0.0,0.0,0.0,0.0,0.34939103204185995,0.0,0.0,0.0,0.0,0.0,0.0,0.0,0.0,0.0,0.48840804444937863,0.0,0.0,0.0,0.0,0.0,0.0,0.0,0.37531057018216657,0.0,0.4992621880111665,0.0,0.0,0.0,0.0,0.0,0.0,0.0,0.0,0.0,0.0,0.0,0.0,0.0,0.0,0.0,0.0,0.0,0.0,0.0,0.4992621880111665,0.0,0.0,0.0,0.0,0.0,E10
5.0,0.0,11.0,16.0,0.0,0.22135968273463763,0.27280588538225176,0.0,0.19155498313298006,0.27280588538225176,0.0,0.0,0.0,0.0,0.0,0.0,0.0,0.0,0.0,0.0,0.0,0.0,0.0,0.22135968273463763,0.0,0.20283710310415376,0.7201791451902878,0.0,0.0,0.0,0.0,0.0,0.0,0.0,0.0,0.0,0.0,0.0,0.0,0.0,0.0,0.0,0.20966499272154374,0.0,0.0,0.0,0.0,0.0,0.0,0.19564512803276962,0.27280588538225176,0.0,0.0,0.0,E6
3.0,0.0,11.0,17.0,0.0,0.0,0.0,0.0,0.3694506407597979,0.0,0.0,0.0,0.0,0.0,0.0,0.0,0.0,0.0,0.516449045413519,0.0,0.0,0.0,0.0,0.0,0.0,0.0,0.19842914946528173,0.0,0.5279263585842844,0.0,0.0,0.0,0.0,0.0,0.0,0.0,0.0,0.0,0.0,0.0,0.0,0.0,0.0,0.0,0.0,0.0,0.0,0.0,0.5279263585842844,0.0,0.0,0.0,0.0,0.0,E10
2.0,0.0,11.0,17.0,0.0,0.0,0.0,0.0,0.1661483052439899,0.0,0.0,0.0,0.0,0.0,0.24207202490079238,0.0,0.0,0.0,0.0,0.0,0.0,0.0,0.0,0.0,0.0,0.0,0.892370001764264,0.0,0.0,0.0,0.0,0.0,0.0,0.0,0.0,0.0,0.0,0.0,0.2426371573701316,0.0,0.0,0.0,0.0,0.24207202490079238,0.0,0.0,0.0,0.0,0.0,0.0,0.0,0.0,0.0,0.0,E13
5.0,0.0,11.0,18.0,0.0,0.23836634715786661,0.29376506859060325,0.0,0.2062718063434884,0.29376506859060325,0.0,0.0,0.0,0.0,0.0,0.0,0.0,0.0,0.0,0.0,0.0,0.0,0.0,0.23836634715786661,0.0,0.2184207112050361,0.6647221778892567,0.0,0.0,0.0,0.0,0.0,0.0,0.0,0.0,0.0,0.0,0.0,0.0,0.0,0.0,0.0,0.22577317524360016,0.0,0.0,0.0,0.0,0.0,0.0,0.21067618968495705,0.29376506859060325,0.0,0.0,0.0,E6
3.0,0.0,11.0,18.0,0.0,0.0,0.0,0.0,0.23428947065061007,0.0,0.0,0.0,0.0,0.0,0.0,0.0,0.0,0.0,0.0,0.3421481252964706,0.0,0.0,0.0,0.0,0.0,0.0,0.7550106335330056,0.2751728165091075,0.0,0.0,0.0,0.0,0.0,0.0,0.0,0.0,0.0,0.34135121926186185,0.0,0.0,0.0,0.0,0.2564396882569906,0.0,0.0,0.0,0.0,0.0,0.0,0.0,0.0,0.0,0.0,0.0,E11
5.0,0.0,11.0,19.0,0.0,0.22135968273463763,0.27280588538225176,0.0,0.19155498313298006,0.27280588538225176,0.0,0.0,0.0,0.0,0.0,0.0,0.0,0.0,0.0,0.0,0.0,0.0,0.0,0.22135968273463763,0.0,0.20283710310415376,0.7201791451902878,0.0,0.0,0.0,0.0,0.0,0.0,0.0,0.0,0.0,0.0,0.0,0.0,0.0,0.0,0.0,0.20966499272154374,0.0,0.0,0.0,0.0,0.0,0.0,0.19564512803276962,0.27280588538225176,0.0,0.0,0.0,E6
5.0,0.0,11.0,19.0,0.0,0.22135968273463763,0.27280588538225176,0.0,0.19155498313298006,0.27280588538225176,0.0,0.0,0.0,0.0,0.0,0.0,0.0,0.0,0.0,0.0,0.0,0.0,0.0,0.22135968273463763,0.0,0.20283710310415376,0.7201791451902878,0.0,0.0,0.0,0.0,0.0,0.0,0.0,0.0,0.0,0.0,0.0,0.0,0.0,0.0,0.0,0.20966499272154374,0.0,0.0,0.0,0.0,0.0,0.0,0.19564512803276962,0.27280588538225176,0.0,0.0,0.0,E6
2.0,0.0,11.0,20.0,0.0,0.0,0.0,0.0,0.15378644268229635,0.0,0.0,0.0,0.0,0.0,0.22406124171850228,0.0,0.0,0.0,0.0,0.0,0.0,0.0,0.0,0.0,0.0,0.0,0.908572908515739,0.0,0.0,0.0,0.0,0.0,0.0,0.0,0.0,0.0,0.0,0.0,0.2245843268741186,0.0,0.0,0.0,0.0,0.22406124171850228,0.0,0.0,0.0,0.0,0.0,0.0,0.0,0.0,0.0,0.0,E13
3.0,0.0,11.0,21.0,0.0,0.0,0.0,0.0,0.3694506407597979,0.0,0.0,0.0,0.0,0.0,0.0,0.0,0.0,0.0,0.516449045413519,0.0,0.0,0.0,0.0,0.0,0.0,0.0,0.19842914946528173,0.0,0.5279263585842844,0.0,0.0,0.0,0.0,0.0,0.0,0.0,0.0,0.0,0.0,0.0,0.0,0.0,0.0,0.0,0.0,0.0,0.0,0.0,0.5279263585842844,0.0,0.0,0.0,0.0,0.0,E10
0.0,0.0,11.0,21.0,0.0,0.0,0.0,0.0,0.11904505988018863,0.0,0.0,0.0,0.0,0.0,0.0,0.0,0.0,0.0,0.33282230833260856,0.0,0.0,0.0,0.0,0.0,0.0,0.0,0.0,0.0,0.0,0.0,0.0,0.0,0.0,0.0,0.0,0.0,0.0,0.0,0.0,0.0,0.0,0.0,0.0,0.0,0.0,0.0,0.0,0.6614595924144862,0.0,0.0,0.0,0.0,0.6614595924144862,0.0,E14
2.0,0.0,11.0,22.0,0.0,0.0,0.0,0.0,0.1661483052439899,0.0,0.0,0.0,0.0,0.0,0.24207202490079238,0.0,0.0,0.0,0.0,0.0,0.0,0.0,0.0,0.0,0.0,0.0,0.892370001764264,0.0,0.0,0.0,0.0,0.0,0.0,0.0,0.0,0.0,0.0,0.0,0.2426371573701316,0.0,0.0,0.0,0.0,0.24207202490079238,0.0,0.0,0.0,0.0,0.0,0.0,0.0,0.0,0.0,0.0,E13
2.0,0.0,11.0,23.0,0.0,0.0,0.0,0.0,0.1661483052439899,0.0,0.0,0.0,0.0,0.0,0.24207202490079238,0.0,0.0,0.0,0.0,0.0,0.0,0.0,0.0,0.0,0.0,0.0,0.892370001764264,0.0,0.0,0.0,0.0,0.0,0.0,0.0,0.0,0.0,0.0,0.0,0.2426371573701316,0.0,0.0,0.0,0.0,0.24207202490079238,0.0,0.0,0.0,0.0,0.0,0.0,0.0,0.0,0.0,0.0,E13
3.0,0.0,11.0,23.0,0.0,0.0,0.0,0.0,0.34939103204185995,0.0,0.0,0.0,0.0,0.0,0.0,0.0,0.0,0.0,0.48840804444937863,0.0,0.0,0.0,0.0,0.0,0.0,0.0,0.37531057018216657,0.0,0.4992621880111665,0.0,0.0,0.0,0.0,0.0,0.0,0.0,0.0,0.0,0.0,0.0,0.0,0.0,0.0,0.0,0.0,0.0,0.0,0.0,0.4992621880111665,0.0,0.0,0.0,0.0,0.0,E10
5.0,0.0,11.0,24.0,0.0,0.22135968273463763,0.27280588538225176,0.0,0.19155498313298006,0.27280588538225176,0.0,0.0,0.0,0.0,0.0,0.0,0.0,0.0,0.0,0.0,0.0,0.0,0.0,0.22135968273463763,0.0,0.20283710310415376,0.7201791451902878,0.0,0.0,0.0,0.0,0.0,0.0,0.0,0.0,0.0,0.0,0.0,0.0,0.0,0.0,0.0,0.20966499272154374,0.0,0.0,0.0,0.0,0.0,0.0,0.19564512803276962,0.27280588538225176,0.0,0.0,0.0,E6
3.0,0.0,11.0,25.0,0.0,0.0,0.0,0.0,0.2578159997202256,0.0,0.0,0.0,0.0,0.0,0.0,0.0,0.0,0.0,0.0,0.37650544316290596,0.0,0.0,0.0,0.0,0.0,0.0,0.6923551335276573,0.30280470815490756,0.0,0.0,0.0,0.0,0.0,0.0,0.0,0.0,0.0,0.37562851461197616,0.0,0.0,0.0,0.0,0.2821904646944785,0.0,0.0,0.0,0.0,0.0,0.0,0.0,0.0,0.0,0.0,0.0,E11
2.0,0.0,11.0,25.0,0.0,0.0,0.0,0.0,0.1661483052439899,0.0,0.0,0.0,0.0,0.0,0.24207202490079238,0.0,0.0,0.0,0.0,0.0,0.0,0.0,0.0,0.0,0.0,0.0,0.892370001764264,0.0,0.0,0.0,0.0,0.0,0.0,0.0,0.0,0.0,0.0,0.0,0.2426371573701316,0.0,0.0,0.0,0.0,0.24207202490079238,0.0,0.0,0.0,0.0,0.0,0.0,0.0,0.0,0.0,0.0,E13
2.0,0.0,11.0,26.0,0.0,0.0,0.0,0.0,0.15378644268229635,0.0,0.0,0.0,0.0,0.0,0.22406124171850228,0.0,0.0,0.0,0.0,0.0,0.0,0.0,0.0,0.0,0.0,0.0,0.908572908515739,0.0,0.0,0.0,0.0,0.0,0.0,0.0,0.0,0.0,0.0,0.0,0.2245843268741186,0.0,0.0,0.0,0.0,0.22406124171850228,0.0,0.0,0.0,0.0,0.0,0.0,0.0,0.0,0.0,0.0,E13
3.0,0.0,11.0,26.0,0.0,0.0,0.0,0.0,0.23428947065061007,0.0,0.0,0.0,0.0,0.0,0.0,0.0,0.0,0.0,0.0,0.3421481252964706,0.0,0.0,0.0,0.0,0.0,0.0,0.7550106335330056,0.2751728165091075,0.0,0.0,0.0,0.0,0.0,0.0,0.0,0.0,0.0,0.34135121926186185,0.0,0.0,0.0,0.0,0.2564396882569906,0.0,0.0,0.0,0.0,0.0,0.0,0.0,0.0,0.0,0.0,0.0,E11
3.0,0.0,11.0,26.0,0.0,0.0,0.0,0.0,0.2578159997202256,0.0,0.0,0.0,0.0,0.0,0.0,0.0,0.0,0.0,0.0,0.37650544316290596,0.0,0.0,0.0,0.0,0.0,0.0,0.6923551335276573,0.30280470815490756,0.0,0.0,0.0,0.0,0.0,0.0,0.0,0.0,0.0,0.37562851461197616,0.0,0.0,0.0,0.0,0.2821904646944785,0.0,0.0,0.0,0.0,0.0,0.0,0.0,0.0,0.0,0.0,0.0,E11
2.0,0.0,11.0,27.0,0.0,0.0,0.0,0.0,0.1661483052439899,0.0,0.0,0.0,0.0,0.0,0.24207202490079238,0.0,0.0,0.0,0.0,0.0,0.0,0.0,0.0,0.0,0.0,0.0,0.892370001764264,0.0,0.0,0.0,0.0,0.0,0.0,0.0,0.0,0.0,0.0,0.0,0.2426371573701316,0.0,0.0,0.0,0.0,0.24207202490079238,0.0,0.0,0.0,0.0,0.0,0.0,0.0,0.0,0.0,0.0,E13
3.0,0.0,11.0,27.0,0.0,0.0,0.0,0.0,0.23428947065061007,0.0,0.0,0.0,0.0,0.0,0.0,0.0,0.0,0.0,0.0,0.3421481252964706,0.0,0.0,0.0,0.0,0.0,0.0,0.7550106335330056,0.2751728165091075,0.0,0.0,0.0,0.0,0.0,0.0,0.0,0.0,0.0,0.34135121926186185,0.0,0.0,0.0,0.0,0.2564396882569906,0.0,0.0,0.0,0.0,0.0,0.0,0.0,0.0,0.0,0.0,0.0,E11
5.0,0.0,11.0,27.0,0.0,0.23836634715786661,0.29376506859060325,0.0,0.2062718063434884,0.29376506859060325,0.0,0.0,0.0,0.0,0.0,0.0,0.0,0.0,0.0,0.0,0.0,0.0,0.0,0.23836634715786661,0.0,0.2184207112050361,0.6647221778892567,0.0,0.0,0.0,0.0,0.0,0.0,0.0,0.0,0.0,0.0,0.0,0.0,0.0,0.0,0.0,0.22577317524360016,0.0,0.0,0.0,0.0,0.0,0.0,0.21067618968495705,0.29376506859060325,0.0,0.0,0.0,E6
5.0,0.0,11.0,28.0,0.0,0.23836634715786661,0.29376506859060325,0.0,0.2062718063434884,0.29376506859060325,0.0,0.0,0.0,0.0,0.0,0.0,0.0,0.0,0.0,0.0,0.0,0.0,0.0,0.23836634715786661,0.0,0.2184207112050361,0.6647221778892567,0.0,0.0,0.0,0.0,0.0,0.0,0.0,0.0,0.0,0.0,0.0,0.0,0.0,0.0,0.0,0.22577317524360016,0.0,0.0,0.0,0.0,0.0,0.0,0.21067618968495705,0.29376506859060325,0.0,0.0,0.0,E6
2.0,0.0,11.0,30.0,0.0,0.0,0.0,0.0,0.1661483052439899,0.0,0.0,0.0,0.0,0.0,0.24207202490079238,0.0,0.0,0.0,0.0,0.0,0.0,0.0,0.0,0.0,0.0,0.0,0.892370001764264,0.0,0.0,0.0,0.0,0.0,0.0,0.0,0.0,0.0,0.0,0.0,0.2426371573701316,0.0,0.0,0.0,0.0,0.24207202490079238,0.0,0.0,0.0,0.0,0.0,0.0,0.0,0.0,0.0,0.0,E13
3.0,0.0,11.0,34.0,0.0,0.0,0.0,0.0,0.2578159997202256,0.0,0.0,0.0,0.0,0.0,0.0,0.0,0.0,0.0,0.0,0.37650544316290596,0.0,0.0,0.0,0.0,0.0,0.0,0.6923551335276573,0.30280470815490756,0.0,0.0,0.0,0.0,0.0,0.0,0.0,0.0,0.0,0.37562851461197616,0.0,0.0,0.0,0.0,0.2821904646944785,0.0,0.0,0.0,0.0,0.0,0.0,0.0,0.0,0.0,0.0,0.0,E11
4.0,0.0,11.0,36.0,0.0,0.0,0.0,0.0,0.34040857727446816,0.0,0.34324002279077004,0.34324002279077004,0.0,0.34324002279077004,0.0,0.34324002279077004,0.0,0.34324002279077004,0.0,0.0,0.0,0.34324002279077004,0.0,0.0,0.34324002279077004,0.0,0.24377450194824343,0.0,0.0,0.0,0.0,0.0,0.0,0.0,0.0,0.0,0.0,0.0,0.0,0.0,0.0,0.0,0.0,0.0,0.0,0.0,0.0,0.0,0.0,0.0,0.0,0.0,0.0,0.0,E9
3.0,0.0,11.0,39.0,0.0,0.0,0.0,0.0,0.2578159997202256,0.0,0.0,0.0,0.0,0.0,0.0,0.0,0.0,0.0,0.0,0.37650544316290596,0.0,0.0,0.0,0.0,0.0,0.0,0.6923551335276573,0.30280470815490756,0.0,0.0,0.0,0.0,0.0,0.0,0.0,0.0,0.0,0.37562851461197616,0.0,0.0,0.0,0.0,0.2821904646944785,0.0,0.0,0.0,0.0,0.0,0.0,0.0,0.0,0.0,0.0,0.0,E11
3.0,0.0,11.0,39.0,0.0,0.0,0.0,0.0,0.23428947065061007,0.0,0.0,0.0,0.0,0.0,0.0,0.0,0.0,0.0,0.0,0.3421481252964706,0.0,0.0,0.0,0.0,0.0,0.0,0.7550106335330056,0.2751728165091075,0.0,0.0,0.0,0.0,0.0,0.0,0.0,0.0,0.0,0.34135121926186185,0.0,0.0,0.0,0.0,0.2564396882569906,0.0,0.0,0.0,0.0,0.0,0.0,0.0,0.0,0.0,0.0,0.0,E11
2.0,0.0,11.0,39.0,0.0,0.0,0.0,0.0,0.15378644268229635,0.0,0.0,0.0,0.0,0.0,0.22406124171850228,0.0,0.0,0.0,0.0,0.0,0.0,0.0,0.0,0.0,0.0,0.0,0.908572908515739,0.0,0.0,0.0,0.0,0.0,0.0,0.0,0.0,0.0,0.0,0.0,0.2245843268741186,0.0,0.0,0.0,0.0,0.22406124171850228,0.0,0.0,0.0,0.0,0.0,0.0,0.0,0.0,0.0,0.0,E13
3.0,0.0,11.0,40.0,0.0,0.0,0.0,0.0,0.3694506407597979,0.0,0.0,0.0,0.0,0.0,0.0,0.0,0.0,0.0,0.516449045413519,0.0,0.0,0.0,0.0,0.0,0.0,0.0,0.19842914946528173,0.0,0.5279263585842844,0.0,0.0,0.0,0.0,0.0,0.0,0.0,0.0,0.0,0.0,0.0,0.0,0.0,0.0,0.0,0.0,0.0,0.0,0.0,0.5279263585842844,0.0,0.0,0.0,0.0,0.0,E10
3.0,0.0,11.0,40.0,0.0,0.0,0.0,0.0,0.34939103204185995,0.0,0.0,0.0,0.0,0.0,0.0,0.0,0.0,0.0,0.48840804444937863,0.0,0.0,0.0,0.0,0.0,0.0,0.0,0.37531057018216657,0.0,0.4992621880111665,0.0,0.0,0.0,0.0,0.0,0.0,0.0,0.0,0.0,0.0,0.0,0.0,0.0,0.0,0.0,0.0,0.0,0.0,0.0,0.4992621880111665,0.0,0.0,0.0,0.0,0.0,E10
2.0,0.0,11.0,40.0,0.0,0.0,0.0,0.0,0.1661483052439899,0.0,0.0,0.0,0.0,0.0,0.24207202490079238,0.0,0.0,0.0,0.0,0.0,0.0,0.0,0.0,0.0,0.0,0.0,0.892370001764264,0.0,0.0,0.0,0.0,0.0,0.0,0.0,0.0,0.0,0.0,0.0,0.2426371573701316,0.0,0.0,0.0,0.0,0.24207202490079238,0.0,0.0,0.0,0.0,0.0,0.0,0.0,0.0,0.0,0.0,E13
5.0,0.0,11.0,41.0,0.0,0.22135968273463763,0.27280588538225176,0.0,0.19155498313298006,0.27280588538225176,0.0,0.0,0.0,0.0,0.0,0.0,0.0,0.0,0.0,0.0,0.0,0.0,0.0,0.22135968273463763,0.0,0.20283710310415376,0.7201791451902878,0.0,0.0,0.0,0.0,0.0,0.0,0.0,0.0,0.0,0.0,0.0,0.0,0.0,0.0,0.0,0.20966499272154374,0.0,0.0,0.0,0.0,0.0,0.0,0.19564512803276962,0.27280588538225176,0.0,0.0,0.0,E6
3.0,0.0,11.0,41.0,0.0,0.0,0.0,0.0,0.23428947065061007,0.0,0.0,0.0,0.0,0.0,0.0,0.0,0.0,0.0,0.0,0.3421481252964706,0.0,0.0,0.0,0.0,0.0,0.0,0.7550106335330056,0.2751728165091075,0.0,0.0,0.0,0.0,0.0,0.0,0.0,0.0,0.0,0.34135121926186185,0.0,0.0,0.0,0.0,0.2564396882569906,0.0,0.0,0.0,0.0,0.0,0.0,0.0,0.0,0.0,0.0,0.0,E11
2.0,0.0,11.0,42.0,0.0,0.0,0.0,0.0,0.15378644268229635,0.0,0.0,0.0,0.0,0.0,0.22406124171850228,0.0,0.0,0.0,0.0,0.0,0.0,0.0,0.0,0.0,0.0,0.0,0.908572908515739,0.0,0.0,0.0,0.0,0.0,0.0,0.0,0.0,0.0,0.0,0.0,0.2245843268741186,0.0,0.0,0.0,0.0,0.22406124171850228,0.0,0.0,0.0,0.0,0.0,0.0,0.0,0.0,0.0,0.0,E13
5.0,0.0,11.0,43.0,0.42065851888062217,0.0,0.0,0.42065851888062217,0.21867656666801216,0.0,0.0,0.0,0.0,0.0,0.0,0.0,0.0,0.0,0.0,0.0,0.0,0.0,0.0,0.0,0.0,0.231556081571157,0.11744953275134055,0.0,0.0,0.42065851888062217,0.0,0.0,0.0,0.0,0.0,0.0,0.0,0.0,0.0,0.42065851888062217,0.0,0.0,0.0,0.0,0.0,0.0,0.0,0.0,0.0,0.0,0.0,0.42065851888062217,0.0,0.0,E7
3.0,0.0,11.0,43.0,0.0,0.0,0.0,0.0,0.2578159997202256,0.0,0.0,0.0,0.0,0.0,0.0,0.0,0.0,0.0,0.0,0.37650544316290596,0.0,0.0,0.0,0.0,0.0,0.0,0.6923551335276573,0.30280470815490756,0.0,0.0,0.0,0.0,0.0,0.0,0.0,0.0,0.0,0.37562851461197616,0.0,0.0,0.0,0.0,0.2821904646944785,0.0,0.0,0.0,0.0,0.0,0.0,0.0,0.0,0.0,0.0,0.0,E11
5.0,0.0,11.0,43.0,0.0,0.22135968273463763,0.27280588538225176,0.0,0.19155498313298006,0.27280588538225176,0.0,0.0,0.0,0.0,0.0,0.0,0.0,0.0,0.0,0.0,0.0,0.0,0.0,0.22135968273463763,0.0,0.20283710310415376,0.7201791451902878,0.0,0.0,0.0,0.0,0.0,0.0,0.0,0.0,0.0,0.0,0.0,0.0,0.0,0.0,0.0,0.20966499272154374,0.0,0.0,0.0,0.0,0.0,0.0,0.19564512803276962,0.27280588538225176,0.0,0.0,0.0,E6
5.0,0.0,11.0,43.0,0.0,0.23836634715786661,0.29376506859060325,0.0,0.2062718063434884,0.29376506859060325,0.0,0.0,0.0,0.0,0.0,0.0,0.0,0.0,0.0,0.0,0.0,0.0,0.0,0.23836634715786661,0.0,0.2184207112050361,0.6647221778892567,0.0,0.0,0.0,0.0,0.0,0.0,0.0,0.0,0.0,0.0,0.0,0.0,0.0,0.0,0.0,0.22577317524360016,0.0,0.0,0.0,0.0,0.0,0.0,0.21067618968495705,0.29376506859060325,0.0,0.0,0.0,E6
2.0,0.0,11.0,43.0,0.0,0.0,0.0,0.0,0.1661483052439899,0.0,0.0,0.0,0.0,0.0,0.24207202490079238,0.0,0.0,0.0,0.0,0.0,0.0,0.0,0.0,0.0,0.0,0.0,0.892370001764264,0.0,0.0,0.0,0.0,0.0,0.0,0.0,0.0,0.0,0.0,0.0,0.2426371573701316,0.0,0.0,0.0,0.0,0.24207202490079238,0.0,0.0,0.0,0.0,0.0,0.0,0.0,0.0,0.0,0.0,E13
2.0,0.0,11.0,43.0,0.0,0.0,0.0,0.0,0.15378644268229635,0.0,0.0,0.0,0.0,0.0,0.22406124171850228,0.0,0.0,0.0,0.0,0.0,0.0,0.0,0.0,0.0,0.0,0.0,0.908572908515739,0.0,0.0,0.0,0.0,0.0,0.0,0.0,0.0,0.0,0.0,0.0,0.2245843268741186,0.0,0.0,0.0,0.0,0.22406124171850228,0.0,0.0,0.0,0.0,0.0,0.0,0.0,0.0,0.0,0.0,E13
2.0,0.0,11.0,44.0,0.0,0.0,0.0,0.0,0.15378644268229635,0.0,0.0,0.0,0.0,0.0,0.22406124171850228,0.0,0.0,0.0,0.0,0.0,0.0,0.0,0.0,0.0,0.0,0.0,0.908572908515739,0.0,0.0,0.0,0.0,0.0,0.0,0.0,0.0,0.0,0.0,0.0,0.2245843268741186,0.0,0.0,0.0,0.0,0.22406124171850228,0.0,0.0,0.0,0.0,0.0,0.0,0.0,0.0,0.0,0.0,E13
5.0,0.0,11.0,44.0,0.41221558671081765,0.0,0.0,0.41221558671081765,0.2142875638625615,0.0,0.0,0.0,0.0,0.0,0.0,0.0,0.0,0.0,0.0,0.0,0.0,0.0,0.0,0.0,0.0,0.2269085772357799,0.23018446497095518,0.0,0.0,0.41221558671081765,0.0,0.0,0.0,0.0,0.0,0.0,0.0,0.0,0.0,0.41221558671081765,0.0,0.0,0.0,0.0,0.0,0.0,0.0,0.0,0.0,0.0,0.0,0.41221558671081765,0.0,0.0,E7
2.0,0.0,11.0,45.0,0.0,0.0,0.0,0.0,0.1661483052439899,0.0,0.0,0.0,0.0,0.0,0.24207202490079238,0.0,0.0,0.0,0.0,0.0,0.0,0.0,0.0,0.0,0.0,0.0,0.892370001764264,0.0,0.0,0.0,0.0,0.0,0.0,0.0,0.0,0.0,0.0,0.0,0.2426371573701316,0.0,0.0,0.0,0.0,0.24207202490079238,0.0,0.0,0.0,0.0,0.0,0.0,0.0,0.0,0.0,0.0,E13
3.0,0.0,11.0,46.0,0.0,0.0,0.0,0.0,0.34939103204185995,0.0,0.0,0.0,0.0,0.0,0.0,0.0,0.0,0.0,0.48840804444937863,0.0,0.0,0.0,0.0,0.0,0.0,0.0,0.37531057018216657,0.0,0.4992621880111665,0.0,0.0,0.0,0.0,0.0,0.0,0.0,0.0,0.0,0.0,0.0,0.0,0.0,0.0,0.0,0.0,0.0,0.0,0.0,0.4992621880111665,0.0,0.0,0.0,0.0,0.0,E10
3.0,0.0,11.0,47.0,0.0,0.0,0.0,0.0,0.34939103204185995,0.0,0.0,0.0,0.0,0.0,0.0,0.0,0.0,0.0,0.48840804444937863,0.0,0.0,0.0,0.0,0.0,0.0,0.0,0.37531057018216657,0.0,0.4992621880111665,0.0,0.0,0.0,0.0,0.0,0.0,0.0,0.0,0.0,0.0,0.0,0.0,0.0,0.0,0.0,0.0,0.0,0.0,0.0,0.4992621880111665,0.0,0.0,0.0,0.0,0.0,E10
2.0,0.0,11.0,47.0,0.0,0.0,0.0,0.0,0.1661483052439899,0.0,0.0,0.0,0.0,0.0,0.24207202490079238,0.0,0.0,0.0,0.0,0.0,0.0,0.0,0.0,0.0,0.0,0.0,0.892370001764264,0.0,0.0,0.0,0.0,0.0,0.0,0.0,0.0,0.0,0.0,0.0,0.2426371573701316,0.0,0.0,0.0,0.0,0.24207202490079238,0.0,0.0,0.0,0.0,0.0,0.0,0.0,0.0,0.0,0.0,E13
2.0,0.0,11.0,47.0,0.0,0.0,0.0,0.0,0.1661483052439899,0.0,0.0,0.0,0.0,0.0,0.24207202490079238,0.0,0.0,0.0,0.0,0.0,0.0,0.0,0.0,0.0,0.0,0.0,0.892370001764264,0.0,0.0,0.0,0.0,0.0,0.0,0.0,0.0,0.0,0.0,0.0,0.2426371573701316,0.0,0.0,0.0,0.0,0.24207202490079238,0.0,0.0,0.0,0.0,0.0,0.0,0.0,0.0,0.0,0.0,E13
5.0,0.0,11.0,50.0,0.0,0.23836634715786661,0.29376506859060325,0.0,0.2062718063434884,0.29376506859060325,0.0,0.0,0.0,0.0,0.0,0.0,0.0,0.0,0.0,0.0,0.0,0.0,0.0,0.23836634715786661,0.0,0.2184207112050361,0.6647221778892567,0.0,0.0,0.0,0.0,0.0,0.0,0.0,0.0,0.0,0.0,0.0,0.0,0.0,0.0,0.0,0.22577317524360016,0.0,0.0,0.0,0.0,0.0,0.0,0.21067618968495705,0.29376506859060325,0.0,0.0,0.0,E6
2.0,0.0,11.0,52.0,0.0,0.0,0.0,0.0,0.15378644268229635,0.0,0.0,0.0,0.0,0.0,0.22406124171850228,0.0,0.0,0.0,0.0,0.0,0.0,0.0,0.0,0.0,0.0,0.0,0.908572908515739,0.0,0.0,0.0,0.0,0.0,0.0,0.0,0.0,0.0,0.0,0.0,0.2245843268741186,0.0,0.0,0.0,0.0,0.22406124171850228,0.0,0.0,0.0,0.0,0.0,0.0,0.0,0.0,0.0,0.0,E13
2.0,0.0,11.0,52.0,0.0,0.0,0.0,0.0,0.1661483052439899,0.0,0.0,0.0,0.0,0.0,0.24207202490079238,0.0,0.0,0.0,0.0,0.0,0.0,0.0,0.0,0.0,0.0,0.0,0.892370001764264,0.0,0.0,0.0,0.0,0.0,0.0,0.0,0.0,0.0,0.0,0.0,0.2426371573701316,0.0,0.0,0.0,0.0,0.24207202490079238,0.0,0.0,0.0,0.0,0.0,0.0,0.0,0.0,0.0,0.0,E13
2.0,0.0,11.0,52.0,0.0,0.0,0.0,0.0,0.1661483052439899,0.0,0.0,0.0,0.0,0.0,0.24207202490079238,0.0,0.0,0.0,0.0,0.0,0.0,0.0,0.0,0.0,0.0,0.0,0.892370001764264,0.0,0.0,0.0,0.0,0.0,0.0,0.0,0.0,0.0,0.0,0.0,0.2426371573701316,0.0,0.0,0.0,0.0,0.24207202490079238,0.0,0.0,0.0,0.0,0.0,0.0,0.0,0.0,0.0,0.0,E13
2.0,0.0,11.0,54.0,0.0,0.0,0.0,0.0,0.15378644268229635,0.0,0.0,0.0,0.0,0.0,0.22406124171850228,0.0,0.0,0.0,0.0,0.0,0.0,0.0,0.0,0.0,0.0,0.0,0.908572908515739,0.0,0.0,0.0,0.0,0.0,0.0,0.0,0.0,0.0,0.0,0.0,0.2245843268741186,0.0,0.0,0.0,0.0,0.22406124171850228,0.0,0.0,0.0,0.0,0.0,0.0,0.0,0.0,0.0,0.0,E13
2.0,0.0,11.0,55.0,0.0,0.0,0.0,0.0,0.1661483052439899,0.0,0.0,0.0,0.0,0.0,0.24207202490079238,0.0,0.0,0.0,0.0,0.0,0.0,0.0,0.0,0.0,0.0,0.0,0.892370001764264,0.0,0.0,0.0,0.0,0.0,0.0,0.0,0.0,0.0,0.0,0.0,0.2426371573701316,0.0,0.0,0.0,0.0,0.24207202490079238,0.0,0.0,0.0,0.0,0.0,0.0,0.0,0.0,0.0,0.0,E13
5.0,0.0,11.0,56.0,0.0,0.22135968273463763,0.27280588538225176,0.0,0.19155498313298006,0.27280588538225176,0.0,0.0,0.0,0.0,0.0,0.0,0.0,0.0,0.0,0.0,0.0,0.0,0.0,0.22135968273463763,0.0,0.20283710310415376,0.7201791451902878,0.0,0.0,0.0,0.0,0.0,0.0,0.0,0.0,0.0,0.0,0.0,0.0,0.0,0.0,0.0,0.20966499272154374,0.0,0.0,0.0,0.0,0.0,0.0,0.19564512803276962,0.27280588538225176,0.0,0.0,0.0,E6
3.0,0.0,11.0,57.0,0.0,0.0,0.0,0.0,0.34939103204185995,0.0,0.0,0.0,0.0,0.0,0.0,0.0,0.0,0.0,0.48840804444937863,0.0,0.0,0.0,0.0,0.0,0.0,0.0,0.37531057018216657,0.0,0.4992621880111665,0.0,0.0,0.0,0.0,0.0,0.0,0.0,0.0,0.0,0.0,0.0,0.0,0.0,0.0,0.0,0.0,0.0,0.0,0.0,0.4992621880111665,0.0,0.0,0.0,0.0,0.0,E10
3.0,0.0,11.0,57.0,0.0,0.0,0.0,0.0,0.23428947065061007,0.0,0.0,0.0,0.0,0.0,0.0,0.0,0.0,0.0,0.0,0.3421481252964706,0.0,0.0,0.0,0.0,0.0,0.0,0.7550106335330056,0.2751728165091075,0.0,0.0,0.0,0.0,0.0,0.0,0.0,0.0,0.0,0.34135121926186185,0.0,0.0,0.0,0.0,0.2564396882569906,0.0,0.0,0.0,0.0,0.0,0.0,0.0,0.0,0.0,0.0,0.0,E11
5.0,0.0,11.0,57.0,0.0,0.23836634715786661,0.29376506859060325,0.0,0.2062718063434884,0.29376506859060325,0.0,0.0,0.0,0.0,0.0,0.0,0.0,0.0,0.0,0.0,0.0,0.0,0.0,0.23836634715786661,0.0,0.2184207112050361,0.6647221778892567,0.0,0.0,0.0,0.0,0.0,0.0,0.0,0.0,0.0,0.0,0.0,0.0,0.0,0.0,0.0,0.22577317524360016,0.0,0.0,0.0,0.0,0.0,0.0,0.21067618968495705,0.29376506859060325,0.0,0.0,0.0,E6
3.0,0.0,11.0,57.0,0.0,0.0,0.0,0.0,0.3694506407597979,0.0,0.0,0.0,0.0,0.0,0.0,0.0,0.0,0.0,0.516449045413519,0.0,0.0,0.0,0.0,0.0,0.0,0.0,0.19842914946528173,0.0,0.5279263585842844,0.0,0.0,0.0,0.0,0.0,0.0,0.0,0.0,0.0,0.0,0.0,0.0,0.0,0.0,0.0,0.0,0.0,0.0,0.0,0.5279263585842844,0.0,0.0,0.0,0.0,0.0,E10
5.0,0.0,11.0,58.0,0.0,0.23836634715786661,0.29376506859060325,0.0,0.2062718063434884,0.29376506859060325,0.0,0.0,0.0,0.0,0.0,0.0,0.0,0.0,0.0,0.0,0.0,0.0,0.0,0.23836634715786661,0.0,0.2184207112050361,0.6647221778892567,0.0,0.0,0.0,0.0,0.0,0.0,0.0,0.0,0.0,0.0,0.0,0.0,0.0,0.0,0.0,0.22577317524360016,0.0,0.0,0.0,0.0,0.0,0.0,0.21067618968495705,0.29376506859060325,0.0,0.0,0.0,E6
3.0,0.0,11.0,59.0,0.0,0.0,0.0,0.0,0.23428947065061007,0.0,0.0,0.0,0.0,0.0,0.0,0.0,0.0,0.0,0.0,0.3421481252964706,0.0,0.0,0.0,0.0,0.0,0.0,0.7550106335330056,0.2751728165091075,0.0,0.0,0.0,0.0,0.0,0.0,0.0,0.0,0.0,0.34135121926186185,0.0,0.0,0.0,0.0,0.2564396882569906,0.0,0.0,0.0,0.0,0.0,0.0,0.0,0.0,0.0,0.0,0.0,E11
3.0,0.0,12.0,1.0,0.0,0.0,0.0,0.0,0.34939103204185995,0.0,0.0,0.0,0.0,0.0,0.0,0.0,0.0,0.0,0.48840804444937863,0.0,0.0,0.0,0.0,0.0,0.0,0.0,0.37531057018216657,0.0,0.4992621880111665,0.0,0.0,0.0,0.0,0.0,0.0,0.0,0.0,0.0,0.0,0.0,0.0,0.0,0.0,0.0,0.0,0.0,0.0,0.0,0.4992621880111665,0.0,0.0,0.0,0.0,0.0,E10
3.0,0.0,12.0,1.0,0.0,0.0,0.0,0.0,0.34939103204185995,0.0,0.0,0.0,0.0,0.0,0.0,0.0,0.0,0.0,0.48840804444937863,0.0,0.0,0.0,0.0,0.0,0.0,0.0,0.37531057018216657,0.0,0.4992621880111665,0.0,0.0,0.0,0.0,0.0,0.0,0.0,0.0,0.0,0.0,0.0,0.0,0.0,0.0,0.0,0.0,0.0,0.0,0.0,0.4992621880111665,0.0,0.0,0.0,0.0,0.0,E10
5.0,0.0,12.0,2.0,0.0,0.22135968273463763,0.27280588538225176,0.0,0.19155498313298006,0.27280588538225176,0.0,0.0,0.0,0.0,0.0,0.0,0.0,0.0,0.0,0.0,0.0,0.0,0.0,0.22135968273463763,0.0,0.20283710310415376,0.7201791451902878,0.0,0.0,0.0,0.0,0.0,0.0,0.0,0.0,0.0,0.0,0.0,0.0,0.0,0.0,0.0,0.20966499272154374,0.0,0.0,0.0,0.0,0.0,0.0,0.19564512803276962,0.27280588538225176,0.0,0.0,0.0,E6
3.0,0.0,12.0,2.0,0.0,0.0,0.0,0.0,0.3694506407597979,0.0,0.0,0.0,0.0,0.0,0.0,0.0,0.0,0.0,0.516449045413519,0.0,0.0,0.0,0.0,0.0,0.0,0.0,0.19842914946528173,0.0,0.5279263585842844,0.0,0.0,0.0,0.0,0.0,0.0,0.0,0.0,0.0,0.0,0.0,0.0,0.0,0.0,0.0,0.0,0.0,0.0,0.0,0.5279263585842844,0.0,0.0,0.0,0.0,0.0,E10
2.0,0.0,12.0,2.0,0.0,0.0,0.0,0.0,0.1661483052439899,0.0,0.0,0.0,0.0,0.0,0.24207202490079238,0.0,0.0,0.0,0.0,0.0,0.0,0.0,0.0,0.0,0.0,0.0,0.892370001764264,0.0,0.0,0.0,0.0,0.0,0.0,0.0,0.0,0.0,0.0,0.0,0.2426371573701316,0.0,0.0,0.0,0.0,0.24207202490079238,0.0,0.0,0.0,0.0,0.0,0.0,0.0,0.0,0.0,0.0,E13
3.0,0.0,12.0,2.0,0.0,0.0,0.0,0.0,0.2578159997202256,0.0,0.0,0.0,0.0,0.0,0.0,0.0,0.0,0.0,0.0,0.37650544316290596,0.0,0.0,0.0,0.0,0.0,0.0,0.6923551335276573,0.30280470815490756,0.0,0.0,0.0,0.0,0.0,0.0,0.0,0.0,0.0,0.37562851461197616,0.0,0.0,0.0,0.0,0.2821904646944785,0.0,0.0,0.0,0.0,0.0,0.0,0.0,0.0,0.0,0.0,0.0,E11
5.0,0.0,12.0,4.0,0.42065851888062217,0.0,0.0,0.42065851888062217,0.21867656666801216,0.0,0.0,0.0,0.0,0.0,0.0,0.0,0.0,0.0,0.0,0.0,0.0,0.0,0.0,0.0,0.0,0.231556081571157,0.11744953275134055,0.0,0.0,0.42065851888062217,0.0,0.0,0.0,0.0,0.0,0.0,0.0,0.0,0.0,0.42065851888062217,0.0,0.0,0.0,0.0,0.0,0.0,0.0,0.0,0.0,0.0,0.0,0.42065851888062217,0.0,0.0,E7
5.0,0.0,12.0,4.0,0.0,0.23836634715786661,0.29376506859060325,0.0,0.2062718063434884,0.29376506859060325,0.0,0.0,0.0,0.0,0.0,0.0,0.0,0.0,0.0,0.0,0.0,0.0,0.0,0.23836634715786661,0.0,0.2184207112050361,0.6647221778892567,0.0,0.0,0.0,0.0,0.0,0.0,0.0,0.0,0.0,0.0,0.0,0.0,0.0,0.0,0.0,0.22577317524360016,0.0,0.0,0.0,0.0,0.0,0.0,0.21067618968495705,0.29376506859060325,0.0,0.0,0.0,E6
5.0,0.0,12.0,5.0,0.0,0.23836634715786661,0.29376506859060325,0.0,0.2062718063434884,0.29376506859060325,0.0,0.0,0.0,0.0,0.0,0.0,0.0,0.0,0.0,0.0,0.0,0.0,0.0,0.23836634715786661,0.0,0.2184207112050361,0.6647221778892567,0.0,0.0,0.0,0.0,0.0,0.0,0.0,0.0,0.0,0.0,0.0,0.0,0.0,0.0,0.0,0.22577317524360016,0.0,0.0,0.0,0.0,0.0,0.0,0.21067618968495705,0.29376506859060325,0.0,0.0,0.0,E6
5.0,0.0,12.0,5.0,0.0,0.22135968273463763,0.27280588538225176,0.0,0.19155498313298006,0.27280588538225176,0.0,0.0,0.0,0.0,0.0,0.0,0.0,0.0,0.0,0.0,0.0,0.0,0.0,0.22135968273463763,0.0,0.20283710310415376,0.7201791451902878,0.0,0.0,0.0,0.0,0.0,0.0,0.0,0.0,0.0,0.0,0.0,0.0,0.0,0.0,0.0,0.20966499272154374,0.0,0.0,0.0,0.0,0.0,0.0,0.19564512803276962,0.27280588538225176,0.0,0.0,0.0,E6
5.0,0.0,12.0,6.0,0.42065851888062217,0.0,0.0,0.42065851888062217,0.21867656666801216,0.0,0.0,0.0,0.0,0.0,0.0,0.0,0.0,0.0,0.0,0.0,0.0,0.0,0.0,0.0,0.0,0.231556081571157,0.11744953275134055,0.0,0.0,0.42065851888062217,0.0,0.0,0.0,0.0,0.0,0.0,0.0,0.0,0.0,0.42065851888062217,0.0,0.0,0.0,0.0,0.0,0.0,0.0,0.0,0.0,0.0,0.0,0.42065851888062217,0.0,0.0,E7
5.0,0.0,12.0,7.0,0.0,0.22135968273463763,0.27280588538225176,0.0,0.19155498313298006,0.27280588538225176,0.0,0.0,0.0,0.0,0.0,0.0,0.0,0.0,0.0,0.0,0.0,0.0,0.0,0.22135968273463763,0.0,0.20283710310415376,0.7201791451902878,0.0,0.0,0.0,0.0,0.0,0.0,0.0,0.0,0.0,0.0,0.0,0.0,0.0,0.0,0.0,0.20966499272154374,0.0,0.0,0.0,0.0,0.0,0.0,0.19564512803276962,0.27280588538225176,0.0,0.0,0.0,E6
3.0,0.0,12.0,8.0,0.0,0.0,0.0,0.0,0.2578159997202256,0.0,0.0,0.0,0.0,0.0,0.0,0.0,0.0,0.0,0.0,0.37650544316290596,0.0,0.0,0.0,0.0,0.0,0.0,0.6923551335276573,0.30280470815490756,0.0,0.0,0.0,0.0,0.0,0.0,0.0,0.0,0.0,0.37562851461197616,0.0,0.0,0.0,0.0,0.2821904646944785,0.0,0.0,0.0,0.0,0.0,0.0,0.0,0.0,0.0,0.0,0.0,E11
5.0,0.0,12.0,8.0,0.0,0.23836634715786661,0.29376506859060325,0.0,0.2062718063434884,0.29376506859060325,0.0,0.0,0.0,0.0,0.0,0.0,0.0,0.0,0.0,0.0,0.0,0.0,0.0,0.23836634715786661,0.0,0.2184207112050361,0.6647221778892567,0.0,0.0,0.0,0.0,0.0,0.0,0.0,0.0,0.0,0.0,0.0,0.0,0.0,0.0,0.0,0.22577317524360016,0.0,0.0,0.0,0.0,0.0,0.0,0.21067618968495705,0.29376506859060325,0.0,0.0,0.0,E6
2.0,0.0,12.0,9.0,0.0,0.0,0.0,0.0,0.1661483052439899,0.0,0.0,0.0,0.0,0.0,0.24207202490079238,0.0,0.0,0.0,0.0,0.0,0.0,0.0,0.0,0.0,0.0,0.0,0.892370001764264,0.0,0.0,0.0,0.0,0.0,0.0,0.0,0.0,0.0,0.0,0.0,0.2426371573701316,0.0,0.0,0.0,0.0,0.24207202490079238,0.0,0.0,0.0,0.0,0.0,0.0,0.0,0.0,0.0,0.0,E13
2.0,0.0,12.0,10.0,0.0,0.0,0.0,0.0,0.15378644268229635,0.0,0.0,0.0,0.0,0.0,0.22406124171850228,0.0,0.0,0.0,0.0,0.0,0.0,0.0,0.0,0.0,0.0,0.0,0.908572908515739,0.0,0.0,0.0,0.0,0.0,0.0,0.0,0.0,0.0,0.0,0.0,0.2245843268741186,0.0,0.0,0.0,0.0,0.22406124171850228,0.0,0.0,0.0,0.0,0.0,0.0,0.0,0.0,0.0,0.0,E13
2.0,0.0,12.0,11.0,0.0,0.0,0.0,0.0,0.1661483052439899,0.0,0.0,0.0,0.0,0.0,0.24207202490079238,0.0,0.0,0.0,0.0,0.0,0.0,0.0,0.0,0.0,0.0,0.0,0.892370001764264,0.0,0.0,0.0,0.0,0.0,0.0,0.0,0.0,0.0,0.0,0.0,0.2426371573701316,0.0,0.0,0.0,0.0,0.24207202490079238,0.0,0.0,0.0,0.0,0.0,0.0,0.0,0.0,0.0,0.0,E13
3.0,0.0,12.0,11.0,0.0,0.0,0.0,0.0,0.23428947065061007,0.0,0.0,0.0,0.0,0.0,0.0,0.0,0.0,0.0,0.0,0.3421481252964706,0.0,0.0,0.0,0.0,0.0,0.0,0.7550106335330056,0.2751728165091075,0.0,0.0,0.0,0.0,0.0,0.0,0.0,0.0,0.0,0.34135121926186185,0.0,0.0,0.0,0.0,0.2564396882569906,0.0,0.0,0.0,0.0,0.0,0.0,0.0,0.0,0.0,0.0,0.0,E11
2.0,0.0,12.0,11.0,0.0,0.0,0.0,0.0,0.15378644268229635,0.0,0.0,0.0,0.0,0.0,0.22406124171850228,0.0,0.0,0.0,0.0,0.0,0.0,0.0,0.0,0.0,0.0,0.0,0.908572908515739,0.0,0.0,0.0,0.0,0.0,0.0,0.0,0.0,0.0,0.0,0.0,0.2245843268741186,0.0,0.0,0.0,0.0,0.22406124171850228,0.0,0.0,0.0,0.0,0.0,0.0,0.0,0.0,0.0,0.0,E13
3.0,0.0,12.0,12.0,0.0,0.0,0.0,0.0,0.3694506407597979,0.0,0.0,0.0,0.0,0.0,0.0,0.0,0.0,0.0,0.516449045413519,0.0,0.0,0.0,0.0,0.0,0.0,0.0,0.19842914946528173,0.0,0.5279263585842844,0.0,0.0,0.0,0.0,0.0,0.0,0.0,0.0,0.0,0.0,0.0,0.0,0.0,0.0,0.0,0.0,0.0,0.0,0.0,0.5279263585842844,0.0,0.0,0.0,0.0,0.0,E10
2.0,0.0,12.0,12.0,0.0,0.0,0.0,0.0,0.15378644268229635,0.0,0.0,0.0,0.0,0.0,0.22406124171850228,0.0,0.0,0.0,0.0,0.0,0.0,0.0,0.0,0.0,0.0,0.0,0.908572908515739,0.0,0.0,0.0,0.0,0.0,0.0,0.0,0.0,0.0,0.0,0.0,0.2245843268741186,0.0,0.0,0.0,0.0,0.22406124171850228,0.0,0.0,0.0,0.0,0.0,0.0,0.0,0.0,0.0,0.0,E13
3.0,0.0,12.0,14.0,0.0,0.0,0.0,0.0,0.34939103204185995,0.0,0.0,0.0,0.0,0.0,0.0,0.0,0.0,0.0,0.48840804444937863,0.0,0.0,0.0,0.0,0.0,0.0,0.0,0.37531057018216657,0.0,0.4992621880111665,0.0,0.0,0.0,0.0,0.0,0.0,0.0,0.0,0.0,0.0,0.0,0.0,0.0,0.0,0.0,0.0,0.0,0.0,0.0,0.4992621880111665,0.0,0.0,0.0,0.0,0.0,E10
5.0,0.0,12.0,16.0,0.0,0.23836634715786661,0.29376506859060325,0.0,0.2062718063434884,0.29376506859060325,0.0,0.0,0.0,0.0,0.0,0.0,0.0,0.0,0.0,0.0,0.0,0.0,0.0,0.23836634715786661,0.0,0.2184207112050361,0.6647221778892567,0.0,0.0,0.0,0.0,0.0,0.0,0.0,0.0,0.0,0.0,0.0,0.0,0.0,0.0,0.0,0.22577317524360016,0.0,0.0,0.0,0.0,0.0,0.0,0.21067618968495705,0.29376506859060325,0.0,0.0,0.0,E6
3.0,0.0,12.0,17.0,0.0,0.0,0.0,0.0,0.34939103204185995,0.0,0.0,0.0,0.0,0.0,0.0,0.0,0.0,0.0,0.48840804444937863,0.0,0.0,0.0,0.0,0.0,0.0,0.0,0.37531057018216657,0.0,0.4992621880111665,0.0,0.0,0.0,0.0,0.0,0.0,0.0,0.0,0.0,0.0,0.0,0.0,0.0,0.0,0.0,0.0,0.0,0.0,0.0,0.4992621880111665,0.0,0.0,0.0,0.0,0.0,E10
3.0,0.0,12.0,17.0,0.0,0.0,0.0,0.0,0.23428947065061007,0.0,0.0,0.0,0.0,0.0,0.0,0.0,0.0,0.0,0.0,0.3421481252964706,0.0,0.0,0.0,0.0,0.0,0.0,0.7550106335330056,0.2751728165091075,0.0,0.0,0.0,0.0,0.0,0.0,0.0,0.0,0.0,0.34135121926186185,0.0,0.0,0.0,0.0,0.2564396882569906,0.0,0.0,0.0,0.0,0.0,0.0,0.0,0.0,0.0,0.0,0.0,E11
0.0,0.0,12.0,17.0,0.0,0.0,0.0,0.0,0.11904505988018863,0.0,0.0,0.0,0.0,0.0,0.0,0.0,0.0,0.0,0.33282230833260856,0.0,0.0,0.0,0.0,0.0,0.0,0.0,0.0,0.0,0.0,0.0,0.0,0.0,0.0,0.0,0.0,0.0,0.0,0.0,0.0,0.0,0.0,0.0,0.0,0.0,0.0,0.0,0.0,0.6614595924144862,0.0,0.0,0.0,0.0,0.6614595924144862,0.0,E14
5.0,0.0,12.0,19.0,0.41221558671081765,0.0,0.0,0.41221558671081765,0.2142875638625615,0.0,0.0,0.0,0.0,0.0,0.0,0.0,0.0,0.0,0.0,0.0,0.0,0.0,0.0,0.0,0.0,0.2269085772357799,0.23018446497095518,0.0,0.0,0.41221558671081765,0.0,0.0,0.0,0.0,0.0,0.0,0.0,0.0,0.0,0.41221558671081765,0.0,0.0,0.0,0.0,0.0,0.0,0.0,0.0,0.0,0.0,0.0,0.41221558671081765,0.0,0.0,E7
5.0,0.0,12.0,19.0,0.0,0.23836634715786661,0.29376506859060325,0.0,0.2062718063434884,0.29376506859060325,0.0,0.0,0.0,0.0,0.0,0.0,0.0,0.0,0.0,0.0,0.0,0.0,0.0,0.23836634715786661,0.0,0.2184207112050361,0.6647221778892567,0.0,0.0,0.0,0.0,0.0,0.0,0.0,0.0,0.0,0.0,0.0,0.0,0.0,0.0,0.0,0.22577317524360016,0.0,0.0,0.0,0.0,0.0,0.0,0.21067618968495705,0.29376506859060325,0.0,0.0,0.0,E6
2.0,0.0,12.0,21.0,0.0,0.0,0.0,0.0,0.15378644268229635,0.0,0.0,0.0,0.0,0.0,0.22406124171850228,0.0,0.0,0.0,0.0,0.0,0.0,0.0,0.0,0.0,0.0,0.0,0.908572908515739,0.0,0.0,0.0,0.0,0.0,0.0,0.0,0.0,0.0,0.0,0.0,0.2245843268741186,0.0,0.0,0.0,0.0,0.22406124171850228,0.0,0.0,0.0,0.0,0.0,0.0,0.0,0.0,0.0,0.0,E13
3.0,0.0,12.0,22.0,0.0,0.0,0.0,0.0,0.2578159997202256,0.0,0.0,0.0,0.0,0.0,0.0,0.0,0.0,0.0,0.0,0.37650544316290596,0.0,0.0,0.0,0.0,0.0,0.0,0.6923551335276573,0.30280470815490756,0.0,0.0,0.0,0.0,0.0,0.0,0.0,0.0,0.0,0.37562851461197616,0.0,0.0,0.0,0.0,0.2821904646944785,0.0,0.0,0.0,0.0,0.0,0.0,0.0,0.0,0.0,0.0,0.0,E11
2.0,0.0,12.0,22.0,0.0,0.0,0.0,0.0,0.1661483052439899,0.0,0.0,0.0,0.0,0.0,0.24207202490079238,0.0,0.0,0.0,0.0,0.0,0.0,0.0,0.0,0.0,0.0,0.0,0.892370001764264,0.0,0.0,0.0,0.0,0.0,0.0,0.0,0.0,0.0,0.0,0.0,0.2426371573701316,0.0,0.0,0.0,0.0,0.24207202490079238,0.0,0.0,0.0,0.0,0.0,0.0,0.0,0.0,0.0,0.0,E13
3.0,0.0,12.0,23.0,0.0,0.0,0.0,0.0,0.23428947065061007,0.0,0.0,0.0,0.0,0.0,0.0,0.0,0.0,0.0,0.0,0.3421481252964706,0.0,0.0,0.0,0.0,0.0,0.0,0.7550106335330056,0.2751728165091075,0.0,0.0,0.0,0.0,0.0,0.0,0.0,0.0,0.0,0.34135121926186185,0.0,0.0,0.0,0.0,0.2564396882569906,0.0,0.0,0.0,0.0,0.0,0.0,0.0,0.0,0.0,0.0,0.0,E11
5.0,0.0,12.0,23.0,0.0,0.23836634715786661,0.29376506859060325,0.0,0.2062718063434884,0.29376506859060325,0.0,0.0,0.0,0.0,0.0,0.0,0.0,0.0,0.0,0.0,0.0,0.0,0.0,0.23836634715786661,0.0,0.2184207112050361,0.6647221778892567,0.0,0.0,0.0,0.0,0.0,0.0,0.0,0.0,0.0,0.0,0.0,0.0,0.0,0.0,0.0,0.22577317524360016,0.0,0.0,0.0,0.0,0.0,0.0,0.21067618968495705,0.29376506859060325,0.0,0.0,0.0,E6
3.0,0.0,12.0,24.0,0.0,0.0,0.0,0.0,0.2578159997202256,0.0,0.0,0.0,0.0,0.0,0.0,0.0,0.0,0.0,0.0,0.37650544316290596,0.0,0.0,0.0,0.0,0.0,0.0,0.6923551335276573,0.30280470815490756,0.0,0.0,0.0,0.0,0.0,0.0,0.0,0.0,0.0,0.37562851461197616,0.0,0.0,0.0,0.0,0.2821904646944785,0.0,0.0,0.0,0.0,0.0,0.0,0.0,0.0,0.0,0.0,0.0,E11
5.0,0.0,12.0,24.0,0.0,0.22135968273463763,0.27280588538225176,0.0,0.19155498313298006,0.27280588538225176,0.0,0.0,0.0,0.0,0.0,0.0,0.0,0.0,0.0,0.0,0.0,0.0,0.0,0.22135968273463763,0.0,0.20283710310415376,0.7201791451902878,0.0,0.0,0.0,0.0,0.0,0.0,0.0,0.0,0.0,0.0,0.0,0.0,0.0,0.0,0.0,0.20966499272154374,0.0,0.0,0.0,0.0,0.0,0.0,0.19564512803276962,0.27280588538225176,0.0,0.0,0.0,E6
3.0,0.0,12.0,26.0,0.0,0.0,0.0,0.0,0.2578159997202256,0.0,0.0,0.0,0.0,0.0,0.0,0.0,0.0,0.0,0.0,0.37650544316290596,0.0,0.0,0.0,0.0,0.0,0.0,0.6923551335276573,0.30280470815490756,0.0,0.0,0.0,0.0,0.0,0.0,0.0,0.0,0.0,0.37562851461197616,0.0,0.0,0.0,0.0,0.2821904646944785,0.0,0.0,0.0,0.0,0.0,0.0,0.0,0.0,0.0,0.0,0.0,E11
5.0,0.0,12.0,26.0,0.0,0.23836634715786661,0.29376506859060325,0.0,0.2062718063434884,0.29376506859060325,0.0,0.0,0.0,0.0,0.0,0.0,0.0,0.0,0.0,0.0,0.0,0.0,0.0,0.23836634715786661,0.0,0.2184207112050361,0.6647221778892567,0.0,0.0,0.0,0.0,0.0,0.0,0.0,0.0,0.0,0.0,0.0,0.0,0.0,0.0,0.0,0.22577317524360016,0.0,0.0,0.0,0.0,0.0,0.0,0.21067618968495705,0.29376506859060325,0.0,0.0,0.0,E6
2.0,0.0,12.0,26.0,0.0,0.0,0.0,0.0,0.1661483052439899,0.0,0.0,0.0,0.0,0.0,0.24207202490079238,0.0,0.0,0.0,0.0,0.0,0.0,0.0,0.0,0.0,0.0,0.0,0.892370001764264,0.0,0.0,0.0,0.0,0.0,0.0,0.0,0.0,0.0,0.0,0.0,0.2426371573701316,0.0,0.0,0.0,0.0,0.24207202490079238,0.0,0.0,0.0,0.0,0.0,0.0,0.0,0.0,0.0,0.0,E13
2.0,0.0,12.0,26.0,0.0,0.0,0.0,0.0,0.15378644268229635,0.0,0.0,0.0,0.0,0.0,0.22406124171850228,0.0,0.0,0.0,0.0,0.0,0.0,0.0,0.0,0.0,0.0,0.0,0.908572908515739,0.0,0.0,0.0,0.0,0.0,0.0,0.0,0.0,0.0,0.0,0.0,0.2245843268741186,0.0,0.0,0.0,0.0,0.22406124171850228,0.0,0.0,0.0,0.0,0.0,0.0,0.0,0.0,0.0,0.0,E13
2.0,0.0,12.0,27.0,0.0,0.0,0.0,0.0,0.15378644268229635,0.0,0.0,0.0,0.0,0.0,0.22406124171850228,0.0,0.0,0.0,0.0,0.0,0.0,0.0,0.0,0.0,0.0,0.0,0.908572908515739,0.0,0.0,0.0,0.0,0.0,0.0,0.0,0.0,0.0,0.0,0.0,0.2245843268741186,0.0,0.0,0.0,0.0,0.22406124171850228,0.0,0.0,0.0,0.0,0.0,0.0,0.0,0.0,0.0,0.0,E13
5.0,0.0,12.0,27.0,0.0,0.22135968273463763,0.27280588538225176,0.0,0.19155498313298006,0.27280588538225176,0.0,0.0,0.0,0.0,0.0,0.0,0.0,0.0,0.0,0.0,0.0,0.0,0.0,0.22135968273463763,0.0,0.20283710310415376,0.7201791451902878,0.0,0.0,0.0,0.0,0.0,0.0,0.0,0.0,0.0,0.0,0.0,0.0,0.0,0.0,0.0,0.20966499272154374,0.0,0.0,0.0,0.0,0.0,0.0,0.19564512803276962,0.27280588538225176,0.0,0.0,0.0,E6
2.0,0.0,12.0,27.0,0.0,0.0,0.0,0.0,0.1661483052439899,0.0,0.0,0.0,0.0,0.0,0.24207202490079238,0.0,0.0,0.0,0.0,0.0,0.0,0.0,0.0,0.0,0.0,0.0,0.892370001764264,0.0,0.0,0.0,0.0,0.0,0.0,0.0,0.0,0.0,0.0,0.0,0.2426371573701316,0.0,0.0,0.0,0.0,0.24207202490079238,0.0,0.0,0.0,0.0,0.0,0.0,0.0,0.0,0.0,0.0,E13
3.0,0.0,12.0,30.0,0.0,0.0,0.0,0.0,0.34939103204185995,0.0,0.0,0.0,0.0,0.0,0.0,0.0,0.0,0.0,0.48840804444937863,0.0,0.0,0.0,0.0,0.0,0.0,0.0,0.37531057018216657,0.0,0.4992621880111665,0.0,0.0,0.0,0.0,0.0,0.0,0.0,0.0,0.0,0.0,0.0,0.0,0.0,0.0,0.0,0.0,0.0,0.0,0.0,0.4992621880111665,0.0,0.0,0.0,0.0,0.0,E10
2.0,0.0,12.0,30.0,0.0,0.0,0.0,0.0,0.15378644268229635,0.0,0.0,0.0,0.0,0.0,0.22406124171850228,0.0,0.0,0.0,0.0,0.0,0.0,0.0,0.0,0.0,0.0,0.0,0.908572908515739,0.0,0.0,0.0,0.0,0.0,0.0,0.0,0.0,0.0,0.0,0.0,0.2245843268741186,0.0,0.0,0.0,0.0,0.22406124171850228,0.0,0.0,0.0,0.0,0.0,0.0,0.0,0.0,0.0,0.0,E13
5.0,0.0,12.0,30.0,0.0,0.22135968273463763,0.27280588538225176,0.0,0.19155498313298006,0.27280588538225176,0.0,0.0,0.0,0.0,0.0,0.0,0.0,0.0,0.0,0.0,0.0,0.0,0.0,0.22135968273463763,0.0,0.20283710310415376,0.7201791451902878,0.0,0.0,0.0,0.0,0.0,0.0,0.0,0.0,0.0,0.0,0.0,0.0,0.0,0.0,0.0,0.20966499272154374,0.0,0.0,0.0,0.0,0.0,0.0,0.19564512803276962,0.27280588538225176,0.0,0.0,0.0,E6
5.0,0.0,12.0,31.0,0.0,0.23836634715786661,0.29376506859060325,0.0,0.2062718063434884,0.29376506859060325,0.0,0.0,0.0,0.0,0.0,0.0,0.0,0.0,0.0,0.0,0.0,0.0,0.0,0.23836634715786661,0.0,0.2184207112050361,0.6647221778892567,0.0,0.0,0.0,0.0,0.0,0.0,0.0,0.0,0.0,0.0,0.0,0.0,0.0,0.0,0.0,0.22577317524360016,0.0,0.0,0.0,0.0,0.0,0.0,0.21067618968495705,0.29376506859060325,0.0,0.0,0.0,E6
3.0,0.0,12.0,31.0,0.0,0.0,0.0,0.0,0.2578159997202256,0.0,0.0,0.0,0.0,0.0,0.0,0.0,0.0,0.0,0.0,0.37650544316290596,0.0,0.0,0.0,0.0,0.0,0.0,0.6923551335276573,0.30280470815490756,0.0,0.0,0.0,0.0,0.0,0.0,0.0,0.0,0.0,0.37562851461197616,0.0,0.0,0.0,0.0,0.2821904646944785,0.0,0.0,0.0,0.0,0.0,0.0,0.0,0.0,0.0,0.0,0.0,E11
5.0,0.0,12.0,32.0,0.0,0.22135968273463763,0.27280588538225176,0.0,0.19155498313298006,0.27280588538225176,0.0,0.0,0.0,0.0,0.0,0.0,0.0,0.0,0.0,0.0,0.0,0.0,0.0,0.22135968273463763,0.0,0.20283710310415376,0.7201791451902878,0.0,0.0,0.0,0.0,0.0,0.0,0.0,0.0,0.0,0.0,0.0,0.0,0.0,0.0,0.0,0.20966499272154374,0.0,0.0,0.0,0.0,0.0,0.0,0.19564512803276962,0.27280588538225176,0.0,0.0,0.0,E6
3.0,0.0,12.0,32.0,0.0,0.0,0.0,0.0,0.23428947065061007,0.0,0.0,0.0,0.0,0.0,0.0,0.0,0.0,0.0,0.0,0.3421481252964706,0.0,0.0,0.0,0.0,0.0,0.0,0.7550106335330056,0.2751728165091075,0.0,0.0,0.0,0.0,0.0,0.0,0.0,0.0,0.0,0.34135121926186185,0.0,0.0,0.0,0.0,0.2564396882569906,0.0,0.0,0.0,0.0,0.0,0.0,0.0,0.0,0.0,0.0,0.0,E11
3.0,0.0,12.0,32.0,0.0,0.0,0.0,0.0,0.23428947065061007,0.0,0.0,0.0,0.0,0.0,0.0,0.0,0.0,0.0,0.0,0.3421481252964706,0.0,0.0,0.0,0.0,0.0,0.0,0.7550106335330056,0.2751728165091075,0.0,0.0,0.0,0.0,0.0,0.0,0.0,0.0,0.0,0.34135121926186185,0.0,0.0,0.0,0.0,0.2564396882569906,0.0,0.0,0.0,0.0,0.0,0.0,0.0,0.0,0.0,0.0,0.0,E11
5.0,0.0,12.0,33.0,0.0,0.23836634715786661,0.29376506859060325,0.0,0.2062718063434884,0.29376506859060325,0.0,0.0,0.0,0.0,0.0,0.0,0.0,0.0,0.0,0.0,0.0,0.0,0.0,0.23836634715786661,0.0,0.2184207112050361,0.6647221778892567,0.0,0.0,0.0,0.0,0.0,0.0,0.0,0.0,0.0,0.0,0.0,0.0,0.0,0.0,0.0,0.22577317524360016,0.0,0.0,0.0,0.0,0.0,0.0,0.21067618968495705,0.29376506859060325,0.0,0.0,0.0,E6
3.0,0.0,12.0,34.0,0.0,0.0,0.0,0.0,0.2578159997202256,0.0,0.0,0.0,0.0,0.0,0.0,0.0,0.0,0.0,0.0,0.37650544316290596,0.0,0.0,0.0,0.0,0.0,0.0,0.6923551335276573,0.30280470815490756,0.0,0.0,0.0,0.0,0.0,0.0,0.0,0.0,0.0,0.37562851461197616,0.0,0.0,0.0,0.0,0.2821904646944785,0.0,0.0,0.0,0.0,0.0,0.0,0.0,0.0,0.0,0.0,0.0,E11
5.0,0.0,12.0,34.0,0.0,0.22135968273463763,0.27280588538225176,0.0,0.19155498313298006,0.27280588538225176,0.0,0.0,0.0,0.0,0.0,0.0,0.0,0.0,0.0,0.0,0.0,0.0,0.0,0.22135968273463763,0.0,0.20283710310415376,0.7201791451902878,0.0,0.0,0.0,0.0,0.0,0.0,0.0,0.0,0.0,0.0,0.0,0.0,0.0,0.0,0.0,0.20966499272154374,0.0,0.0,0.0,0.0,0.0,0.0,0.19564512803276962,0.27280588538225176,0.0,0.0,0.0,E6
3.0,0.0,12.0,35.0,0.0,0.0,0.0,0.0,0.3694506407597979,0.0,0.0,0.0,0.0,0.0,0.0,0.0,0.0,0.0,0.516449045413519,0.0,0.0,0.0,0.0,0.0,0.0,0.0,0.19842914946528173,0.0,0.5279263585842844,0.0,0.0,0.0,0.0,0.0,0.0,0.0,0.0,0.0,0.0,0.0,0.0,0.0,0.0,0.0,0.0,0.0,0.0,0.0,0.5279263585842844,0.0,0.0,0.0,0.0,0.0,E10
3.0,0.0,12.0,35.0,0.0,0.0,0.0,0.0,0.34939103204185995,0.0,0.0,0.0,0.0,0.0,0.0,0.0,0.0,0.0,0.48840804444937863,0.0,0.0,0.0,0.0,0.0,0.0,0.0,0.37531057018216657,0.0,0.4992621880111665,0.0,0.0,0.0,0.0,0.0,0.0,0.0,0.0,0.0,0.0,0.0,0.0,0.0,0.0,0.0,0.0,0.0,0.0,0.0,0.4992621880111665,0.0,0.0,0.0,0.0,0.0,E10
3.0,0.0,12.0,35.0,0.0,0.0,0.0,0.0,0.3694506407597979,0.0,0.0,0.0,0.0,0.0,0.0,0.0,0.0,0.0,0.516449045413519,0.0,0.0,0.0,0.0,0.0,0.0,0.0,0.19842914946528173,0.0,0.5279263585842844,0.0,0.0,0.0,0.0,0.0,0.0,0.0,0.0,0.0,0.0,0.0,0.0,0.0,0.0,0.0,0.0,0.0,0.0,0.0,0.5279263585842844,0.0,0.0,0.0,0.0,0.0,E10
5.0,0.0,12.0,37.0,0.42065851888062217,0.0,0.0,0.42065851888062217,0.21867656666801216,0.0,0.0,0.0,0.0,0.0,0.0,0.0,0.0,0.0,0.0,0.0,0.0,0.0,0.0,0.0,0.0,0.231556081571157,0.11744953275134055,0.0,0.0,0.42065851888062217,0.0,0.0,0.0,0.0,0.0,0.0,0.0,0.0,0.0,0.42065851888062217,0.0,0.0,0.0,0.0,0.0,0.0,0.0,0.0,0.0,0.0,0.0,0.42065851888062217,0.0,0.0,E7
2.0,0.0,12.0,38.0,0.0,0.0,0.0,0.0,0.1661483052439899,0.0,0.0,0.0,0.0,0.0,0.24207202490079238,0.0,0.0,0.0,0.0,0.0,0.0,0.0,0.0,0.0,0.0,0.0,0.892370001764264,0.0,0.0,0.0,0.0,0.0,0.0,0.0,0.0,0.0,0.0,0.0,0.2426371573701316,0.0,0.0,0.0,0.0,0.24207202490079238,0.0,0.0,0.0,0.0,0.0,0.0,0.0,0.0,0.0,0.0,E13
3.0,0.0,12.0,38.0,0.0,0.0,0.0,0.0,0.34939103204185995,0.0,0.0,0.0,0.0,0.0,0.0,0.0,0.0,0.0,0.48840804444937863,0.0,0.0,0.0,0.0,0.0,0.0,0.0,0.37531057018216657,0.0,0.4992621880111665,0.0,0.0,0.0,0.0,0.0,0.0,0.0,0.0,0.0,0.0,0.0,0.0,0.0,0.0,0.0,0.0,0.0,0.0,0.0,0.4992621880111665,0.0,0.0,0.0,0.0,0.0,E10
2.0,0.0,12.0,41.0,0.0,0.0,0.0,0.0,0.1682164468780759,0.0,0.0,0.0,0.0,0.0,0.0,0.0,0.0,0.0,0.0,0.0,0.0,0.0,0.0,0.0,0.0,0.0,0.9034778343175234,0.0,0.0,0.0,0.0,0.0,0.0,0.0,0.0,0.0,0.0,0.0,0.0,0.0,0.35484215053957024,0.0,0.0,0.0,0.0,0.0,0.0,0.0,0.0,0.1718082596881945,0.0,0.0,0.0,0.0,E1
2.0,1.0,12.0,41.0,0.0,0.0,0.0,0.0,0.0768291734180432,0.0,0.0,0.0,0.0,0.0,0.0,0.0,0.3231783304347308,0.0,0.0,0.0,0.3231783304347308,0.0,0.0,0.0,0.0,0.0,0.7427586404343122,0.0,0.0,0.0,0.0,0.0,0.0,0.0,0.0,0.0,0.0,0.0,0.0,0.0,0.0,0.3231783304347308,0.0,0.0,0.0,0.0,0.0,0.0,0.0,0.15693931031373926,0.0,0.0,0.0,0.3231783304347308,E3
2.0,1.0,12.0,48.0,0.0,0.0,0.0,0.0,0.0768291734180432,0.0,0.0,0.0,0.0,0.0,0.0,0.0,0.3231783304347308,0.0,0.0,0.0,0.3231783304347308,0.0,0.0,0.0,0.0,0.0,0.7427586404343122,0.0,0.0,0.0,0.0,0.0,0.0,0.0,0.0,0.0,0.0,0.0,0.0,0.0,0.0,0.3231783304347308,0.0,0.0,0.0,0.0,0.0,0.0,0.0,0.15693931031373926,0.0,0.0,0.0,0.3231783304347308,E3
2.0,1.0,12.0,51.0,0.0,0.0,0.0,0.0,0.07229371885362076,0.0,0.0,0.0,0.0,0.0,0.0,0.0,0.30410015259312995,0.0,0.0,0.0,0.30410015259312995,0.0,0.0,0.0,0.0,0.0,0.7765682102650805,0.0,0.0,0.0,0.0,0.0,0.0,0.0,0.0,0.0,0.0,0.0,0.0,0.0,0.0,0.30410015259312995,0.0,0.0,0.0,0.0,0.0,0.0,0.0,0.14767471615460706,0.0,0.0,0.0,0.30410015259312995,E3
2.0,1.0,12.0,59.0,0.0,0.0,0.0,0.0,0.0768291734180432,0.0,0.0,0.0,0.0,0.0,0.0,0.0,0.3231783304347308,0.0,0.0,0.0,0.3231783304347308,0.0,0.0,0.0,0.0,0.0,0.7427586404343122,0.0,0.0,0.0,0.0,0.0,0.0,0.0,0.0,0.0,0.0,0.0,0.0,0.0,0.0,0.3231783304347308,0.0,0.0,0.0,0.0,0.0,0.0,0.0,0.15693931031373926,0.0,0.0,0.0,0.3231783304347308,E3
2.0,1.0,12.0,59.0,0.0,0.0,0.0,0.0,0.0768291734180432,0.0,0.0,0.0,0.0,0.0,0.0,0.0,0.3231783304347308,0.0,0.0,0.0,0.3231783304347308,0.0,0.0,0.0,0.0,0.0,0.7427586404343122,0.0,0.0,0.0,0.0,0.0,0.0,0.0,0.0,0.0,0.0,0.0,0.0,0.0,0.0,0.3231783304347308,0.0,0.0,0.0,0.0,0.0,0.0,0.0,0.15693931031373926,0.0,0.0,0.0,0.3231783304347308,E3
2.0,1.0,13.0,3.0,0.0,0.0,0.0,0.0,0.07229371885362076,0.0,0.0,0.0,0.0,0.0,0.0,0.0,0.30410015259312995,0.0,0.0,0.0,0.30410015259312995,0.0,0.0,0.0,0.0,0.0,0.7765682102650805,0.0,0.0,0.0,0.0,0.0,0.0,0.0,0.0,0.0,0.0,0.0,0.0,0.0,0.0,0.30410015259312995,0.0,0.0,0.0,0.0,0.0,0.0,0.0,0.14767471615460706,0.0,0.0,0.0,0.30410015259312995,E3
2.0,0.0,13.0,5.0,0.0,0.0,0.0,0.0,0.18300530177572175,0.0,0.0,0.0,0.0,0.0,0.0,0.0,0.0,0.0,0.0,0.0,0.0,0.0,0.0,0.0,0.0,0.0,0.884616891552314,0.0,0.0,0.0,0.0,0.0,0.0,0.0,0.0,0.0,0.0,0.0,0.0,0.0,0.386038321742151,0.0,0.0,0.0,0.0,0.0,0.0,0.0,0.0,0.18691289107175582,0.0,0.0,0.0,0.0,E1
2.0,1.0,13.0,10.0,0.0,0.0,0.0,0.0,0.0768291734180432,0.0,0.0,0.0,0.0,0.0,0.0,0.0,0.3231783304347308,0.0,0.0,0.0,0.3231783304347308,0.0,0.0,0.0,0.0,0.0,0.7427586404343122,0.0,0.0,0.0,0.0,0.0,0.0,0.0,0.0,0.0,0.0,0.0,0.0,0.0,0.0,0.3231783304347308,0.0,0.0,0.0,0.0,0.0,0.0,0.0,0.15693931031373926,0.0,0.0,0.0,0.3231783304347308,E3
2.0,0.0,13.0,11.0,0.0,0.0,0.0,0.0,0.18300530177572175,0.0,0.0,0.0,0.0,0.0,0.0,0.0,0.0,0.0,0.0,0.0,0.0,0.0,0.0,0.0,0.0,0.0,0.884616891552314,0.0,0.0,0.0,0.0,0.0,0.0,0.0,0.0,0.0,0.0,0.0,0.0,0.0,0.386038321742151,0.0,0.0,0.0,0.0,0.0,0.0,0.0,0.0,0.18691289107175582,0.0,0.0,0.0,0.0,E1
2.0,1.0,13.0,12.0,0.0,0.0,0.0,0.0,0.0768291734180432,0.0,0.0,0.0,0.0,0.0,0.0,0.0,0.3231783304347308,0.0,0.0,0.0,0.3231783304347308,0.0,0.0,0.0,0.0,0.0,0.7427586404343122,0.0,0.0,0.0,0.0,0.0,0.0,0.0,0.0,0.0,0.0,0.0,0.0,0.0,0.0,0.3231783304347308,0.0,0.0,0.0,0.0,0.0,0.0,0.0,0.15693931031373926,0.0,0.0,0.0,0.3231783304347308,E3
2.0,1.0,13.0,18.0,0.0,0.0,0.0,0.0,0.0768291734180432,0.0,0.0,0.0,0.0,0.0,0.0,0.0,0.3231783304347308,0.0,0.0,0.0,0.3231783304347308,0.0,0.0,0.0,0.0,0.0,0.7427586404343122,0.0,0.0,0.0,0.0,0.0,0.0,0.0,0.0,0.0,0.0,0.0,0.0,0.0,0.0,0.3231783304347308,0.0,0.0,0.0,0.0,0.0,0.0,0.0,0.15693931031373926,0.0,0.0,0.0,0.3231783304347308,E3
2.0,1.0,13.0,19.0,0.0,0.0,0.0,0.0,0.0768291734180432,0.0,0.0,0.0,0.0,0.0,0.0,0.0,0.3231783304347308,0.0,0.0,0.0,0.3231783304347308,0.0,0.0,0.0,0.0,0.0,0.7427586404343122,0.0,0.0,0.0,0.0,0.0,0.0,0.0,0.0,0.0,0.0,0.0,0.0,0.0,0.0,0.3231783304347308,0.0,0.0,0.0,0.0,0.0,0.0,0.0,0.15693931031373926,0.0,0.0,0.0,0.3231783304347308,E3
2.0,1.0,13.0,25.0,0.0,0.0,0.0,0.0,0.0768291734180432,0.0,0.0,0.0,0.0,0.0,0.0,0.0,0.3231783304347308,0.0,0.0,0.0,0.3231783304347308,0.0,0.0,0.0,0.0,0.0,0.7427586404343122,0.0,0.0,0.0,0.0,0.0,0.0,0.0,0.0,0.0,0.0,0.0,0.0,0.0,0.0,0.3231783304347308,0.0,0.0,0.0,0.0,0.0,0.0,0.0,0.15693931031373926,0.0,0.0,0.0,0.3231783304347308,E3
2.0,0.0,13.0,33.0,0.0,0.0,0.0,0.0,0.18300530177572175,0.0,0.0,0.0,0.0,0.0,0.0,0.0,0.0,0.0,0.0,0.0,0.0,0.0,0.0,0.0,0.0,0.0,0.884616891552314,0.0,0.0,0.0,0.0,0.0,0.0,0.0,0.0,0.0,0.0,0.0,0.0,0.0,0.386038321742151,0.0,0.0,0.0,0.0,0.0,0.0,0.0,0.0,0.18691289107175582,0.0,0.0,0.0,0.0,E1
2.0,1.0,13.0,36.0,0.0,0.0,0.0,0.0,0.0768291734180432,0.0,0.0,0.0,0.0,0.0,0.0,0.0,0.3231783304347308,0.0,0.0,0.0,0.3231783304347308,0.0,0.0,0.0,0.0,0.0,0.7427586404343122,0.0,0.0,0.0,0.0,0.0,0.0,0.0,0.0,0.0,0.0,0.0,0.0,0.0,0.0,0.3231783304347308,0.0,0.0,0.0,0.0,0.0,0.0,0.0,0.15693931031373926,0.0,0.0,0.0,0.3231783304347308,E3
2.0,0.0,13.0,38.0,0.0,0.0,0.0,0.0,0.1682164468780759,0.0,0.0,0.0,0.0,0.0,0.0,0.0,0.0,0.0,0.0,0.0,0.0,0.0,0.0,0.0,0.0,0.0,0.9034778343175234,0.0,0.0,0.0,0.0,0.0,0.0,0.0,0.0,0.0,0.0,0.0,0.0,0.0,0.35484215053957024,0.0,0.0,0.0,0.0,0.0,0.0,0.0,0.0,0.1718082596881945,0.0,0.0,0.0,0.0,E1
2.0,1.0,13.0,39.0,0.0,0.0,0.0,0.0,0.0768291734180432,0.0,0.0,0.0,0.0,0.0,0.0,0.0,0.3231783304347308,0.0,0.0,0.0,0.3231783304347308,0.0,0.0,0.0,0.0,0.0,0.7427586404343122,0.0,0.0,0.0,0.0,0.0,0.0,0.0,0.0,0.0,0.0,0.0,0.0,0.0,0.0,0.3231783304347308,0.0,0.0,0.0,0.0,0.0,0.0,0.0,0.15693931031373926,0.0,0.0,0.0,0.3231783304347308,E3
2.0,1.0,13.0,54.0,0.0,0.0,0.0,0.0,0.0768291734180432,0.0,0.0,0.0,0.0,0.0,0.0,0.0,0.3231783304347308,0.0,0.0,0.0,0.3231783304347308,0.0,0.0,0.0,0.0,0.0,0.7427586404343122,0.0,0.0,0.0,0.0,0.0,0.0,0.0,0.0,0.0,0.0,0.0,0.0,0.0,0.0,0.3231783304347308,0.0,0.0,0.0,0.0,0.0,0.0,0.0,0.15693931031373926,0.0,0.0,0.0,0.3231783304347308,E3
0.0,0.0,13.0,56.0,0.0,0.0,0.0,0.0,0.11808350202038123,0.0,0.0,0.0,0.0,0.0,0.0,0.0,0.0,0.0,0.3301340161278035,0.0,0.0,0.0,0.0,0.0,0.0,0.0,0.12684351459560828,0.0,0.0,0.0,0.0,0.0,0.0,0.0,0.0,0.0,0.0,0.0,0.0,0.0,0.0,0.0,0.0,0.0,0.0,0.0,0.0,0.6561168115324296,0.0,0.0,0.0,0.0,0.6561168115324296,0.0,E14
2.0,1.0,13.0,56.0,0.0,0.0,0.0,0.0,0.0768291734180432,0.0,0.0,0.0,0.0,0.0,0.0,0.0,0.3231783304347308,0.0,0.0,0.0,0.3231783304347308,0.0,0.0,0.0,0.0,0.0,0.7427586404343122,0.0,0.0,0.0,0.0,0.0,0.0,0.0,0.0,0.0,0.0,0.0,0.0,0.0,0.0,0.3231783304347308,0.0,0.0,0.0,0.0,0.0,0.0,0.0,0.15693931031373926,0.0,0.0,0.0,0.3231783304347308,E3
2.0,0.0,13.0,58.0,0.0,0.0,0.0,0.0,0.18300530177572175,0.0,0.0,0.0,0.0,0.0,0.0,0.0,0.0,0.0,0.0,0.0,0.0,0.0,0.0,0.0,0.0,0.0,0.884616891552314,0.0,0.0,0.0,0.0,0.0,0.0,0.0,0.0,0.0,0.0,0.0,0.0,0.0,0.386038321742151,0.0,0.0,0.0,0.0,0.0,0.0,0.0,0.0,0.18691289107175582,0.0,0.0,0.0,0.0,E1
2.0,1.0,13.0,58.0,0.0,0.0,0.0,0.0,0.07229371885362076,0.0,0.0,0.0,0.0,0.0,0.0,0.0,0.30410015259312995,0.0,0.0,0.0,0.30410015259312995,0.0,0.0,0.0,0.0,0.0,0.7765682102650805,0.0,0.0,0.0,0.0,0.0,0.0,0.0,0.0,0.0,0.0,0.0,0.0,0.0,0.0,0.30410015259312995,0.0,0.0,0.0,0.0,0.0,0.0,0.0,0.14767471615460706,0.0,0.0,0.0,0.30410015259312995,E3
5.0,0.0,14.0,28.0,0.42065851888062217,0.0,0.0,0.42065851888062217,0.21867656666801216,0.0,0.0,0.0,0.0,0.0,0.0,0.0,0.0,0.0,0.0,0.0,0.0,0.0,0.0,0.0,0.0,0.231556081571157,0.11744953275134055,0.0,0.0,0.42065851888062217,0.0,0.0,0.0,0.0,0.0,0.0,0.0,0.0,0.0,0.42065851888062217,0.0,0.0,0.0,0.0,0.0,0.0,0.0,0.0,0.0,0.0,0.0,0.42065851888062217,0.0,0.0,E7
2.0,0.0,14.0,32.0,0.0,0.0,0.0,0.0,0.1661483052439899,0.0,0.0,0.0,0.0,0.0,0.24207202490079238,0.0,0.0,0.0,0.0,0.0,0.0,0.0,0.0,0.0,0.0,0.0,0.892370001764264,0.0,0.0,0.0,0.0,0.0,0.0,0.0,0.0,0.0,0.0,0.0,0.2426371573701316,0.0,0.0,0.0,0.0,0.24207202490079238,0.0,0.0,0.0,0.0,0.0,0.0,0.0,0.0,0.0,0.0,E13
3.0,0.0,14.0,32.0,0.0,0.0,0.0,0.0,0.3694506407597979,0.0,0.0,0.0,0.0,0.0,0.0,0.0,0.0,0.0,0.516449045413519,0.0,0.0,0.0,0.0,0.0,0.0,0.0,0.19842914946528173,0.0,0.5279263585842844,0.0,0.0,0.0,0.0,0.0,0.0,0.0,0.0,0.0,0.0,0.0,0.0,0.0,0.0,0.0,0.0,0.0,0.0,0.0,0.5279263585842844,0.0,0.0,0.0,0.0,0.0,E10
3.0,0.0,14.0,33.0,0.0,0.0,0.0,0.0,0.34939103204185995,0.0,0.0,0.0,0.0,0.0,0.0,0.0,0.0,0.0,0.48840804444937863,0.0,0.0,0.0,0.0,0.0,0.0,0.0,0.37531057018216657,0.0,0.4992621880111665,0.0,0.0,0.0,0.0,0.0,0.0,0.0,0.0,0.0,0.0,0.0,0.0,0.0,0.0,0.0,0.0,0.0,0.0,0.0,0.4992621880111665,0.0,0.0,0.0,0.0,0.0,E10
5.0,0.0,14.0,33.0,0.41221558671081765,0.0,0.0,0.41221558671081765,0.2142875638625615,0.0,0.0,0.0,0.0,0.0,0.0,0.0,0.0,0.0,0.0,0.0,0.0,0.0,0.0,0.0,0.0,0.2269085772357799,0.23018446497095518,0.0,0.0,0.41221558671081765,0.0,0.0,0.0,0.0,0.0,0.0,0.0,0.0,0.0,0.41221558671081765,0.0,0.0,0.0,0.0,0.0,0.0,0.0,0.0,0.0,0.0,0.0,0.41221558671081765,0.0,0.0,E7
2.0,0.0,14.0,33.0,0.0,0.0,0.0,0.0,0.1661483052439899,0.0,0.0,0.0,0.0,0.0,0.24207202490079238,0.0,0.0,0.0,0.0,0.0,0.0,0.0,0.0,0.0,0.0,0.0,0.892370001764264,0.0,0.0,0.0,0.0,0.0,0.0,0.0,0.0,0.0,0.0,0.0,0.2426371573701316,0.0,0.0,0.0,0.0,0.24207202490079238,0.0,0.0,0.0,0.0,0.0,0.0,0.0,0.0,0.0,0.0,E13
5.0,0.0,14.0,34.0,0.0,0.23836634715786661,0.29376506859060325,0.0,0.2062718063434884,0.29376506859060325,0.0,0.0,0.0,0.0,0.0,0.0,0.0,0.0,0.0,0.0,0.0,0.0,0.0,0.23836634715786661,0.0,0.2184207112050361,0.6647221778892567,0.0,0.0,0.0,0.0,0.0,0.0,0.0,0.0,0.0,0.0,0.0,0.0,0.0,0.0,0.0,0.22577317524360016,0.0,0.0,0.0,0.0,0.0,0.0,0.21067618968495705,0.29376506859060325,0.0,0.0,0.0,E6
2.0,0.0,14.0,35.0,0.0,0.0,0.0,0.0,0.15378644268229635,0.0,0.0,0.0,0.0,0.0,0.22406124171850228,0.0,0.0,0.0,0.0,0.0,0.0,0.0,0.0,0.0,0.0,0.0,0.908572908515739,0.0,0.0,0.0,0.0,0.0,0.0,0.0,0.0,0.0,0.0,0.0,0.2245843268741186,0.0,0.0,0.0,0.0,0.22406124171850228,0.0,0.0,0.0,0.0,0.0,0.0,0.0,0.0,0.0,0.0,E13
3.0,0.0,14.0,35.0,0.0,0.0,0.0,0.0,0.2578159997202256,0.0,0.0,0.0,0.0,0.0,0.0,0.0,0.0,0.0,0.0,0.37650544316290596,0.0,0.0,0.0,0.0,0.0,0.0,0.6923551335276573,0.30280470815490756,0.0,0.0,0.0,0.0,0.0,0.0,0.0,0.0,0.0,0.37562851461197616,0.0,0.0,0.0,0.0,0.2821904646944785,0.0,0.0,0.0,0.0,0.0,0.0,0.0,0.0,0.0,0.0,0.0,E11
2.0,0.0,14.0,36.0,0.0,0.0,0.0,0.0,0.15378644268229635,0.0,0.0,0.0,0.0,0.0,0.22406124171850228,0.0,0.0,0.0,0.0,0.0,0.0,0.0,0.0,0.0,0.0,0.0,0.908572908515739,0.0,0.0,0.0,0.0,0.0,0.0,0.0,0.0,0.0,0.0,0.0,0.2245843268741186,0.0,0.0,0.0,0.0,0.22406124171850228,0.0,0.0,0.0,0.0,0.0,0.0,0.0,0.0,0.0,0.0,E13
2.0,0.0,14.0,36.0,0.0,0.0,0.0,0.0,0.1661483052439899,0.0,0.0,0.0,0.0,0.0,0.24207202490079238,0.0,0.0,0.0,0.0,0.0,0.0,0.0,0.0,0.0,0.0,0.0,0.892370001764264,0.0,0.0,0.0,0.0,0.0,0.0,0.0,0.0,0.0,0.0,0.0,0.2426371573701316,0.0,0.0,0.0,0.0,0.24207202490079238,0.0,0.0,0.0,0.0,0.0,0.0,0.0,0.0,0.0,0.0,E13
3.0,0.0,14.0,37.0,0.0,0.0,0.0,0.0,0.3694506407597979,0.0,0.0,0.0,0.0,0.0,0.0,0.0,0.0,0.0,0.516449045413519,0.0,0.0,0.0,0.0,0.0,0.0,0.0,0.19842914946528173,0.0,0.5279263585842844,0.0,0.0,0.0,0.0,0.0,0.0,0.0,0.0,0.0,0.0,0.0,0.0,0.0,0.0,0.0,0.0,0.0,0.0,0.0,0.5279263585842844,0.0,0.0,0.0,0.0,0.0,E10
2.0,0.0,14.0,37.0,0.0,0.0,0.0,0.0,0.15378644268229635,0.0,0.0,0.0,0.0,0.0,0.22406124171850228,0.0,0.0,0.0,0.0,0.0,0.0,0.0,0.0,0.0,0.0,0.0,0.908572908515739,0.0,0.0,0.0,0.0,0.0,0.0,0.0,0.0,0.0,0.0,0.0,0.2245843268741186,0.0,0.0,0.0,0.0,0.22406124171850228,0.0,0.0,0.0,0.0,0.0,0.0,0.0,0.0,0.0,0.0,E13
2.0,0.0,14.0,39.0,0.0,0.0,0.0,0.0,0.15378644268229635,0.0,0.0,0.0,0.0,0.0,0.22406124171850228,0.0,0.0,0.0,0.0,0.0,0.0,0.0,0.0,0.0,0.0,0.0,0.908572908515739,0.0,0.0,0.0,0.0,0.0,0.0,0.0,0.0,0.0,0.0,0.0,0.2245843268741186,0.0,0.0,0.0,0.0,0.22406124171850228,0.0,0.0,0.0,0.0,0.0,0.0,0.0,0.0,0.0,0.0,E13
3.0,0.0,14.0,39.0,0.0,0.0,0.0,0.0,0.2578159997202256,0.0,0.0,0.0,0.0,0.0,0.0,0.0,0.0,0.0,0.0,0.37650544316290596,0.0,0.0,0.0,0.0,0.0,0.0,0.6923551335276573,0.30280470815490756,0.0,0.0,0.0,0.0,0.0,0.0,0.0,0.0,0.0,0.37562851461197616,0.0,0.0,0.0,0.0,0.2821904646944785,0.0,0.0,0.0,0.0,0.0,0.0,0.0,0.0,0.0,0.0,0.0,E11
2.0,0.0,14.0,40.0,0.0,0.0,0.0,0.0,0.1661483052439899,0.0,0.0,0.0,0.0,0.0,0.24207202490079238,0.0,0.0,0.0,0.0,0.0,0.0,0.0,0.0,0.0,0.0,0.0,0.892370001764264,0.0,0.0,0.0,0.0,0.0,0.0,0.0,0.0,0.0,0.0,0.0,0.2426371573701316,0.0,0.0,0.0,0.0,0.24207202490079238,0.0,0.0,0.0,0.0,0.0,0.0,0.0,0.0,0.0,0.0,E13
5.0,0.0,14.0,40.0,0.0,0.23836634715786661,0.29376506859060325,0.0,0.2062718063434884,0.29376506859060325,0.0,0.0,0.0,0.0,0.0,0.0,0.0,0.0,0.0,0.0,0.0,0.0,0.0,0.23836634715786661,0.0,0.2184207112050361,0.6647221778892567,0.0,0.0,0.0,0.0,0.0,0.0,0.0,0.0,0.0,0.0,0.0,0.0,0.0,0.0,0.0,0.22577317524360016,0.0,0.0,0.0,0.0,0.0,0.0,0.21067618968495705,0.29376506859060325,0.0,0.0,0.0,E6
3.0,0.0,14.0,40.0,0.0,0.0,0.0,0.0,0.3694506407597979,0.0,0.0,0.0,0.0,0.0,0.0,0.0,0.0,0.0,0.516449045413519,0.0,0.0,0.0,0.0,0.0,0.0,0.0,0.19842914946528173,0.0,0.5279263585842844,0.0,0.0,0.0,0.0,0.0,0.0,0.0,0.0,0.0,0.0,0.0,0.0,0.0,0.0,0.0,0.0,0.0,0.0,0.0,0.5279263585842844,0.0,0.0,0.0,0.0,0.0,E10
5.0,0.0,14.0,41.0,0.0,0.22135968273463763,0.27280588538225176,0.0,0.19155498313298006,0.27280588538225176,0.0,0.0,0.0,0.0,0.0,0.0,0.0,0.0,0.0,0.0,0.0,0.0,0.0,0.22135968273463763,0.0,0.20283710310415376,0.7201791451902878,0.0,0.0,0.0,0.0,0.0,0.0,0.0,0.0,0.0,0.0,0.0,0.0,0.0,0.0,0.0,0.20966499272154374,0.0,0.0,0.0,0.0,0.0,0.0,0.19564512803276962,0.27280588538225176,0.0,0.0,0.0,E6
3.0,0.0,14.0,42.0,0.0,0.0,0.0,0.0,0.2578159997202256,0.0,0.0,0.0,0.0,0.0,0.0,0.0,0.0,0.0,0.0,0.37650544316290596,0.0,0.0,0.0,0.0,0.0,0.0,0.6923551335276573,0.30280470815490756,0.0,0.0,0.0,0.0,0.0,0.0,0.0,0.0,0.0,0.37562851461197616,0.0,0.0,0.0,0.0,0.2821904646944785,0.0,0.0,0.0,0.0,0.0,0.0,0.0,0.0,0.0,0.0,0.0,E11
5.0,0.0,14.0,42.0,0.0,0.23836634715786661,0.29376506859060325,0.0,0.2062718063434884,0.29376506859060325,0.0,0.0,0.0,0.0,0.0,0.0,0.0,0.0,0.0,0.0,0.0,0.0,0.0,0.23836634715786661,0.0,0.2184207112050361,0.6647221778892567,0.0,0.0,0.0,0.0,0.0,0.0,0.0,0.0,0.0,0.0,0.0,0.0,0.0,0.0,0.0,0.22577317524360016,0.0,0.0,0.0,0.0,0.0,0.0,0.21067618968495705,0.29376506859060325,0.0,0.0,0.0,E6
3.0,0.0,14.0,43.0,0.0,0.0,0.0,0.0,0.23428947065061007,0.0,0.0,0.0,0.0,0.0,0.0,0.0,0.0,0.0,0.0,0.3421481252964706,0.0,0.0,0.0,0.0,0.0,0.0,0.7550106335330056,0.2751728165091075,0.0,0.0,0.0,0.0,0.0,0.0,0.0,0.0,0.0,0.34135121926186185,0.0,0.0,0.0,0.0,0.2564396882569906,0.0,0.0,0.0,0.0,0.0,0.0,0.0,0.0,0.0,0.0,0.0,E11
2.0,0.0,14.0,44.0,0.0,0.0,0.0,0.0,0.1661483052439899,0.0,0.0,0.0,0.0,0.0,0.24207202490079238,0.0,0.0,0.0,0.0,0.0,0.0,0.0,0.0,0.0,0.0,0.0,0.892370001764264,0.0,0.0,0.0,0.0,0.0,0.0,0.0,0.0,0.0,0.0,0.0,0.2426371573701316,0.0,0.0,0.0,0.0,0.24207202490079238,0.0,0.0,0.0,0.0,0.0,0.0,0.0,0.0,0.0,0.0,E13
2.0,0.0,14.0,45.0,0.0,0.0,0.0,0.0,0.15378644268229635,0.0,0.0,0.0,0.0,0.0,0.22406124171850228,0.0,0.0,0.0,0.0,0.0,0.0,0.0,0.0,0.0,0.0,0.0,0.908572908515739,0.0,0.0,0.0,0.0,0.0,0.0,0.0,0.0,0.0,0.0,0.0,0.2245843268741186,0.0,0.0,0.0,0.0,0.22406124171850228,0.0,0.0,0.0,0.0,0.0,0.0,0.0,0.0,0.0,0.0,E13
5.0,0.0,14.0,45.0,0.0,0.23836634715786661,0.29376506859060325,0.0,0.2062718063434884,0.29376506859060325,0.0,0.0,0.0,0.0,0.0,0.0,0.0,0.0,0.0,0.0,0.0,0.0,0.0,0.23836634715786661,0.0,0.2184207112050361,0.6647221778892567,0.0,0.0,0.0,0.0,0.0,0.0,0.0,0.0,0.0,0.0,0.0,0.0,0.0,0.0,0.0,0.22577317524360016,0.0,0.0,0.0,0.0,0.0,0.0,0.21067618968495705,0.29376506859060325,0.0,0.0,0.0,E6
3.0,0.0,14.0,45.0,0.0,0.0,0.0,0.0,0.3694506407597979,0.0,0.0,0.0,0.0,0.0,0.0,0.0,0.0,0.0,0.516449045413519,0.0,0.0,0.0,0.0,0.0,0.0,0.0,0.19842914946528173,0.0,0.5279263585842844,0.0,0.0,0.0,0.0,0.0,0.0,0.0,0.0,0.0,0.0,0.0,0.0,0.0,0.0,0.0,0.0,0.0,0.0,0.0,0.5279263585842844,0.0,0.0,0.0,0.0,0.0,E10
3.0,0.0,14.0,46.0,0.0,0.0,0.0,0.0,0.23428947065061007,0.0,0.0,0.0,0.0,0.0,0.0,0.0,0.0,0.0,0.0,0.3421481252964706,0.0,0.0,0.0,0.0,0.0,0.0,0.7550106335330056,0.2751728165091075,0.0,0.0,0.0,0.0,0.0,0.0,0.0,0.0,0.0,0.34135121926186185,0.0,0.0,0.0,0.0,0.2564396882569906,0.0,0.0,0.0,0.0,0.0,0.0,0.0,0.0,0.0,0.0,0.0,E11
2.0,0.0,14.0,47.0,0.0,0.0,0.0,0.0,0.15378644268229635,0.0,0.0,0.0,0.0,0.0,0.22406124171850228,0.0,0.0,0.0,0.0,0.0,0.0,0.0,0.0,0.0,0.0,0.0,0.908572908515739,0.0,0.0,0.0,0.0,0.0,0.0,0.0,0.0,0.0,0.0,0.0,0.2245843268741186,0.0,0.0,0.0,0.0,0.22406124171850228,0.0,0.0,0.0,0.0,0.0,0.0,0.0,0.0,0.0,0.0,E13
2.0,0.0,14.0,47.0,0.0,0.0,0.0,0.0,0.1661483052439899,0.0,0.0,0.0,0.0,0.0,0.24207202490079238,0.0,0.0,0.0,0.0,0.0,0.0,0.0,0.0,0.0,0.0,0.0,0.892370001764264,0.0,0.0,0.0,0.0,0.0,0.0,0.0,0.0,0.0,0.0,0.0,0.2426371573701316,0.0,0.0,0.0,0.0,0.24207202490079238,0.0,0.0,0.0,0.0,0.0,0.0,0.0,0.0,0.0,0.0,E13
5.0,0.0,14.0,48.0,0.0,0.22135968273463763,0.27280588538225176,0.0,0.19155498313298006,0.27280588538225176,0.0,0.0,0.0,0.0,0.0,0.0,0.0,0.0,0.0,0.0,0.0,0.0,0.0,0.22135968273463763,0.0,0.20283710310415376,0.7201791451902878,0.0,0.0,0.0,0.0,0.0,0.0,0.0,0.0,0.0,0.0,0.0,0.0,0.0,0.0,0.0,0.20966499272154374,0.0,0.0,0.0,0.0,0.0,0.0,0.19564512803276962,0.27280588538225176,0.0,0.0,0.0,E6
2.0,0.0,14.0,49.0,0.0,0.0,0.0,0.0,0.15378644268229635,0.0,0.0,0.0,0.0,0.0,0.22406124171850228,0.0,0.0,0.0,0.0,0.0,0.0,0.0,0.0,0.0,0.0,0.0,0.908572908515739,0.0,0.0,0.0,0.0,0.0,0.0,0.0,0.0,0.0,0.0,0.0,0.2245843268741186,0.0,0.0,0.0,0.0,0.22406124171850228,0.0,0.0,0.0,0.0,0.0,0.0,0.0,0.0,0.0,0.0,E13
3.0,0.0,14.0,50.0,0.0,0.0,0.0,0.0,0.23428947065061007,0.0,0.0,0.0,0.0,0.0,0.0,0.0,0.0,0.0,0.0,0.3421481252964706,0.0,0.0,0.0,0.0,0.0,0.0,0.7550106335330056,0.2751728165091075,0.0,0.0,0.0,0.0,0.0,0.0,0.0,0.0,0.0,0.34135121926186185,0.0,0.0,0.0,0.0,0.2564396882569906,0.0,0.0,0.0,0.0,0.0,0.0,0.0,0.0,0.0,0.0,0.0,E11
5.0,0.0,14.0,50.0,0.41221558671081765,0.0,0.0,0.41221558671081765,0.2142875638625615,0.0,0.0,0.0,0.0,0.0,0.0,0.0,0.0,0.0,0.0,0.0,0.0,0.0,0.0,0.0,0.0,0.2269085772357799,0.23018446497095518,0.0,0.0,0.41221558671081765,0.0,0.0,0.0,0.0,0.0,0.0,0.0,0.0,0.0,0.41221558671081765,0.0,0.0,0.0,0.0,0.0,0.0,0.0,0.0,0.0,0.0,0.0,0.41221558671081765,0.0,0.0,E7
5.0,0.0,14.0,51.0,0.0,0.22135968273463763,0.27280588538225176,0.0,0.19155498313298006,0.27280588538225176,0.0,0.0,0.0,0.0,0.0,0.0,0.0,0.0,0.0,0.0,0.0,0.0,0.0,0.22135968273463763,0.0,0.20283710310415376,0.7201791451902878,0.0,0.0,0.0,0.0,0.0,0.0,0.0,0.0,0.0,0.0,0.0,0.0,0.0,0.0,0.0,0.20966499272154374,0.0,0.0,0.0,0.0,0.0,0.0,0.19564512803276962,0.27280588538225176,0.0,0.0,0.0,E6
3.0,0.0,14.0,51.0,0.0,0.0,0.0,0.0,0.34939103204185995,0.0,0.0,0.0,0.0,0.0,0.0,0.0,0.0,0.0,0.48840804444937863,0.0,0.0,0.0,0.0,0.0,0.0,0.0,0.37531057018216657,0.0,0.4992621880111665,0.0,0.0,0.0,0.0,0.0,0.0,0.0,0.0,0.0,0.0,0.0,0.0,0.0,0.0,0.0,0.0,0.0,0.0,0.0,0.4992621880111665,0.0,0.0,0.0,0.0,0.0,E10
3.0,0.0,14.0,52.0,0.0,0.0,0.0,0.0,0.3694506407597979,0.0,0.0,0.0,0.0,0.0,0.0,0.0,0.0,0.0,0.516449045413519,0.0,0.0,0.0,0.0,0.0,0.0,0.0,0.19842914946528173,0.0,0.5279263585842844,0.0,0.0,0.0,0.0,0.0,0.0,0.0,0.0,0.0,0.0,0.0,0.0,0.0,0.0,0.0,0.0,0.0,0.0,0.0,0.5279263585842844,0.0,0.0,0.0,0.0,0.0,E10
3.0,0.0,14.0,52.0,0.0,0.0,0.0,0.0,0.3694506407597979,0.0,0.0,0.0,0.0,0.0,0.0,0.0,0.0,0.0,0.516449045413519,0.0,0.0,0.0,0.0,0.0,0.0,0.0,0.19842914946528173,0.0,0.5279263585842844,0.0,0.0,0.0,0.0,0.0,0.0,0.0,0.0,0.0,0.0,0.0,0.0,0.0,0.0,0.0,0.0,0.0,0.0,0.0,0.5279263585842844,0.0,0.0,0.0,0.0,0.0,E10
3.0,0.0,14.0,54.0,0.0,0.0,0.0,0.0,0.2578159997202256,0.0,0.0,0.0,0.0,0.0,0.0,0.0,0.0,0.0,0.0,0.37650544316290596,0.0,0.0,0.0,0.0,0.0,0.0,0.6923551335276573,0.30280470815490756,0.0,0.0,0.0,0.0,0.0,0.0,0.0,0.0,0.0,0.37562851461197616,0.0,0.0,0.0,0.0,0.2821904646944785,0.0,0.0,0.0,0.0,0.0,0.0,0.0,0.0,0.0,0.0,0.0,E11
3.0,0.0,14.0,55.0,0.0,0.0,0.0,0.0,0.2578159997202256,0.0,0.0,0.0,0.0,0.0,0.0,0.0,0.0,0.0,0.0,0.37650544316290596,0.0,0.0,0.0,0.0,0.0,0.0,0.6923551335276573,0.30280470815490756,0.0,0.0,0.0,0.0,0.0,0.0,0.0,0.0,0.0,0.37562851461197616,0.0,0.0,0.0,0.0,0.2821904646944785,0.0,0.0,0.0,0.0,0.0,0.0,0.0,0.0,0.0,0.0,0.0,E11
3.0,0.0,14.0,56.0,0.0,0.0,0.0,0.0,0.2578159997202256,0.0,0.0,0.0,0.0,0.0,0.0,0.0,0.0,0.0,0.0,0.37650544316290596,0.0,0.0,0.0,0.0,0.0,0.0,0.6923551335276573,0.30280470815490756,0.0,0.0,0.0,0.0,0.0,0.0,0.0,0.0,0.0,0.37562851461197616,0.0,0.0,0.0,0.0,0.2821904646944785,0.0,0.0,0.0,0.0,0.0,0.0,0.0,0.0,0.0,0.0,0.0,E11
5.0,0.0,14.0,56.0,0.0,0.22135968273463763,0.27280588538225176,0.0,0.19155498313298006,0.27280588538225176,0.0,0.0,0.0,0.0,0.0,0.0,0.0,0.0,0.0,0.0,0.0,0.0,0.0,0.22135968273463763,0.0,0.20283710310415376,0.7201791451902878,0.0,0.0,0.0,0.0,0.0,0.0,0.0,0.0,0.0,0.0,0.0,0.0,0.0,0.0,0.0,0.20966499272154374,0.0,0.0,0.0,0.0,0.0,0.0,0.19564512803276962,0.27280588538225176,0.0,0.0,0.0,E6
3.0,0.0,14.0,57.0,0.0,0.0,0.0,0.0,0.34939103204185995,0.0,0.0,0.0,0.0,0.0,0.0,0.0,0.0,0.0,0.48840804444937863,0.0,0.0,0.0,0.0,0.0,0.0,0.0,0.37531057018216657,0.0,0.4992621880111665,0.0,0.0,0.0,0.0,0.0,0.0,0.0,0.0,0.0,0.0,0.0,0.0,0.0,0.0,0.0,0.0,0.0,0.0,0.0,0.4992621880111665,0.0,0.0,0.0,0.0,0.0,E10
2.0,0.0,14.0,57.0,0.0,0.0,0.0,0.0,0.15378644268229635,0.0,0.0,0.0,0.0,0.0,0.22406124171850228,0.0,0.0,0.0,0.0,0.0,0.0,0.0,0.0,0.0,0.0,0.0,0.908572908515739,0.0,0.0,0.0,0.0,0.0,0.0,0.0,0.0,0.0,0.0,0.0,0.2245843268741186,0.0,0.0,0.0,0.0,0.22406124171850228,0.0,0.0,0.0,0.0,0.0,0.0,0.0,0.0,0.0,0.0,E13
3.0,0.0,14.0,57.0,0.0,0.0,0.0,0.0,0.23428947065061007,0.0,0.0,0.0,0.0,0.0,0.0,0.0,0.0,0.0,0.0,0.3421481252964706,0.0,0.0,0.0,0.0,0.0,0.0,0.7550106335330056,0.2751728165091075,0.0,0.0,0.0,0.0,0.0,0.0,0.0,0.0,0.0,0.34135121926186185,0.0,0.0,0.0,0.0,0.2564396882569906,0.0,0.0,0.0,0.0,0.0,0.0,0.0,0.0,0.0,0.0,0.0,E11
3.0,0.0,14.0,58.0,0.0,0.0,0.0,0.0,0.3694506407597979,0.0,0.0,0.0,0.0,0.0,0.0,0.0,0.0,0.0,0.516449045413519,0.0,0.0,0.0,0.0,0.0,0.0,0.0,0.19842914946528173,0.0,0.5279263585842844,0.0,0.0,0.0,0.0,0.0,0.0,0.0,0.0,0.0,0.0,0.0,0.0,0.0,0.0,0.0,0.0,0.0,0.0,0.0,0.5279263585842844,0.0,0.0,0.0,0.0,0.0,E10
3.0,0.0,14.0,59.0,0.0,0.0,0.0,0.0,0.23428947065061007,0.0,0.0,0.0,0.0,0.0,0.0,0.0,0.0,0.0,0.0,0.3421481252964706,0.0,0.0,0.0,0.0,0.0,0.0,0.7550106335330056,0.2751728165091075,0.0,0.0,0.0,0.0,0.0,0.0,0.0,0.0,0.0,0.34135121926186185,0.0,0.0,0.0,0.0,0.2564396882569906,0.0,0.0,0.0,0.0,0.0,0.0,0.0,0.0,0.0,0.0,0.0,E11
2.0,0.0,14.0,59.0,0.0,0.0,0.0,0.0,0.15378644268229635,0.0,0.0,0.0,0.0,0.0,0.22406124171850228,0.0,0.0,0.0,0.0,0.0,0.0,0.0,0.0,0.0,0.0,0.0,0.908572908515739,0.0,0.0,0.0,0.0,0.0,0.0,0.0,0.0,0.0,0.0,0.0,0.2245843268741186,0.0,0.0,0.0,0.0,0.22406124171850228,0.0,0.0,0.0,0.0,0.0,0.0,0.0,0.0,0.0,0.0,E13
3.0,0.0,15.0,0.0,0.0,0.0,0.0,0.0,0.3694506407597979,0.0,0.0,0.0,0.0,0.0,0.0,0.0,0.0,0.0,0.516449045413519,0.0,0.0,0.0,0.0,0.0,0.0,0.0,0.19842914946528173,0.0,0.5279263585842844,0.0,0.0,0.0,0.0,0.0,0.0,0.0,0.0,0.0,0.0,0.0,0.0,0.0,0.0,0.0,0.0,0.0,0.0,0.0,0.5279263585842844,0.0,0.0,0.0,0.0,0.0,E10
5.0,0.0,15.0,1.0,0.0,0.23836634715786661,0.29376506859060325,0.0,0.2062718063434884,0.29376506859060325,0.0,0.0,0.0,0.0,0.0,0.0,0.0,0.0,0.0,0.0,0.0,0.0,0.0,0.23836634715786661,0.0,0.2184207112050361,0.6647221778892567,0.0,0.0,0.0,0.0,0.0,0.0,0.0,0.0,0.0,0.0,0.0,0.0,0.0,0.0,0.0,0.22577317524360016,0.0,0.0,0.0,0.0,0.0,0.0,0.21067618968495705,0.29376506859060325,0.0,0.0,0.0,E6
5.0,0.0,15.0,2.0,0.42065851888062217,0.0,0.0,0.42065851888062217,0.21867656666801216,0.0,0.0,0.0,0.0,0.0,0.0,0.0,0.0,0.0,0.0,0.0,0.0,0.0,0.0,0.0,0.0,0.231556081571157,0.11744953275134055,0.0,0.0,0.42065851888062217,0.0,0.0,0.0,0.0,0.0,0.0,0.0,0.0,0.0,0.42065851888062217,0.0,0.0,0.0,0.0,0.0,0.0,0.0,0.0,0.0,0.0,0.0,0.42065851888062217,0.0,0.0,E7
5.0,0.0,15.0,2.0,0.0,0.22135968273463763,0.27280588538225176,0.0,0.19155498313298006,0.27280588538225176,0.0,0.0,0.0,0.0,0.0,0.0,0.0,0.0,0.0,0.0,0.0,0.0,0.0,0.22135968273463763,0.0,0.20283710310415376,0.7201791451902878,0.0,0.0,0.0,0.0,0.0,0.0,0.0,0.0,0.0,0.0,0.0,0.0,0.0,0.0,0.0,0.20966499272154374,0.0,0.0,0.0,0.0,0.0,0.0,0.19564512803276962,0.27280588538225176,0.0,0.0,0.0,E6
2.0,0.0,15.0,2.0,0.0,0.0,0.0,0.0,0.15378644268229635,0.0,0.0,0.0,0.0,0.0,0.22406124171850228,0.0,0.0,0.0,0.0,0.0,0.0,0.0,0.0,0.0,0.0,0.0,0.908572908515739,0.0,0.0,0.0,0.0,0.0,0.0,0.0,0.0,0.0,0.0,0.0,0.2245843268741186,0.0,0.0,0.0,0.0,0.22406124171850228,0.0,0.0,0.0,0.0,0.0,0.0,0.0,0.0,0.0,0.0,E13
0.0,0.0,15.0,2.0,0.0,0.0,0.0,0.0,0.11808350202038123,0.0,0.0,0.0,0.0,0.0,0.0,0.0,0.0,0.0,0.3301340161278035,0.0,0.0,0.0,0.0,0.0,0.0,0.0,0.12684351459560828,0.0,0.0,0.0,0.0,0.0,0.0,0.0,0.0,0.0,0.0,0.0,0.0,0.0,0.0,0.0,0.0,0.0,0.0,0.0,0.0,0.6561168115324296,0.0,0.0,0.0,0.0,0.6561168115324296,0.0,E14
5.0,0.0,15.0,3.0,0.0,0.22135968273463763,0.27280588538225176,0.0,0.19155498313298006,0.27280588538225176,0.0,0.0,0.0,0.0,0.0,0.0,0.0,0.0,0.0,0.0,0.0,0.0,0.0,0.22135968273463763,0.0,0.20283710310415376,0.7201791451902878,0.0,0.0,0.0,0.0,0.0,0.0,0.0,0.0,0.0,0.0,0.0,0.0,0.0,0.0,0.0,0.20966499272154374,0.0,0.0,0.0,0.0,0.0,0.0,0.19564512803276962,0.27280588538225176,0.0,0.0,0.0,E6
2.0,0.0,15.0,4.0,0.0,0.0,0.0,0.0,0.15378644268229635,0.0,0.0,0.0,0.0,0.0,0.22406124171850228,0.0,0.0,0.0,0.0,0.0,0.0,0.0,0.0,0.0,0.0,0.0,0.908572908515739,0.0,0.0,0.0,0.0,0.0,0.0,0.0,0.0,0.0,0.0,0.0,0.2245843268741186,0.0,0.0,0.0,0.0,0.22406124171850228,0.0,0.0,0.0,0.0,0.0,0.0,0.0,0.0,0.0,0.0,E13
2.0,0.0,15.0,4.0,0.0,0.0,0.0,0.0,0.15378644268229635,0.0,0.0,0.0,0.0,0.0,0.22406124171850228,0.0,0.0,0.0,0.0,0.0,0.0,0.0,0.0,0.0,0.0,0.0,0.908572908515739,0.0,0.0,0.0,0.0,0.0,0.0,0.0,0.0,0.0,0.0,0.0,0.2245843268741186,0.0,0.0,0.0,0.0,0.22406124171850228,0.0,0.0,0.0,0.0,0.0,0.0,0.0,0.0,0.0,0.0,E13
5.0,0.0,15.0,5.0,0.41221558671081765,0.0,0.0,0.41221558671081765,0.2142875638625615,0.0,0.0,0.0,0.0,0.0,0.0,0.0,0.0,0.0,0.0,0.0,0.0,0.0,0.0,0.0,0.0,0.2269085772357799,0.23018446497095518,0.0,0.0,0.41221558671081765,0.0,0.0,0.0,0.0,0.0,0.0,0.0,0.0,0.0,0.41221558671081765,0.0,0.0,0.0,0.0,0.0,0.0,0.0,0.0,0.0,0.0,0.0,0.41221558671081765,0.0,0.0,E7
5.0,0.0,15.0,6.0,0.0,0.23836634715786661,0.29376506859060325,0.0,0.2062718063434884,0.29376506859060325,0.0,0.0,0.0,0.0,0.0,0.0,0.0,0.0,0.0,0.0,0.0,0.0,0.0,0.23836634715786661,0.0,0.2184207112050361,0.6647221778892567,0.0,0.0,0.0,0.0,0.0,0.0,0.0,0.0,0.0,0.0,0.0,0.0,0.0,0.0,0.0,0.22577317524360016,0.0,0.0,0.0,0.0,0.0,0.0,0.21067618968495705,0.29376506859060325,0.0,0.0,0.0,E6
5.0,0.0,15.0,6.0,0.0,0.22135968273463763,0.27280588538225176,0.0,0.19155498313298006,0.27280588538225176,0.0,0.0,0.0,0.0,0.0,0.0,0.0,0.0,0.0,0.0,0.0,0.0,0.0,0.22135968273463763,0.0,0.20283710310415376,0.7201791451902878,0.0,0.0,0.0,0.0,0.0,0.0,0.0,0.0,0.0,0.0,0.0,0.0,0.0,0.0,0.0,0.20966499272154374,0.0,0.0,0.0,0.0,0.0,0.0,0.19564512803276962,0.27280588538225176,0.0,0.0,0.0,E6
5.0,0.0,15.0,7.0,0.0,0.22135968273463763,0.27280588538225176,0.0,0.19155498313298006,0.27280588538225176,0.0,0.0,0.0,0.0,0.0,0.0,0.0,0.0,0.0,0.0,0.0,0.0,0.0,0.22135968273463763,0.0,0.20283710310415376,0.7201791451902878,0.0,0.0,0.0,0.0,0.0,0.0,0.0,0.0,0.0,0.0,0.0,0.0,0.0,0.0,0.0,0.20966499272154374,0.0,0.0,0.0,0.0,0.0,0.0,0.19564512803276962,0.27280588538225176,0.0,0.0,0.0,E6
5.0,0.0,15.0,8.0,0.0,0.23836634715786661,0.29376506859060325,0.0,0.2062718063434884,0.29376506859060325,0.0,0.0,0.0,0.0,0.0,0.0,0.0,0.0,0.0,0.0,0.0,0.0,0.0,0.23836634715786661,0.0,0.2184207112050361,0.6647221778892567,0.0,0.0,0.0,0.0,0.0,0.0,0.0,0.0,0.0,0.0,0.0,0.0,0.0,0.0,0.0,0.22577317524360016,0.0,0.0,0.0,0.0,0.0,0.0,0.21067618968495705,0.29376506859060325,0.0,0.0,0.0,E6
5.0,0.0,15.0,9.0,0.0,0.23836634715786661,0.29376506859060325,0.0,0.2062718063434884,0.29376506859060325,0.0,0.0,0.0,0.0,0.0,0.0,0.0,0.0,0.0,0.0,0.0,0.0,0.0,0.23836634715786661,0.0,0.2184207112050361,0.6647221778892567,0.0,0.0,0.0,0.0,0.0,0.0,0.0,0.0,0.0,0.0,0.0,0.0,0.0,0.0,0.0,0.22577317524360016,0.0,0.0,0.0,0.0,0.0,0.0,0.21067618968495705,0.29376506859060325,0.0,0.0,0.0,E6
5.0,0.0,15.0,11.0,0.0,0.22135968273463763,0.27280588538225176,0.0,0.19155498313298006,0.27280588538225176,0.0,0.0,0.0,0.0,0.0,0.0,0.0,0.0,0.0,0.0,0.0,0.0,0.0,0.22135968273463763,0.0,0.20283710310415376,0.7201791451902878,0.0,0.0,0.0,0.0,0.0,0.0,0.0,0.0,0.0,0.0,0.0,0.0,0.0,0.0,0.0,0.20966499272154374,0.0,0.0,0.0,0.0,0.0,0.0,0.19564512803276962,0.27280588538225176,0.0,0.0,0.0,E6
2.0,0.0,15.0,12.0,0.0,0.0,0.0,0.0,0.1661483052439899,0.0,0.0,0.0,0.0,0.0,0.24207202490079238,0.0,0.0,0.0,0.0,0.0,0.0,0.0,0.0,0.0,0.0,0.0,0.892370001764264,0.0,0.0,0.0,0.0,0.0,0.0,0.0,0.0,0.0,0.0,0.0,0.2426371573701316,0.0,0.0,0.0,0.0,0.24207202490079238,0.0,0.0,0.0,0.0,0.0,0.0,0.0,0.0,0.0,0.0,E13
3.0,0.0,15.0,12.0,0.0,0.0,0.0,0.0,0.34939103204185995,0.0,0.0,0.0,0.0,0.0,0.0,0.0,0.0,0.0,0.48840804444937863,0.0,0.0,0.0,0.0,0.0,0.0,0.0,0.37531057018216657,0.0,0.4992621880111665,0.0,0.0,0.0,0.0,0.0,0.0,0.0,0.0,0.0,0.0,0.0,0.0,0.0,0.0,0.0,0.0,0.0,0.0,0.0,0.4992621880111665,0.0,0.0,0.0,0.0,0.0,E10
5.0,0.0,15.0,13.0,0.41221558671081765,0.0,0.0,0.41221558671081765,0.2142875638625615,0.0,0.0,0.0,0.0,0.0,0.0,0.0,0.0,0.0,0.0,0.0,0.0,0.0,0.0,0.0,0.0,0.2269085772357799,0.23018446497095518,0.0,0.0,0.41221558671081765,0.0,0.0,0.0,0.0,0.0,0.0,0.0,0.0,0.0,0.41221558671081765,0.0,0.0,0.0,0.0,0.0,0.0,0.0,0.0,0.0,0.0,0.0,0.41221558671081765,0.0,0.0,E7
5.0,0.0,15.0,14.0,0.41221558671081765,0.0,0.0,0.41221558671081765,0.2142875638625615,0.0,0.0,0.0,0.0,0.0,0.0,0.0,0.0,0.0,0.0,0.0,0.0,0.0,0.0,0.0,0.0,0.2269085772357799,0.23018446497095518,0.0,0.0,0.41221558671081765,0.0,0.0,0.0,0.0,0.0,0.0,0.0,0.0,0.0,0.41221558671081765,0.0,0.0,0.0,0.0,0.0,0.0,0.0,0.0,0.0,0.0,0.0,0.41221558671081765,0.0,0.0,E7
2.0,0.0,15.0,15.0,0.0,0.0,0.0,0.0,0.15378644268229635,0.0,0.0,0.0,0.0,0.0,0.22406124171850228,0.0,0.0,0.0,0.0,0.0,0.0,0.0,0.0,0.0,0.0,0.0,0.908572908515739,0.0,0.0,0.0,0.0,0.0,0.0,0.0,0.0,0.0,0.0,0.0,0.2245843268741186,0.0,0.0,0.0,0.0,0.22406124171850228,0.0,0.0,0.0,0.0,0.0,0.0,0.0,0.0,0.0,0.0,E13
3.0,0.0,15.0,15.0,0.0,0.0,0.0,0.0,0.34939103204185995,0.0,0.0,0.0,0.0,0.0,0.0,0.0,0.0,0.0,0.48840804444937863,0.0,0.0,0.0,0.0,0.0,0.0,0.0,0.37531057018216657,0.0,0.4992621880111665,0.0,0.0,0.0,0.0,0.0,0.0,0.0,0.0,0.0,0.0,0.0,0.0,0.0,0.0,0.0,0.0,0.0,0.0,0.0,0.4992621880111665,0.0,0.0,0.0,0.0,0.0,E10
5.0,0.0,15.0,16.0,0.0,0.23836634715786661,0.29376506859060325,0.0,0.2062718063434884,0.29376506859060325,0.0,0.0,0.0,0.0,0.0,0.0,0.0,0.0,0.0,0.0,0.0,0.0,0.0,0.23836634715786661,0.0,0.2184207112050361,0.6647221778892567,0.0,0.0,0.0,0.0,0.0,0.0,0.0,0.0,0.0,0.0,0.0,0.0,0.0,0.0,0.0,0.22577317524360016,0.0,0.0,0.0,0.0,0.0,0.0,0.21067618968495705,0.29376506859060325,0.0,0.0,0.0,E6
3.0,0.0,15.0,17.0,0.0,0.0,0.0,0.0,0.23428947065061007,0.0,0.0,0.0,0.0,0.0,0.0,0.0,0.0,0.0,0.0,0.3421481252964706,0.0,0.0,0.0,0.0,0.0,0.0,0.7550106335330056,0.2751728165091075,0.0,0.0,0.0,0.0,0.0,0.0,0.0,0.0,0.0,0.34135121926186185,0.0,0.0,0.0,0.0,0.2564396882569906,0.0,0.0,0.0,0.0,0.0,0.0,0.0,0.0,0.0,0.0,0.0,E11
5.0,0.0,15.0,19.0,0.0,0.23836634715786661,0.29376506859060325,0.0,0.2062718063434884,0.29376506859060325,0.0,0.0,0.0,0.0,0.0,0.0,0.0,0.0,0.0,0.0,0.0,0.0,0.0,0.23836634715786661,0.0,0.2184207112050361,0.6647221778892567,0.0,0.0,0.0,0.0,0.0,0.0,0.0,0.0,0.0,0.0,0.0,0.0,0.0,0.0,0.0,0.22577317524360016,0.0,0.0,0.0,0.0,0.0,0.0,0.21067618968495705,0.29376506859060325,0.0,0.0,0.0,E6
2.0,0.0,15.0,19.0,0.0,0.0,0.0,0.0,0.1661483052439899,0.0,0.0,0.0,0.0,0.0,0.24207202490079238,0.0,0.0,0.0,0.0,0.0,0.0,0.0,0.0,0.0,0.0,0.0,0.892370001764264,0.0,0.0,0.0,0.0,0.0,0.0,0.0,0.0,0.0,0.0,0.0,0.2426371573701316,0.0,0.0,0.0,0.0,0.24207202490079238,0.0,0.0,0.0,0.0,0.0,0.0,0.0,0.0,0.0,0.0,E13
3.0,0.0,15.0,21.0,0.0,0.0,0.0,0.0,0.34939103204185995,0.0,0.0,0.0,0.0,0.0,0.0,0.0,0.0,0.0,0.48840804444937863,0.0,0.0,0.0,0.0,0.0,0.0,0.0,0.37531057018216657,0.0,0.4992621880111665,0.0,0.0,0.0,0.0,0.0,0.0,0.0,0.0,0.0,0.0,0.0,0.0,0.0,0.0,0.0,0.0,0.0,0.0,0.0,0.4992621880111665,0.0,0.0,0.0,0.0,0.0,E10
5.0,0.0,15.0,21.0,0.0,0.23836634715786661,0.29376506859060325,0.0,0.2062718063434884,0.29376506859060325,0.0,0.0,0.0,0.0,0.0,0.0,0.0,0.0,0.0,0.0,0.0,0.0,0.0,0.23836634715786661,0.0,0.2184207112050361,0.6647221778892567,0.0,0.0,0.0,0.0,0.0,0.0,0.0,0.0,0.0,0.0,0.0,0.0,0.0,0.0,0.0,0.22577317524360016,0.0,0.0,0.0,0.0,0.0,0.0,0.21067618968495705,0.29376506859060325,0.0,0.0,0.0,E6
5.0,0.0,15.0,22.0,0.0,0.23836634715786661,0.29376506859060325,0.0,0.2062718063434884,0.29376506859060325,0.0,0.0,0.0,0.0,0.0,0.0,0.0,0.0,0.0,0.0,0.0,0.0,0.0,0.23836634715786661,0.0,0.2184207112050361,0.6647221778892567,0.0,0.0,0.0,0.0,0.0,0.0,0.0,0.0,0.0,0.0,0.0,0.0,0.0,0.0,0.0,0.22577317524360016,0.0,0.0,0.0,0.0,0.0,0.0,0.21067618968495705,0.29376506859060325,0.0,0.0,0.0,E6
3.0,0.0,15.0,22.0,0.0,0.0,0.0,0.0,0.34939103204185995,0.0,0.0,0.0,0.0,0.0,0.0,0.0,0.0,0.0,0.48840804444937863,0.0,0.0,0.0,0.0,0.0,0.0,0.0,0.37531057018216657,0.0,0.4992621880111665,0.0,0.0,0.0,0.0,0.0,0.0,0.0,0.0,0.0,0.0,0.0,0.0,0.0,0.0,0.0,0.0,0.0,0.0,0.0,0.4992621880111665,0.0,0.0,0.0,0.0,0.0,E10
2.0,0.0,15.0,26.0,0.0,0.0,0.0,0.0,0.1661483052439899,0.0,0.0,0.0,0.0,0.0,0.24207202490079238,0.0,0.0,0.0,0.0,0.0,0.0,0.0,0.0,0.0,0.0,0.0,0.892370001764264,0.0,0.0,0.0,0.0,0.0,0.0,0.0,0.0,0.0,0.0,0.0,0.2426371573701316,0.0,0.0,0.0,0.0,0.24207202490079238,0.0,0.0,0.0,0.0,0.0,0.0,0.0,0.0,0.0,0.0,E13
0.0,0.0,15.0,33.0,0.0,0.0,0.0,0.0,0.11808350202038123,0.0,0.0,0.0,0.0,0.0,0.0,0.0,0.0,0.0,0.3301340161278035,0.0,0.0,0.0,0.0,0.0,0.0,0.0,0.12684351459560828,0.0,0.0,0.0,0.0,0.0,0.0,0.0,0.0,0.0,0.0,0.0,0.0,0.0,0.0,0.0,0.0,0.0,0.0,0.0,0.0,0.6561168115324296,0.0,0.0,0.0,0.0,0.6561168115324296,0.0,E14
3.0,0.0,15.0,39.0,0.0,0.0,0.0,0.0,0.23428947065061007,0.0,0.0,0.0,0.0,0.0,0.0,0.0,0.0,0.0,0.0,0.3421481252964706,0.0,0.0,0.0,0.0,0.0,0.0,0.7550106335330056,0.2751728165091075,0.0,0.0,0.0,0.0,0.0,0.0,0.0,0.0,0.0,0.34135121926186185,0.0,0.0,0.0,0.0,0.2564396882569906,0.0,0.0,0.0,0.0,0.0,0.0,0.0,0.0,0.0,0.0,0.0,E11
2.0,0.0,15.0,51.0,0.0,0.0,0.0,0.0,0.15378644268229635,0.0,0.0,0.0,0.0,0.0,0.22406124171850228,0.0,0.0,0.0,0.0,0.0,0.0,0.0,0.0,0.0,0.0,0.0,0.908572908515739,0.0,0.0,0.0,0.0,0.0,0.0,0.0,0.0,0.0,0.0,0.0,0.2245843268741186,0.0,0.0,0.0,0.0,0.22406124171850228,0.0,0.0,0.0,0.0,0.0,0.0,0.0,0.0,0.0,0.0,E13
5.0,0.0,16.0,1.0,0.0,0.22135968273463763,0.27280588538225176,0.0,0.19155498313298006,0.27280588538225176,0.0,0.0,0.0,0.0,0.0,0.0,0.0,0.0,0.0,0.0,0.0,0.0,0.0,0.22135968273463763,0.0,0.20283710310415376,0.7201791451902878,0.0,0.0,0.0,0.0,0.0,0.0,0.0,0.0,0.0,0.0,0.0,0.0,0.0,0.0,0.0,0.20966499272154374,0.0,0.0,0.0,0.0,0.0,0.0,0.19564512803276962,0.27280588538225176,0.0,0.0,0.0,E6
2.0,0.0,16.0,30.0,0.0,0.0,0.0,0.0,0.18300530177572175,0.0,0.0,0.0,0.0,0.0,0.0,0.0,0.0,0.0,0.0,0.0,0.0,0.0,0.0,0.0,0.0,0.0,0.884616891552314,0.0,0.0,0.0,0.0,0.0,0.0,0.0,0.0,0.0,0.0,0.0,0.0,0.0,0.386038321742151,0.0,0.0,0.0,0.0,0.0,0.0,0.0,0.0,0.18691289107175582,0.0,0.0,0.0,0.0,E1
2.0,0.0,16.0,36.0,0.0,0.0,0.0,0.0,0.1682164468780759,0.0,0.0,0.0,0.0,0.0,0.0,0.0,0.0,0.0,0.0,0.0,0.0,0.0,0.0,0.0,0.0,0.0,0.9034778343175234,0.0,0.0,0.0,0.0,0.0,0.0,0.0,0.0,0.0,0.0,0.0,0.0,0.0,0.35484215053957024,0.0,0.0,0.0,0.0,0.0,0.0,0.0,0.0,0.1718082596881945,0.0,0.0,0.0,0.0,E1
2.0,1.0,16.0,39.0,0.0,0.0,0.0,0.0,0.07229371885362076,0.0,0.0,0.0,0.0,0.0,0.0,0.0,0.30410015259312995,0.0,0.0,0.0,0.30410015259312995,0.0,0.0,0.0,0.0,0.0,0.7765682102650805,0.0,0.0,0.0,0.0,0.0,0.0,0.0,0.0,0.0,0.0,0.0,0.0,0.0,0.0,0.30410015259312995,0.0,0.0,0.0,0.0,0.0,0.0,0.0,0.14767471615460706,0.0,0.0,0.0,0.30410015259312995,E3
2.0,1.0,17.0,3.0,0.0,0.0,0.0,0.0,0.0768291734180432,0.0,0.0,0.0,0.0,0.0,0.0,0.0,0.3231783304347308,0.0,0.0,0.0,0.3231783304347308,0.0,0.0,0.0,0.0,0.0,0.7427586404343122,0.0,0.0,0.0,0.0,0.0,0.0,0.0,0.0,0.0,0.0,0.0,0.0,0.0,0.0,0.3231783304347308,0.0,0.0,0.0,0.0,0.0,0.0,0.0,0.15693931031373926,0.0,0.0,0.0,0.3231783304347308,E3
2.0,0.0,17.0,35.0,0.0,0.0,0.0,0.0,0.18300530177572175,0.0,0.0,0.0,0.0,0.0,0.0,0.0,0.0,0.0,0.0,0.0,0.0,0.0,0.0,0.0,0.0,0.0,0.884616891552314,0.0,0.0,0.0,0.0,0.0,0.0,0.0,0.0,0.0,0.0,0.0,0.0,0.0,0.386038321742151,0.0,0.0,0.0,0.0,0.0,0.0,0.0,0.0,0.18691289107175582,0.0,0.0,0.0,0.0,E1
0.0,0.0,17.0,36.0,0.0,0.0,0.0,0.0,0.11904505988018863,0.0,0.0,0.0,0.0,0.0,0.0,0.0,0.0,0.0,0.33282230833260856,0.0,0.0,0.0,0.0,0.0,0.0,0.0,0.0,0.0,0.0,0.0,0.0,0.0,0.0,0.0,0.0,0.0,0.0,0.0,0.0,0.0,0.0,0.0,0.0,0.0,0.0,0.0,0.0,0.6614595924144862,0.0,0.0,0.0,0.0,0.6614595924144862,0.0,E14
2.0,1.0,17.0,53.0,0.0,0.0,0.0,0.0,0.07229371885362076,0.0,0.0,0.0,0.0,0.0,0.0,0.0,0.30410015259312995,0.0,0.0,0.0,0.30410015259312995,0.0,0.0,0.0,0.0,0.0,0.7765682102650805,0.0,0.0,0.0,0.0,0.0,0.0,0.0,0.0,0.0,0.0,0.0,0.0,0.0,0.0,0.30410015259312995,0.0,0.0,0.0,0.0,0.0,0.0,0.0,0.14767471615460706,0.0,0.0,0.0,0.30410015259312995,E3
2.0,0.0,17.0,54.0,0.0,0.0,0.0,0.0,0.1682164468780759,0.0,0.0,0.0,0.0,0.0,0.0,0.0,0.0,0.0,0.0,0.0,0.0,0.0,0.0,0.0,0.0,0.0,0.9034778343175234,0.0,0.0,0.0,0.0,0.0,0.0,0.0,0.0,0.0,0.0,0.0,0.0,0.0,0.35484215053957024,0.0,0.0,0.0,0.0,0.0,0.0,0.0,0.0,0.1718082596881945,0.0,0.0,0.0,0.0,E1
2.0,1.0,17.0,58.0,0.0,0.0,0.0,0.0,0.0768291734180432,0.0,0.0,0.0,0.0,0.0,0.0,0.0,0.3231783304347308,0.0,0.0,0.0,0.3231783304347308,0.0,0.0,0.0,0.0,0.0,0.7427586404343122,0.0,0.0,0.0,0.0,0.0,0.0,0.0,0.0,0.0,0.0,0.0,0.0,0.0,0.0,0.3231783304347308,0.0,0.0,0.0,0.0,0.0,0.0,0.0,0.15693931031373926,0.0,0.0,0.0,0.3231783304347308,E3
2.0,0.0,17.0,58.0,0.0,0.0,0.0,0.0,0.18300530177572175,0.0,0.0,0.0,0.0,0.0,0.0,0.0,0.0,0.0,0.0,0.0,0.0,0.0,0.0,0.0,0.0,0.0,0.884616891552314,0.0,0.0,0.0,0.0,0.0,0.0,0.0,0.0,0.0,0.0,0.0,0.0,0.0,0.386038321742151,0.0,0.0,0.0,0.0,0.0,0.0,0.0,0.0,0.18691289107175582,0.0,0.0,0.0,0.0,E1
2.0,1.0,17.0,59.0,0.0,0.0,0.0,0.0,0.07229371885362076,0.0,0.0,0.0,0.0,0.0,0.0,0.0,0.30410015259312995,0.0,0.0,0.0,0.30410015259312995,0.0,0.0,0.0,0.0,0.0,0.7765682102650805,0.0,0.0,0.0,0.0,0.0,0.0,0.0,0.0,0.0,0.0,0.0,0.0,0.0,0.0,0.30410015259312995,0.0,0.0,0.0,0.0,0.0,0.0,0.0,0.14767471615460706,0.0,0.0,0.0,0.30410015259312995,E3
0.0,0.0,18.0,32.0,0.0,0.0,0.0,0.0,0.11904505988018863,0.0,0.0,0.0,0.0,0.0,0.0,0.0,0.0,0.0,0.33282230833260856,0.0,0.0,0.0,0.0,0.0,0.0,0.0,0.0,0.0,0.0,0.0,0.0,0.0,0.0,0.0,0.0,0.0,0.0,0.0,0.0,0.0,0.0,0.0,0.0,0.0,0.0,0.0,0.0,0.6614595924144862,0.0,0.0,0.0,0.0,0.6614595924144862,0.0,E14
0.0,0.0,19.0,3.0,0.0,0.0,0.0,0.0,0.11904505988018863,0.0,0.0,0.0,0.0,0.0,0.0,0.0,0.0,0.0,0.33282230833260856,0.0,0.0,0.0,0.0,0.0,0.0,0.0,0.0,0.0,0.0,0.0,0.0,0.0,0.0,0.0,0.0,0.0,0.0,0.0,0.0,0.0,0.0,0.0,0.0,0.0,0.0,0.0,0.0,0.6614595924144862,0.0,0.0,0.0,0.0,0.6614595924144862,0.0,E14
2.0,1.0,19.0,14.0,0.0,0.0,0.0,0.0,0.0768291734180432,0.0,0.0,0.0,0.0,0.0,0.0,0.0,0.3231783304347308,0.0,0.0,0.0,0.3231783304347308,0.0,0.0,0.0,0.0,0.0,0.7427586404343122,0.0,0.0,0.0,0.0,0.0,0.0,0.0,0.0,0.0,0.0,0.0,0.0,0.0,0.0,0.3231783304347308,0.0,0.0,0.0,0.0,0.0,0.0,0.0,0.15693931031373926,0.0,0.0,0.0,0.3231783304347308,E3
2.0,1.0,19.0,20.0,0.0,0.0,0.0,0.0,0.0768291734180432,0.0,0.0,0.0,0.0,0.0,0.0,0.0,0.3231783304347308,0.0,0.0,0.0,0.3231783304347308,0.0,0.0,0.0,0.0,0.0,0.7427586404343122,0.0,0.0,0.0,0.0,0.0,0.0,0.0,0.0,0.0,0.0,0.0,0.0,0.0,0.0,0.3231783304347308,0.0,0.0,0.0,0.0,0.0,0.0,0.0,0.15693931031373926,0.0,0.0,0.0,0.3231783304347308,E3
2.0,1.0,19.0,33.0,0.0,0.0,0.0,0.0,0.07229371885362076,0.0,0.0,0.0,0.0,0.0,0.0,0.0,0.30410015259312995,0.0,0.0,0.0,0.30410015259312995,0.0,0.0,0.0,0.0,0.0,0.7765682102650805,0.0,0.0,0.0,0.0,0.0,0.0,0.0,0.0,0.0,0.0,0.0,0.0,0.0,0.0,0.30410015259312995,0.0,0.0,0.0,0.0,0.0,0.0,0.0,0.14767471615460706,0.0,0.0,0.0,0.30410015259312995,E3
2.0,0.0,19.0,35.0,0.0,0.0,0.0,0.0,0.18300530177572175,0.0,0.0,0.0,0.0,0.0,0.0,0.0,0.0,0.0,0.0,0.0,0.0,0.0,0.0,0.0,0.0,0.0,0.884616891552314,0.0,0.0,0.0,0.0,0.0,0.0,0.0,0.0,0.0,0.0,0.0,0.0,0.0,0.386038321742151,0.0,0.0,0.0,0.0,0.0,0.0,0.0,0.0,0.18691289107175582,0.0,0.0,0.0,0.0,E1
2.0,1.0,19.0,41.0,0.0,0.0,0.0,0.0,0.07229371885362076,0.0,0.0,0.0,0.0,0.0,0.0,0.0,0.30410015259312995,0.0,0.0,0.0,0.30410015259312995,0.0,0.0,0.0,0.0,0.0,0.7765682102650805,0.0,0.0,0.0,0.0,0.0,0.0,0.0,0.0,0.0,0.0,0.0,0.0,0.0,0.0,0.30410015259312995,0.0,0.0,0.0,0.0,0.0,0.0,0.0,0.14767471615460706,0.0,0.0,0.0,0.30410015259312995,E3
2.0,0.0,19.0,45.0,0.0,0.0,0.0,0.0,0.1682164468780759,0.0,0.0,0.0,0.0,0.0,0.0,0.0,0.0,0.0,0.0,0.0,0.0,0.0,0.0,0.0,0.0,0.0,0.9034778343175234,0.0,0.0,0.0,0.0,0.0,0.0,0.0,0.0,0.0,0.0,0.0,0.0,0.0,0.35484215053957024,0.0,0.0,0.0,0.0,0.0,0.0,0.0,0.0,0.1718082596881945,0.0,0.0,0.0,0.0,E1
2.0,1.0,19.0,47.0,0.0,0.0,0.0,0.0,0.0768291734180432,0.0,0.0,0.0,0.0,0.0,0.0,0.0,0.3231783304347308,0.0,0.0,0.0,0.3231783304347308,0.0,0.0,0.0,0.0,0.0,0.7427586404343122,0.0,0.0,0.0,0.0,0.0,0.0,0.0,0.0,0.0,0.0,0.0,0.0,0.0,0.0,0.3231783304347308,0.0,0.0,0.0,0.0,0.0,0.0,0.0,0.15693931031373926,0.0,0.0,0.0,0.3231783304347308,E3
2.0,0.0,19.0,55.0,0.0,0.0,0.0,0.0,0.18300530177572175,0.0,0.0,0.0,0.0,0.0,0.0,0.0,0.0,0.0,0.0,0.0,0.0,0.0,0.0,0.0,0.0,0.0,0.884616891552314,0.0,0.0,0.0,0.0,0.0,0.0,0.0,0.0,0.0,0.0,0.0,0.0,0.0,0.386038321742151,0.0,0.0,0.0,0.0,0.0,0.0,0.0,0.0,0.18691289107175582,0.0,0.0,0.0,0.0,E1
2.0,0.0,20.0,3.0,0.0,0.0,0.0,0.0,0.18300530177572175,0.0,0.0,0.0,0.0,0.0,0.0,0.0,0.0,0.0,0.0,0.0,0.0,0.0,0.0,0.0,0.0,0.0,0.884616891552314,0.0,0.0,0.0,0.0,0.0,0.0,0.0,0.0,0.0,0.0,0.0,0.0,0.0,0.386038321742151,0.0,0.0,0.0,0.0,0.0,0.0,0.0,0.0,0.18691289107175582,0.0,0.0,0.0,0.0,E1
5.0,0.0,21.0,1.0,0.0,0.2428868481176099,0.0,0.0,0.21018365006497722,0.0,0.0,0.0,0.33238685715354443,0.0,0.0,0.0,0.0,0.0,0.0,0.0,0.0,0.0,0.33469666057283937,0.2428868481176099,0.0,0.22256295295351686,0.6773283082383573,0.2468605473900918,0.0,0.0,0.0,0.0,0.0,0.0,0.0,0.0,0.0,0.0,0.0,0.0,0.0,0.0,0.0,0.0,0.0,0.0,0.0,0.0,0.0,0.21467156037809929,0.0,0.0,0.0,0.0,E8
5.0,0.0,21.0,1.0,0.0,0.2428868481176099,0.0,0.0,0.21018365006497722,0.0,0.0,0.0,0.33238685715354443,0.0,0.0,0.0,0.0,0.0,0.0,0.0,0.0,0.0,0.33469666057283937,0.2428868481176099,0.0,0.22256295295351686,0.6773283082383573,0.2468605473900918,0.0,0.0,0.0,0.0,0.0,0.0,0.0,0.0,0.0,0.0,0.0,0.0,0.0,0.0,0.0,0.0,0.0,0.0,0.0,0.0,0.0,0.21467156037809929,0.0,0.0,0.0,0.0,E8
5.0,0.0,21.0,1.0,0.0,0.2428868481176099,0.0,0.0,0.21018365006497722,0.0,0.0,0.0,0.33238685715354443,0.0,0.0,0.0,0.0,0.0,0.0,0.0,0.0,0.0,0.33469666057283937,0.2428868481176099,0.0,0.22256295295351686,0.6773283082383573,0.2468605473900918,0.0,0.0,0.0,0.0,0.0,0.0,0.0,0.0,0.0,0.0,0.0,0.0,0.0,0.0,0.0,0.0,0.0,0.0,0.0,0.0,0.0,0.21467156037809929,0.0,0.0,0.0,0.0,E8
5.0,0.0,21.0,1.0,0.0,0.2428868481176099,0.0,0.0,0.21018365006497722,0.0,0.0,0.0,0.33238685715354443,0.0,0.0,0.0,0.0,0.0,0.0,0.0,0.0,0.0,0.33469666057283937,0.2428868481176099,0.0,0.22256295295351686,0.6773283082383573,0.2468605473900918,0.0,0.0,0.0,0.0,0.0,0.0,0.0,0.0,0.0,0.0,0.0,0.0,0.0,0.0,0.0,0.0,0.0,0.0,0.0,0.0,0.0,0.21467156037809929,0.0,0.0,0.0,0.0,E8
5.0,0.0,21.0,1.0,0.0,0.26193916470232276,0.0,0.0,0.22667069114193747,0.0,0.0,0.0,0.35845965475525166,0.0,0.0,0.0,0.0,0.0,0.0,0.0,0.0,0.0,0.3609506417434961,0.26193916470232276,0.0,0.24002104042330735,0.6087155832170444,0.26622456539930955,0.0,0.0,0.0,0.0,0.0,0.0,0.0,0.0,0.0,0.0,0.0,0.0,0.0,0.0,0.0,0.0,0.0,0.0,0.0,0.0,0.0,0.2315106381699005,0.0,0.0,0.0,0.0,E8
5.0,0.0,21.0,1.0,0.0,0.2428868481176099,0.0,0.0,0.21018365006497722,0.0,0.0,0.0,0.33238685715354443,0.0,0.0,0.0,0.0,0.0,0.0,0.0,0.0,0.0,0.33469666057283937,0.2428868481176099,0.0,0.22256295295351686,0.6773283082383573,0.2468605473900918,0.0,0.0,0.0,0.0,0.0,0.0,0.0,0.0,0.0,0.0,0.0,0.0,0.0,0.0,0.0,0.0,0.0,0.0,0.0,0.0,0.0,0.21467156037809929,0.0,0.0,0.0,0.0,E8
5.0,0.0,21.0,1.0,0.0,0.26193916470232276,0.0,0.0,0.22667069114193747,0.0,0.0,0.0,0.35845965475525166,0.0,0.0,0.0,0.0,0.0,0.0,0.0,0.0,0.0,0.3609506417434961,0.26193916470232276,0.0,0.24002104042330735,0.6087155832170444,0.26622456539930955,0.0,0.0,0.0,0.0,0.0,0.0,0.0,0.0,0.0,0.0,0.0,0.0,0.0,0.0,0.0,0.0,0.0,0.0,0.0,0.0,0.0,0.2315106381699005,0.0,0.0,0.0,0.0,E8
5.0,0.0,21.0,1.0,0.0,0.26193916470232276,0.0,0.0,0.22667069114193747,0.0,0.0,0.0,0.35845965475525166,0.0,0.0,0.0,0.0,0.0,0.0,0.0,0.0,0.0,0.3609506417434961,0.26193916470232276,0.0,0.24002104042330735,0.6087155832170444,0.26622456539930955,0.0,0.0,0.0,0.0,0.0,0.0,0.0,0.0,0.0,0.0,0.0,0.0,0.0,0.0,0.0,0.0,0.0,0.0,0.0,0.0,0.0,0.2315106381699005,0.0,0.0,0.0,0.0,E8
5.0,0.0,21.0,1.0,0.0,0.2428868481176099,0.0,0.0,0.21018365006497722,0.0,0.0,0.0,0.33238685715354443,0.0,0.0,0.0,0.0,0.0,0.0,0.0,0.0,0.0,0.33469666057283937,0.2428868481176099,0.0,0.22256295295351686,0.6773283082383573,0.2468605473900918,0.0,0.0,0.0,0.0,0.0,0.0,0.0,0.0,0.0,0.0,0.0,0.0,0.0,0.0,0.0,0.0,0.0,0.0,0.0,0.0,0.0,0.21467156037809929,0.0,0.0,0.0,0.0,E8
5.0,0.0,21.0,1.0,0.0,0.2428868481176099,0.0,0.0,0.21018365006497722,0.0,0.0,0.0,0.33238685715354443,0.0,0.0,0.0,0.0,0.0,0.0,0.0,0.0,0.0,0.33469666057283937,0.2428868481176099,0.0,0.22256295295351686,0.6773283082383573,0.2468605473900918,0.0,0.0,0.0,0.0,0.0,0.0,0.0,0.0,0.0,0.0,0.0,0.0,0.0,0.0,0.0,0.0,0.0,0.0,0.0,0.0,0.0,0.21467156037809929,0.0,0.0,0.0,0.0,E8
5.0,0.0,21.0,1.0,0.0,0.2428868481176099,0.0,0.0,0.21018365006497722,0.0,0.0,0.0,0.33238685715354443,0.0,0.0,0.0,0.0,0.0,0.0,0.0,0.0,0.0,0.33469666057283937,0.2428868481176099,0.0,0.22256295295351686,0.6773283082383573,0.2468605473900918,0.0,0.0,0.0,0.0,0.0,0.0,0.0,0.0,0.0,0.0,0.0,0.0,0.0,0.0,0.0,0.0,0.0,0.0,0.0,0.0,0.0,0.21467156037809929,0.0,0.0,0.0,0.0,E8
5.0,0.0,21.0,1.0,0.0,0.2428868481176099,0.0,0.0,0.21018365006497722,0.0,0.0,0.0,0.33238685715354443,0.0,0.0,0.0,0.0,0.0,0.0,0.0,0.0,0.0,0.33469666057283937,0.2428868481176099,0.0,0.22256295295351686,0.6773283082383573,0.2468605473900918,0.0,0.0,0.0,0.0,0.0,0.0,0.0,0.0,0.0,0.0,0.0,0.0,0.0,0.0,0.0,0.0,0.0,0.0,0.0,0.0,0.0,0.21467156037809929,0.0,0.0,0.0,0.0,E8
5.0,0.0,21.0,1.0,0.0,0.26193916470232276,0.0,0.0,0.22667069114193747,0.0,0.0,0.0,0.35845965475525166,0.0,0.0,0.0,0.0,0.0,0.0,0.0,0.0,0.0,0.3609506417434961,0.26193916470232276,0.0,0.24002104042330735,0.6087155832170444,0.26622456539930955,0.0,0.0,0.0,0.0,0.0,0.0,0.0,0.0,0.0,0.0,0.0,0.0,0.0,0.0,0.0,0.0,0.0,0.0,0.0,0.0,0.0,0.2315106381699005,0.0,0.0,0.0,0.0,E8
5.0,0.0,21.0,1.0,0.0,0.26193916470232276,0.0,0.0,0.22667069114193747,0.0,0.0,0.0,0.35845965475525166,0.0,0.0,0.0,0.0,0.0,0.0,0.0,0.0,0.0,0.3609506417434961,0.26193916470232276,0.0,0.24002104042330735,0.6087155832170444,0.26622456539930955,0.0,0.0,0.0,0.0,0.0,0.0,0.0,0.0,0.0,0.0,0.0,0.0,0.0,0.0,0.0,0.0,0.0,0.0,0.0,0.0,0.0,0.2315106381699005,0.0,0.0,0.0,0.0,E8
5.0,0.0,21.0,1.0,0.0,0.26193916470232276,0.0,0.0,0.22667069114193747,0.0,0.0,0.0,0.35845965475525166,0.0,0.0,0.0,0.0,0.0,0.0,0.0,0.0,0.0,0.3609506417434961,0.26193916470232276,0.0,0.24002104042330735,0.6087155832170444,0.26622456539930955,0.0,0.0,0.0,0.0,0.0,0.0,0.0,0.0,0.0,0.0,0.0,0.0,0.0,0.0,0.0,0.0,0.0,0.0,0.0,0.0,0.0,0.2315106381699005,0.0,0.0,0.0,0.0,E8
5.0,0.0,21.0,1.0,0.0,0.2428868481176099,0.0,0.0,0.21018365006497722,0.0,0.0,0.0,0.33238685715354443,0.0,0.0,0.0,0.0,0.0,0.0,0.0,0.0,0.0,0.33469666057283937,0.2428868481176099,0.0,0.22256295295351686,0.6773283082383573,0.2468605473900918,0.0,0.0,0.0,0.0,0.0,0.0,0.0,0.0,0.0,0.0,0.0,0.0,0.0,0.0,0.0,0.0,0.0,0.0,0.0,0.0,0.0,0.21467156037809929,0.0,0.0,0.0,0.0,E8
5.0,0.0,21.0,1.0,0.0,0.2428868481176099,0.0,0.0,0.21018365006497722,0.0,0.0,0.0,0.33238685715354443,0.0,0.0,0.0,0.0,0.0,0.0,0.0,0.0,0.0,0.33469666057283937,0.2428868481176099,0.0,0.22256295295351686,0.6773283082383573,0.2468605473900918,0.0,0.0,0.0,0.0,0.0,0.0,0.0,0.0,0.0,0.0,0.0,0.0,0.0,0.0,0.0,0.0,0.0,0.0,0.0,0.0,0.0,0.21467156037809929,0.0,0.0,0.0,0.0,E8
5.0,0.0,21.0,1.0,0.0,0.26193916470232276,0.0,0.0,0.22667069114193747,0.0,0.0,0.0,0.35845965475525166,0.0,0.0,0.0,0.0,0.0,0.0,0.0,0.0,0.0,0.3609506417434961,0.26193916470232276,0.0,0.24002104042330735,0.6087155832170444,0.26622456539930955,0.0,0.0,0.0,0.0,0.0,0.0,0.0,0.0,0.0,0.0,0.0,0.0,0.0,0.0,0.0,0.0,0.0,0.0,0.0,0.0,0.0,0.2315106381699005,0.0,0.0,0.0,0.0,E8
5.0,0.0,21.0,1.0,0.0,0.26193916470232276,0.0,0.0,0.22667069114193747,0.0,0.0,0.0,0.35845965475525166,0.0,0.0,0.0,0.0,0.0,0.0,0.0,0.0,0.0,0.3609506417434961,0.26193916470232276,0.0,0.24002104042330735,0.6087155832170444,0.26622456539930955,0.0,0.0,0.0,0.0,0.0,0.0,0.0,0.0,0.0,0.0,0.0,0.0,0.0,0.0,0.0,0.0,0.0,0.0,0.0,0.0,0.0,0.2315106381699005,0.0,0.0,0.0,0.0,E8
5.0,0.0,21.0,1.0,0.0,0.2428868481176099,0.0,0.0,0.21018365006497722,0.0,0.0,0.0,0.33238685715354443,0.0,0.0,0.0,0.0,0.0,0.0,0.0,0.0,0.0,0.33469666057283937,0.2428868481176099,0.0,0.22256295295351686,0.6773283082383573,0.2468605473900918,0.0,0.0,0.0,0.0,0.0,0.0,0.0,0.0,0.0,0.0,0.0,0.0,0.0,0.0,0.0,0.0,0.0,0.0,0.0,0.0,0.0,0.21467156037809929,0.0,0.0,0.0,0.0,E8
5.0,0.0,21.0,1.0,0.0,0.26193916470232276,0.0,0.0,0.22667069114193747,0.0,0.0,0.0,0.35845965475525166,0.0,0.0,0.0,0.0,0.0,0.0,0.0,0.0,0.0,0.3609506417434961,0.26193916470232276,0.0,0.24002104042330735,0.6087155832170444,0.26622456539930955,0.0,0.0,0.0,0.0,0.0,0.0,0.0,0.0,0.0,0.0,0.0,0.0,0.0,0.0,0.0,0.0,0.0,0.0,0.0,0.0,0.0,0.2315106381699005,0.0,0.0,0.0,0.0,E8
5.0,0.0,21.0,1.0,0.0,0.2428868481176099,0.0,0.0,0.21018365006497722,0.0,0.0,0.0,0.33238685715354443,0.0,0.0,0.0,0.0,0.0,0.0,0.0,0.0,0.0,0.33469666057283937,0.2428868481176099,0.0,0.22256295295351686,0.6773283082383573,0.2468605473900918,0.0,0.0,0.0,0.0,0.0,0.0,0.0,0.0,0.0,0.0,0.0,0.0,0.0,0.0,0.0,0.0,0.0,0.0,0.0,0.0,0.0,0.21467156037809929,0.0,0.0,0.0,0.0,E8
5.0,0.0,21.0,1.0,0.0,0.26193916470232276,0.0,0.0,0.22667069114193747,0.0,0.0,0.0,0.35845965475525166,0.0,0.0,0.0,0.0,0.0,0.0,0.0,0.0,0.0,0.3609506417434961,0.26193916470232276,0.0,0.24002104042330735,0.6087155832170444,0.26622456539930955,0.0,0.0,0.0,0.0,0.0,0.0,0.0,0.0,0.0,0.0,0.0,0.0,0.0,0.0,0.0,0.0,0.0,0.0,0.0,0.0,0.0,0.2315106381699005,0.0,0.0,0.0,0.0,E8
5.0,0.0,21.0,1.0,0.0,0.26193916470232276,0.0,0.0,0.22667069114193747,0.0,0.0,0.0,0.35845965475525166,0.0,0.0,0.0,0.0,0.0,0.0,0.0,0.0,0.0,0.3609506417434961,0.26193916470232276,0.0,0.24002104042330735,0.6087155832170444,0.26622456539930955,0.0,0.0,0.0,0.0,0.0,0.0,0.0,0.0,0.0,0.0,0.0,0.0,0.0,0.0,0.0,0.0,0.0,0.0,0.0,0.0,0.0,0.2315106381699005,0.0,0.0,0.0,0.0,E8
5.0,0.0,21.0,1.0,0.0,0.26193916470232276,0.0,0.0,0.22667069114193747,0.0,0.0,0.0,0.35845965475525166,0.0,0.0,0.0,0.0,0.0,0.0,0.0,0.0,0.0,0.3609506417434961,0.26193916470232276,0.0,0.24002104042330735,0.6087155832170444,0.26622456539930955,0.0,0.0,0.0,0.0,0.0,0.0,0.0,0.0,0.0,0.0,0.0,0.0,0.0,0.0,0.0,0.0,0.0,0.0,0.0,0.0,0.0,0.2315106381699005,0.0,0.0,0.0,0.0,E8
5.0,0.0,21.0,1.0,0.0,0.26193916470232276,0.0,0.0,0.22667069114193747,0.0,0.0,0.0,0.35845965475525166,0.0,0.0,0.0,0.0,0.0,0.0,0.0,0.0,0.0,0.3609506417434961,0.26193916470232276,0.0,0.24002104042330735,0.6087155832170444,0.26622456539930955,0.0,0.0,0.0,0.0,0.0,0.0,0.0,0.0,0.0,0.0,0.0,0.0,0.0,0.0,0.0,0.0,0.0,0.0,0.0,0.0,0.0,0.2315106381699005,0.0,0.0,0.0,0.0,E8
5.0,0.0,21.0,1.0,0.0,0.2428868481176099,0.0,0.0,0.21018365006497722,0.0,0.0,0.0,0.33238685715354443,0.0,0.0,0.0,0.0,0.0,0.0,0.0,0.0,0.0,0.33469666057283937,0.2428868481176099,0.0,0.22256295295351686,0.6773283082383573,0.2468605473900918,0.0,0.0,0.0,0.0,0.0,0.0,0.0,0.0,0.0,0.0,0.0,0.0,0.0,0.0,0.0,0.0,0.0,0.0,0.0,0.0,0.0,0.21467156037809929,0.0,0.0,0.0,0.0,E8
5.0,0.0,21.0,1.0,0.0,0.2428868481176099,0.0,0.0,0.21018365006497722,0.0,0.0,0.0,0.33238685715354443,0.0,0.0,0.0,0.0,0.0,0.0,0.0,0.0,0.0,0.33469666057283937,0.2428868481176099,0.0,0.22256295295351686,0.6773283082383573,0.2468605473900918,0.0,0.0,0.0,0.0,0.0,0.0,0.0,0.0,0.0,0.0,0.0,0.0,0.0,0.0,0.0,0.0,0.0,0.0,0.0,0.0,0.0,0.21467156037809929,0.0,0.0,0.0,0.0,E8
5.0,0.0,21.0,1.0,0.0,0.2428868481176099,0.0,0.0,0.21018365006497722,0.0,0.0,0.0,0.33238685715354443,0.0,0.0,0.0,0.0,0.0,0.0,0.0,0.0,0.0,0.33469666057283937,0.2428868481176099,0.0,0.22256295295351686,0.6773283082383573,0.2468605473900918,0.0,0.0,0.0,0.0,0.0,0.0,0.0,0.0,0.0,0.0,0.0,0.0,0.0,0.0,0.0,0.0,0.0,0.0,0.0,0.0,0.0,0.21467156037809929,0.0,0.0,0.0,0.0,E8
5.0,0.0,21.0,1.0,0.0,0.26193916470232276,0.0,0.0,0.22667069114193747,0.0,0.0,0.0,0.35845965475525166,0.0,0.0,0.0,0.0,0.0,0.0,0.0,0.0,0.0,0.3609506417434961,0.26193916470232276,0.0,0.24002104042330735,0.6087155832170444,0.26622456539930955,0.0,0.0,0.0,0.0,0.0,0.0,0.0,0.0,0.0,0.0,0.0,0.0,0.0,0.0,0.0,0.0,0.0,0.0,0.0,0.0,0.0,0.2315106381699005,0.0,0.0,0.0,0.0,E8
5.0,0.0,21.0,1.0,0.0,0.26193916470232276,0.0,0.0,0.22667069114193747,0.0,0.0,0.0,0.35845965475525166,0.0,0.0,0.0,0.0,0.0,0.0,0.0,0.0,0.0,0.3609506417434961,0.26193916470232276,0.0,0.24002104042330735,0.6087155832170444,0.26622456539930955,0.0,0.0,0.0,0.0,0.0,0.0,0.0,0.0,0.0,0.0,0.0,0.0,0.0,0.0,0.0,0.0,0.0,0.0,0.0,0.0,0.0,0.2315106381699005,0.0,0.0,0.0,0.0,E8
5.0,0.0,21.0,1.0,0.0,0.26193916470232276,0.0,0.0,0.22667069114193747,0.0,0.0,0.0,0.35845965475525166,0.0,0.0,0.0,0.0,0.0,0.0,0.0,0.0,0.0,0.3609506417434961,0.26193916470232276,0.0,0.24002104042330735,0.6087155832170444,0.26622456539930955,0.0,0.0,0.0,0.0,0.0,0.0,0.0,0.0,0.0,0.0,0.0,0.0,0.0,0.0,0.0,0.0,0.0,0.0,0.0,0.0,0.0,0.2315106381699005,0.0,0.0,0.0,0.0,E8
5.0,0.0,21.0,1.0,0.0,0.26193916470232276,0.0,0.0,0.22667069114193747,0.0,0.0,0.0,0.35845965475525166,0.0,0.0,0.0,0.0,0.0,0.0,0.0,0.0,0.0,0.3609506417434961,0.26193916470232276,0.0,0.24002104042330735,0.6087155832170444,0.26622456539930955,0.0,0.0,0.0,0.0,0.0,0.0,0.0,0.0,0.0,0.0,0.0,0.0,0.0,0.0,0.0,0.0,0.0,0.0,0.0,0.0,0.0,0.2315106381699005,0.0,0.0,0.0,0.0,E8
5.0,0.0,21.0,1.0,0.0,0.2428868481176099,0.0,0.0,0.21018365006497722,0.0,0.0,0.0,0.33238685715354443,0.0,0.0,0.0,0.0,0.0,0.0,0.0,0.0,0.0,0.33469666057283937,0.2428868481176099,0.0,0.22256295295351686,0.6773283082383573,0.2468605473900918,0.0,0.0,0.0,0.0,0.0,0.0,0.0,0.0,0.0,0.0,0.0,0.0,0.0,0.0,0.0,0.0,0.0,0.0,0.0,0.0,0.0,0.21467156037809929,0.0,0.0,0.0,0.0,E8
5.0,0.0,21.0,2.0,0.0,0.2428868481176099,0.0,0.0,0.21018365006497722,0.0,0.0,0.0,0.33238685715354443,0.0,0.0,0.0,0.0,0.0,0.0,0.0,0.0,0.0,0.33469666057283937,0.2428868481176099,0.0,0.22256295295351686,0.6773283082383573,0.2468605473900918,0.0,0.0,0.0,0.0,0.0,0.0,0.0,0.0,0.0,0.0,0.0,0.0,0.0,0.0,0.0,0.0,0.0,0.0,0.0,0.0,0.0,0.21467156037809929,0.0,0.0,0.0,0.0,E8
5.0,0.0,21.0,2.0,0.0,0.2428868481176099,0.0,0.0,0.21018365006497722,0.0,0.0,0.0,0.33238685715354443,0.0,0.0,0.0,0.0,0.0,0.0,0.0,0.0,0.0,0.33469666057283937,0.2428868481176099,0.0,0.22256295295351686,0.6773283082383573,0.2468605473900918,0.0,0.0,0.0,0.0,0.0,0.0,0.0,0.0,0.0,0.0,0.0,0.0,0.0,0.0,0.0,0.0,0.0,0.0,0.0,0.0,0.0,0.21467156037809929,0.0,0.0,0.0,0.0,E8
2.0,0.0,21.0,2.0,0.0,0.0,0.0,0.0,0.1682164468780759,0.0,0.0,0.0,0.0,0.0,0.0,0.0,0.0,0.0,0.0,0.0,0.0,0.0,0.0,0.0,0.0,0.0,0.9034778343175234,0.0,0.0,0.0,0.0,0.0,0.0,0.0,0.0,0.0,0.0,0.0,0.0,0.0,0.35484215053957024,0.0,0.0,0.0,0.0,0.0,0.0,0.0,0.0,0.1718082596881945,0.0,0.0,0.0,0.0,E1
3.0,0.0,21.0,2.0,0.0,0.0,0.0,0.0,0.23428947065061007,0.0,0.0,0.0,0.0,0.0,0.0,0.0,0.0,0.0,0.0,0.3421481252964706,0.0,0.0,0.0,0.0,0.0,0.0,0.7550106335330056,0.2751728165091075,0.0,0.0,0.0,0.0,0.0,0.0,0.0,0.0,0.0,0.34135121926186185,0.0,0.0,0.0,0.0,0.2564396882569906,0.0,0.0,0.0,0.0,0.0,0.0,0.0,0.0,0.0,0.0,0.0,E11
4.0,0.0,21.0,2.0,0.0,0.0,0.0,0.0,0.34040857727446816,0.0,0.34324002279077004,0.34324002279077004,0.0,0.34324002279077004,0.0,0.34324002279077004,0.0,0.34324002279077004,0.0,0.0,0.0,0.34324002279077004,0.0,0.0,0.34324002279077004,0.0,0.24377450194824343,0.0,0.0,0.0,0.0,0.0,0.0,0.0,0.0,0.0,0.0,0.0,0.0,0.0,0.0,0.0,0.0,0.0,0.0,0.0,0.0,0.0,0.0,0.0,0.0,0.0,0.0,0.0,E9
2.0,0.0,21.0,2.0,0.0,0.0,0.0,0.0,0.15378644268229635,0.0,0.0,0.0,0.0,0.0,0.22406124171850228,0.0,0.0,0.0,0.0,0.0,0.0,0.0,0.0,0.0,0.0,0.0,0.908572908515739,0.0,0.0,0.0,0.0,0.0,0.0,0.0,0.0,0.0,0.0,0.0,0.2245843268741186,0.0,0.0,0.0,0.0,0.22406124171850228,0.0,0.0,0.0,0.0,0.0,0.0,0.0,0.0,0.0,0.0,E13
4.0,0.0,21.0,2.0,0.0,0.0,0.0,0.0,0.34040857727446816,0.0,0.34324002279077004,0.34324002279077004,0.0,0.34324002279077004,0.0,0.34324002279077004,0.0,0.34324002279077004,0.0,0.0,0.0,0.34324002279077004,0.0,0.0,0.34324002279077004,0.0,0.24377450194824343,0.0,0.0,0.0,0.0,0.0,0.0,0.0,0.0,0.0,0.0,0.0,0.0,0.0,0.0,0.0,0.0,0.0,0.0,0.0,0.0,0.0,0.0,0.0,0.0,0.0,0.0,0.0,E9
4.0,0.0,21.0,3.0,0.0,0.0,0.0,0.0,0.34040857727446816,0.0,0.34324002279077004,0.34324002279077004,0.0,0.34324002279077004,0.0,0.34324002279077004,0.0,0.34324002279077004,0.0,0.0,0.0,0.34324002279077004,0.0,0.0,0.34324002279077004,0.0,0.24377450194824343,0.0,0.0,0.0,0.0,0.0,0.0,0.0,0.0,0.0,0.0,0.0,0.0,0.0,0.0,0.0,0.0,0.0,0.0,0.0,0.0,0.0,0.0,0.0,0.0,0.0,0.0,0.0,E9
4.0,0.0,21.0,3.0,0.0,0.0,0.0,0.0,0.3509974905653215,0.0,0.3539170123906868,0.3539170123906868,0.0,0.3539170123906868,0.0,0.3539170123906868,0.0,0.3539170123906868,0.0,0.0,0.0,0.3539170123906868,0.0,0.0,0.3539170123906868,0.0,0.0,0.0,0.0,0.0,0.0,0.0,0.0,0.0,0.0,0.0,0.0,0.0,0.0,0.0,0.0,0.0,0.0,0.0,0.0,0.0,0.0,0.0,0.0,0.0,0.0,0.0,0.0,0.0,E9
4.0,0.0,21.0,3.0,0.0,0.0,0.0,0.0,0.34040857727446816,0.0,0.34324002279077004,0.34324002279077004,0.0,0.34324002279077004,0.0,0.34324002279077004,0.0,0.34324002279077004,0.0,0.0,0.0,0.34324002279077004,0.0,0.0,0.34324002279077004,0.0,0.24377450194824343,0.0,0.0,0.0,0.0,0.0,0.0,0.0,0.0,0.0,0.0,0.0,0.0,0.0,0.0,0.0,0.0,0.0,0.0,0.0,0.0,0.0,0.0,0.0,0.0,0.0,0.0,0.0,E9
4.0,0.0,21.0,3.0,0.0,0.0,0.0,0.0,0.27966233292132264,0.0,0.281988504209275,0.281988504209275,0.0,0.281988504209275,0.0,0.281988504209275,0.0,0.281988504209275,0.0,0.0,0.0,0.281988504209275,0.0,0.0,0.281988504209275,0.0,0.200272703077663,0.0,0.0,0.0,0.0,0.0,0.0,0.0,0.0,0.0,0.0,0.0,0.0,0.0,0.0,0.0,0.0,0.0,0.0,0.5701378854309535,0.0,0.0,0.0,0.0,0.0,0.0,0.0,0.0,E9
4.0,0.0,21.0,3.0,0.0,0.0,0.0,0.0,0.34040857727446816,0.0,0.34324002279077004,0.34324002279077004,0.0,0.34324002279077004,0.0,0.34324002279077004,0.0,0.34324002279077004,0.0,0.0,0.0,0.34324002279077004,0.0,0.0,0.34324002279077004,0.0,0.24377450194824343,0.0,0.0,0.0,0.0,0.0,0.0,0.0,0.0,0.0,0.0,0.0,0.0,0.0,0.0,0.0,0.0,0.0,0.0,0.0,0.0,0.0,0.0,0.0,0.0,0.0,0.0,0.0,E9
4.0,0.0,21.0,4.0,0.0,0.0,0.0,0.0,0.34040857727446816,0.0,0.34324002279077004,0.34324002279077004,0.0,0.34324002279077004,0.0,0.34324002279077004,0.0,0.34324002279077004,0.0,0.0,0.0,0.34324002279077004,0.0,0.0,0.34324002279077004,0.0,0.24377450194824343,0.0,0.0,0.0,0.0,0.0,0.0,0.0,0.0,0.0,0.0,0.0,0.0,0.0,0.0,0.0,0.0,0.0,0.0,0.0,0.0,0.0,0.0,0.0,0.0,0.0,0.0,0.0,E9
4.0,0.0,21.0,4.0,0.0,0.0,0.0,0.0,0.34040857727446816,0.0,0.34324002279077004,0.34324002279077004,0.0,0.34324002279077004,0.0,0.34324002279077004,0.0,0.34324002279077004,0.0,0.0,0.0,0.34324002279077004,0.0,0.0,0.34324002279077004,0.0,0.24377450194824343,0.0,0.0,0.0,0.0,0.0,0.0,0.0,0.0,0.0,0.0,0.0,0.0,0.0,0.0,0.0,0.0,0.0,0.0,0.0,0.0,0.0,0.0,0.0,0.0,0.0,0.0,0.0,E9
2.0,0.0,21.0,4.0,0.0,0.0,0.0,0.0,0.1661483052439899,0.0,0.0,0.0,0.0,0.0,0.24207202490079238,0.0,0.0,0.0,0.0,0.0,0.0,0.0,0.0,0.0,0.0,0.0,0.892370001764264,0.0,0.0,0.0,0.0,0.0,0.0,0.0,0.0,0.0,0.0,0.0,0.2426371573701316,0.0,0.0,0.0,0.0,0.24207202490079238,0.0,0.0,0.0,0.0,0.0,0.0,0.0,0.0,0.0,0.0,E13
4.0,0.0,21.0,4.0,0.0,0.0,0.0,0.0,0.3509974905653215,0.0,0.3539170123906868,0.3539170123906868,0.0,0.3539170123906868,0.0,0.3539170123906868,0.0,0.3539170123906868,0.0,0.0,0.0,0.3539170123906868,0.0,0.0,0.3539170123906868,0.0,0.0,0.0,0.0,0.0,0.0,0.0,0.0,0.0,0.0,0.0,0.0,0.0,0.0,0.0,0.0,0.0,0.0,0.0,0.0,0.0,0.0,0.0,0.0,0.0,0.0,0.0,0.0,0.0,E9
4.0,0.0,21.0,4.0,0.0,0.0,0.0,0.0,0.3509974905653215,0.0,0.3539170123906868,0.3539170123906868,0.0,0.3539170123906868,0.0,0.3539170123906868,0.0,0.3539170123906868,0.0,0.0,0.0,0.3539170123906868,0.0,0.0,0.3539170123906868,0.0,0.0,0.0,0.0,0.0,0.0,0.0,0.0,0.0,0.0,0.0,0.0,0.0,0.0,0.0,0.0,0.0,0.0,0.0,0.0,0.0,0.0,0.0,0.0,0.0,0.0,0.0,0.0,0.0,E9
4.0,0.0,21.0,4.0,0.0,0.0,0.0,0.0,0.34040857727446816,0.0,0.34324002279077004,0.34324002279077004,0.0,0.34324002279077004,0.0,0.34324002279077004,0.0,0.34324002279077004,0.0,0.0,0.0,0.34324002279077004,0.0,0.0,0.34324002279077004,0.0,0.24377450194824343,0.0,0.0,0.0,0.0,0.0,0.0,0.0,0.0,0.0,0.0,0.0,0.0,0.0,0.0,0.0,0.0,0.0,0.0,0.0,0.0,0.0,0.0,0.0,0.0,0.0,0.0,0.0,E9
3.0,0.0,21.0,4.0,0.0,0.0,0.0,0.0,0.23428947065061007,0.0,0.0,0.0,0.0,0.0,0.0,0.0,0.0,0.0,0.0,0.3421481252964706,0.0,0.0,0.0,0.0,0.0,0.0,0.7550106335330056,0.2751728165091075,0.0,0.0,0.0,0.0,0.0,0.0,0.0,0.0,0.0,0.34135121926186185,0.0,0.0,0.0,0.0,0.2564396882569906,0.0,0.0,0.0,0.0,0.0,0.0,0.0,0.0,0.0,0.0,0.0,E11
4.0,0.0,21.0,4.0,0.0,0.0,0.0,0.0,0.34040857727446816,0.0,0.34324002279077004,0.34324002279077004,0.0,0.34324002279077004,0.0,0.34324002279077004,0.0,0.34324002279077004,0.0,0.0,0.0,0.34324002279077004,0.0,0.0,0.34324002279077004,0.0,0.24377450194824343,0.0,0.0,0.0,0.0,0.0,0.0,0.0,0.0,0.0,0.0,0.0,0.0,0.0,0.0,0.0,0.0,0.0,0.0,0.0,0.0,0.0,0.0,0.0,0.0,0.0,0.0,0.0,E9
4.0,0.0,21.0,4.0,0.0,0.0,0.0,0.0,0.2753858782225747,0.0,0.27767647887779107,0.27767647887779107,0.0,0.27767647887779107,0.0,0.27767647887779107,0.0,0.27767647887779107,0.0,0.0,0.0,0.27767647887779107,0.0,0.0,0.27767647887779107,0.0,0.19721023437420568,0.0,0.0,0.0,0.0,0.0,0.0,0.0,0.0,0.0,0.0,0.0,0.0,0.0,0.0,0.0,0.0,0.0,0.0,0.0,0.5878274858152464,0.0,0.0,0.0,0.0,0.0,0.0,0.0,E9
4.0,0.0,21.0,4.0,0.0,0.0,0.0,0.0,0.27966233292132264,0.0,0.281988504209275,0.281988504209275,0.0,0.281988504209275,0.0,0.281988504209275,0.0,0.281988504209275,0.0,0.0,0.0,0.281988504209275,0.0,0.0,0.281988504209275,0.0,0.200272703077663,0.0,0.0,0.0,0.0,0.0,0.0,0.0,0.0,0.0,0.0,0.0,0.0,0.0,0.0,0.0,0.0,0.0,0.0,0.5701378854309535,0.0,0.0,0.0,0.0,0.0,0.0,0.0,0.0,E9
4.0,0.0,21.0,4.0,0.0,0.0,0.0,0.0,0.27966233292132264,0.0,0.281988504209275,0.281988504209275,0.0,0.281988504209275,0.0,0.281988504209275,0.0,0.281988504209275,0.0,0.0,0.0,0.281988504209275,0.0,0.0,0.281988504209275,0.0,0.200272703077663,0.0,0.0,0.0,0.0,0.0,0.0,0.0,0.0,0.0,0.0,0.0,0.0,0.0,0.0,0.0,0.0,0.0,0.0,0.5701378854309535,0.0,0.0,0.0,0.0,0.0,0.0,0.0,0.0,E9
4.0,0.0,21.0,4.0,0.0,0.0,0.0,0.0,0.34040857727446816,0.0,0.34324002279077004,0.34324002279077004,0.0,0.34324002279077004,0.0,0.34324002279077004,0.0,0.34324002279077004,0.0,0.0,0.0,0.34324002279077004,0.0,0.0,0.34324002279077004,0.0,0.24377450194824343,0.0,0.0,0.0,0.0,0.0,0.0,0.0,0.0,0.0,0.0,0.0,0.0,0.0,0.0,0.0,0.0,0.0,0.0,0.0,0.0,0.0,0.0,0.0,0.0,0.0,0.0,0.0,E9
4.0,0.0,21.0,4.0,0.0,0.0,0.0,0.0,0.34040857727446816,0.0,0.34324002279077004,0.34324002279077004,0.0,0.34324002279077004,0.0,0.34324002279077004,0.0,0.34324002279077004,0.0,0.0,0.0,0.34324002279077004,0.0,0.0,0.34324002279077004,0.0,0.24377450194824343,0.0,0.0,0.0,0.0,0.0,0.0,0.0,0.0,0.0,0.0,0.0,0.0,0.0,0.0,0.0,0.0,0.0,0.0,0.0,0.0,0.0,0.0,0.0,0.0,0.0,0.0,0.0,E9
4.0,0.0,21.0,5.0,0.0,0.0,0.0,0.0,0.34040857727446816,0.0,0.34324002279077004,0.34324002279077004,0.0,0.34324002279077004,0.0,0.34324002279077004,0.0,0.34324002279077004,0.0,0.0,0.0,0.34324002279077004,0.0,0.0,0.34324002279077004,0.0,0.24377450194824343,0.0,0.0,0.0,0.0,0.0,0.0,0.0,0.0,0.0,0.0,0.0,0.0,0.0,0.0,0.0,0.0,0.0,0.0,0.0,0.0,0.0,0.0,0.0,0.0,0.0,0.0,0.0,E9
4.0,0.0,21.0,5.0,0.0,0.0,0.0,0.0,0.34040857727446816,0.0,0.34324002279077004,0.34324002279077004,0.0,0.34324002279077004,0.0,0.34324002279077004,0.0,0.34324002279077004,0.0,0.0,0.0,0.34324002279077004,0.0,0.0,0.34324002279077004,0.0,0.24377450194824343,0.0,0.0,0.0,0.0,0.0,0.0,0.0,0.0,0.0,0.0,0.0,0.0,0.0,0.0,0.0,0.0,0.0,0.0,0.0,0.0,0.0,0.0,0.0,0.0,0.0,0.0,0.0,E9
4.0,0.0,21.0,5.0,0.0,0.0,0.0,0.0,0.3509974905653215,0.0,0.3539170123906868,0.3539170123906868,0.0,0.3539170123906868,0.0,0.3539170123906868,0.0,0.3539170123906868,0.0,0.0,0.0,0.3539170123906868,0.0,0.0,0.3539170123906868,0.0,0.0,0.0,0.0,0.0,0.0,0.0,0.0,0.0,0.0,0.0,0.0,0.0,0.0,0.0,0.0,0.0,0.0,0.0,0.0,0.0,0.0,0.0,0.0,0.0,0.0,0.0,0.0,0.0,E9
4.0,0.0,21.0,5.0,0.0,0.0,0.0,0.0,0.27966233292132264,0.0,0.281988504209275,0.281988504209275,0.0,0.281988504209275,0.0,0.281988504209275,0.0,0.281988504209275,0.0,0.0,0.0,0.281988504209275,0.0,0.0,0.281988504209275,0.0,0.200272703077663,0.0,0.0,0.0,0.0,0.0,0.0,0.0,0.0,0.0,0.0,0.0,0.0,0.0,0.0,0.0,0.0,0.0,0.0,0.5701378854309535,0.0,0.0,0.0,0.0,0.0,0.0,0.0,0.0,E9
4.0,0.0,21.0,5.0,0.0,0.0,0.0,0.0,0.3509974905653215,0.0,0.3539170123906868,0.3539170123906868,0.0,0.3539170123906868,0.0,0.3539170123906868,0.0,0.3539170123906868,0.0,0.0,0.0,0.3539170123906868,0.0,0.0,0.3539170123906868,0.0,0.0,0.0,0.0,0.0,0.0,0.0,0.0,0.0,0.0,0.0,0.0,0.0,0.0,0.0,0.0,0.0,0.0,0.0,0.0,0.0,0.0,0.0,0.0,0.0,0.0,0.0,0.0,0.0,E9
4.0,0.0,21.0,5.0,0.0,0.0,0.0,0.0,0.34040857727446816,0.0,0.34324002279077004,0.34324002279077004,0.0,0.34324002279077004,0.0,0.34324002279077004,0.0,0.34324002279077004,0.0,0.0,0.0,0.34324002279077004,0.0,0.0,0.34324002279077004,0.0,0.24377450194824343,0.0,0.0,0.0,0.0,0.0,0.0,0.0,0.0,0.0,0.0,0.0,0.0,0.0,0.0,0.0,0.0,0.0,0.0,0.0,0.0,0.0,0.0,0.0,0.0,0.0,0.0,0.0,E9
4.0,0.0,21.0,5.0,0.0,0.0,0.0,0.0,0.3509974905653215,0.0,0.3539170123906868,0.3539170123906868,0.0,0.3539170123906868,0.0,0.3539170123906868,0.0,0.3539170123906868,0.0,0.0,0.0,0.3539170123906868,0.0,0.0,0.3539170123906868,0.0,0.0,0.0,0.0,0.0,0.0,0.0,0.0,0.0,0.0,0.0,0.0,0.0,0.0,0.0,0.0,0.0,0.0,0.0,0.0,0.0,0.0,0.0,0.0,0.0,0.0,0.0,0.0,0.0,E9
4.0,0.0,21.0,5.0,0.0,0.0,0.0,0.0,0.34040857727446816,0.0,0.34324002279077004,0.34324002279077004,0.0,0.34324002279077004,0.0,0.34324002279077004,0.0,0.34324002279077004,0.0,0.0,0.0,0.34324002279077004,0.0,0.0,0.34324002279077004,0.0,0.24377450194824343,0.0,0.0,0.0,0.0,0.0,0.0,0.0,0.0,0.0,0.0,0.0,0.0,0.0,0.0,0.0,0.0,0.0,0.0,0.0,0.0,0.0,0.0,0.0,0.0,0.0,0.0,0.0,E9
4.0,0.0,21.0,5.0,0.0,0.0,0.0,0.0,0.2809024595728336,0.0,0.28323894596822297,0.28323894596822297,0.0,0.28323894596822297,0.0,0.28323894596822297,0.0,0.28323894596822297,0.0,0.0,0.0,0.28323894596822297,0.0,0.0,0.28323894596822297,0.0,0.0,0.0,0.0,0.0,0.0,0.0,0.0,0.0,0.0,0.0,0.0,0.0,0.0,0.0,0.0,0.0,0.0,0.0,0.599602955807927,0.0,0.0,0.0,0.0,0.0,0.0,0.0,0.0,0.0,E9
4.0,0.0,21.0,5.0,0.0,0.0,0.0,0.0,0.3509974905653215,0.0,0.3539170123906868,0.3539170123906868,0.0,0.3539170123906868,0.0,0.3539170123906868,0.0,0.3539170123906868,0.0,0.0,0.0,0.3539170123906868,0.0,0.0,0.3539170123906868,0.0,0.0,0.0,0.0,0.0,0.0,0.0,0.0,0.0,0.0,0.0,0.0,0.0,0.0,0.0,0.0,0.0,0.0,0.0,0.0,0.0,0.0,0.0,0.0,0.0,0.0,0.0,0.0,0.0,E9
4.0,0.0,21.0,5.0,0.0,0.0,0.0,0.0,0.34040857727446816,0.0,0.34324002279077004,0.34324002279077004,0.0,0.34324002279077004,0.0,0.34324002279077004,0.0,0.34324002279077004,0.0,0.0,0.0,0.34324002279077004,0.0,0.0,0.34324002279077004,0.0,0.24377450194824343,0.0,0.0,0.0,0.0,0.0,0.0,0.0,0.0,0.0,0.0,0.0,0.0,0.0,0.0,0.0,0.0,0.0,0.0,0.0,0.0,0.0,0.0,0.0,0.0,0.0,0.0,0.0,E9
4.0,0.0,21.0,5.0,0.0,0.0,0.0,0.0,0.3509974905653215,0.0,0.3539170123906868,0.3539170123906868,0.0,0.3539170123906868,0.0,0.3539170123906868,0.0,0.3539170123906868,0.0,0.0,0.0,0.3539170123906868,0.0,0.0,0.3539170123906868,0.0,0.0,0.0,0.0,0.0,0.0,0.0,0.0,0.0,0.0,0.0,0.0,0.0,0.0,0.0,0.0,0.0,0.0,0.0,0.0,0.0,0.0,0.0,0.0,0.0,0.0,0.0,0.0,0.0,E9
4.0,0.0,21.0,5.0,0.0,0.0,0.0,0.0,0.3509974905653215,0.0,0.3539170123906868,0.3539170123906868,0.0,0.3539170123906868,0.0,0.3539170123906868,0.0,0.3539170123906868,0.0,0.0,0.0,0.3539170123906868,0.0,0.0,0.3539170123906868,0.0,0.0,0.0,0.0,0.0,0.0,0.0,0.0,0.0,0.0,0.0,0.0,0.0,0.0,0.0,0.0,0.0,0.0,0.0,0.0,0.0,0.0,0.0,0.0,0.0,0.0,0.0,0.0,0.0,E9
4.0,0.0,21.0,5.0,0.0,0.0,0.0,0.0,0.3509974905653215,0.0,0.3539170123906868,0.3539170123906868,0.0,0.3539170123906868,0.0,0.3539170123906868,0.0,0.3539170123906868,0.0,0.0,0.0,0.3539170123906868,0.0,0.0,0.3539170123906868,0.0,0.0,0.0,0.0,0.0,0.0,0.0,0.0,0.0,0.0,0.0,0.0,0.0,0.0,0.0,0.0,0.0,0.0,0.0,0.0,0.0,0.0,0.0,0.0,0.0,0.0,0.0,0.0,0.0,E9
4.0,0.0,21.0,5.0,0.0,0.0,0.0,0.0,0.3509974905653215,0.0,0.3539170123906868,0.3539170123906868,0.0,0.3539170123906868,0.0,0.3539170123906868,0.0,0.3539170123906868,0.0,0.0,0.0,0.3539170123906868,0.0,0.0,0.3539170123906868,0.0,0.0,0.0,0.0,0.0,0.0,0.0,0.0,0.0,0.0,0.0,0.0,0.0,0.0,0.0,0.0,0.0,0.0,0.0,0.0,0.0,0.0,0.0,0.0,0.0,0.0,0.0,0.0,0.0,E9
4.0,0.0,21.0,5.0,0.0,0.0,0.0,0.0,0.3509974905653215,0.0,0.3539170123906868,0.3539170123906868,0.0,0.3539170123906868,0.0,0.3539170123906868,0.0,0.3539170123906868,0.0,0.0,0.0,0.3539170123906868,0.0,0.0,0.3539170123906868,0.0,0.0,0.0,0.0,0.0,0.0,0.0,0.0,0.0,0.0,0.0,0.0,0.0,0.0,0.0,0.0,0.0,0.0,0.0,0.0,0.0,0.0,0.0,0.0,0.0,0.0,0.0,0.0,0.0,E9
4.0,0.0,21.0,5.0,0.0,0.0,0.0,0.0,0.3509974905653215,0.0,0.3539170123906868,0.3539170123906868,0.0,0.3539170123906868,0.0,0.3539170123906868,0.0,0.3539170123906868,0.0,0.0,0.0,0.3539170123906868,0.0,0.0,0.3539170123906868,0.0,0.0,0.0,0.0,0.0,0.0,0.0,0.0,0.0,0.0,0.0,0.0,0.0,0.0,0.0,0.0,0.0,0.0,0.0,0.0,0.0,0.0,0.0,0.0,0.0,0.0,0.0,0.0,0.0,E9
4.0,0.0,21.0,5.0,0.0,0.0,0.0,0.0,0.3509974905653215,0.0,0.3539170123906868,0.3539170123906868,0.0,0.3539170123906868,0.0,0.3539170123906868,0.0,0.3539170123906868,0.0,0.0,0.0,0.3539170123906868,0.0,0.0,0.3539170123906868,0.0,0.0,0.0,0.0,0.0,0.0,0.0,0.0,0.0,0.0,0.0,0.0,0.0,0.0,0.0,0.0,0.0,0.0,0.0,0.0,0.0,0.0,0.0,0.0,0.0,0.0,0.0,0.0,0.0,E9
4.0,0.0,21.0,5.0,0.0,0.0,0.0,0.0,0.3509974905653215,0.0,0.3539170123906868,0.3539170123906868,0.0,0.3539170123906868,0.0,0.3539170123906868,0.0,0.3539170123906868,0.0,0.0,0.0,0.3539170123906868,0.0,0.0,0.3539170123906868,0.0,0.0,0.0,0.0,0.0,0.0,0.0,0.0,0.0,0.0,0.0,0.0,0.0,0.0,0.0,0.0,0.0,0.0,0.0,0.0,0.0,0.0,0.0,0.0,0.0,0.0,0.0,0.0,0.0,E9
4.0,0.0,21.0,5.0,0.0,0.0,0.0,0.0,0.3509974905653215,0.0,0.3539170123906868,0.3539170123906868,0.0,0.3539170123906868,0.0,0.3539170123906868,0.0,0.3539170123906868,0.0,0.0,0.0,0.3539170123906868,0.0,0.0,0.3539170123906868,0.0,0.0,0.0,0.0,0.0,0.0,0.0,0.0,0.0,0.0,0.0,0.0,0.0,0.0,0.0,0.0,0.0,0.0,0.0,0.0,0.0,0.0,0.0,0.0,0.0,0.0,0.0,0.0,0.0,E9
4.0,0.0,21.0,5.0,0.0,0.0,0.0,0.0,0.2809024595728336,0.0,0.28323894596822297,0.28323894596822297,0.0,0.28323894596822297,0.0,0.28323894596822297,0.0,0.28323894596822297,0.0,0.0,0.0,0.28323894596822297,0.0,0.0,0.28323894596822297,0.0,0.0,0.0,0.0,0.0,0.0,0.0,0.0,0.0,0.0,0.0,0.0,0.0,0.0,0.0,0.0,0.0,0.0,0.0,0.599602955807927,0.0,0.0,0.0,0.0,0.0,0.0,0.0,0.0,0.0,E9
4.0,0.0,21.0,5.0,0.0,0.0,0.0,0.0,0.3509974905653215,0.0,0.3539170123906868,0.3539170123906868,0.0,0.3539170123906868,0.0,0.3539170123906868,0.0,0.3539170123906868,0.0,0.0,0.0,0.3539170123906868,0.0,0.0,0.3539170123906868,0.0,0.0,0.0,0.0,0.0,0.0,0.0,0.0,0.0,0.0,0.0,0.0,0.0,0.0,0.0,0.0,0.0,0.0,0.0,0.0,0.0,0.0,0.0,0.0,0.0,0.0,0.0,0.0,0.0,E9
4.0,0.0,21.0,6.0,0.0,0.0,0.0,0.0,0.3509974905653215,0.0,0.3539170123906868,0.3539170123906868,0.0,0.3539170123906868,0.0,0.3539170123906868,0.0,0.3539170123906868,0.0,0.0,0.0,0.3539170123906868,0.0,0.0,0.3539170123906868,0.0,0.0,0.0,0.0,0.0,0.0,0.0,0.0,0.0,0.0,0.0,0.0,0.0,0.0,0.0,0.0,0.0,0.0,0.0,0.0,0.0,0.0,0.0,0.0,0.0,0.0,0.0,0.0,0.0,E9
4.0,0.0,21.0,6.0,0.0,0.0,0.0,0.0,0.3509974905653215,0.0,0.3539170123906868,0.3539170123906868,0.0,0.3539170123906868,0.0,0.3539170123906868,0.0,0.3539170123906868,0.0,0.0,0.0,0.3539170123906868,0.0,0.0,0.3539170123906868,0.0,0.0,0.0,0.0,0.0,0.0,0.0,0.0,0.0,0.0,0.0,0.0,0.0,0.0,0.0,0.0,0.0,0.0,0.0,0.0,0.0,0.0,0.0,0.0,0.0,0.0,0.0,0.0,0.0,E9
4.0,0.0,21.0,6.0,0.0,0.0,0.0,0.0,0.3509974905653215,0.0,0.3539170123906868,0.3539170123906868,0.0,0.3539170123906868,0.0,0.3539170123906868,0.0,0.3539170123906868,0.0,0.0,0.0,0.3539170123906868,0.0,0.0,0.3539170123906868,0.0,0.0,0.0,0.0,0.0,0.0,0.0,0.0,0.0,0.0,0.0,0.0,0.0,0.0,0.0,0.0,0.0,0.0,0.0,0.0,0.0,0.0,0.0,0.0,0.0,0.0,0.0,0.0,0.0,E9
4.0,0.0,21.0,6.0,0.0,0.0,0.0,0.0,0.3509974905653215,0.0,0.3539170123906868,0.3539170123906868,0.0,0.3539170123906868,0.0,0.3539170123906868,0.0,0.3539170123906868,0.0,0.0,0.0,0.3539170123906868,0.0,0.0,0.3539170123906868,0.0,0.0,0.0,0.0,0.0,0.0,0.0,0.0,0.0,0.0,0.0,0.0,0.0,0.0,0.0,0.0,0.0,0.0,0.0,0.0,0.0,0.0,0.0,0.0,0.0,0.0,0.0,0.0,0.0,E9
4.0,0.0,21.0,6.0,0.0,0.0,0.0,0.0,0.3509974905653215,0.0,0.3539170123906868,0.3539170123906868,0.0,0.3539170123906868,0.0,0.3539170123906868,0.0,0.3539170123906868,0.0,0.0,0.0,0.3539170123906868,0.0,0.0,0.3539170123906868,0.0,0.0,0.0,0.0,0.0,0.0,0.0,0.0,0.0,0.0,0.0,0.0,0.0,0.0,0.0,0.0,0.0,0.0,0.0,0.0,0.0,0.0,0.0,0.0,0.0,0.0,0.0,0.0,0.0,E9
4.0,0.0,21.0,7.0,0.0,0.0,0.0,0.0,0.3509974905653215,0.0,0.3539170123906868,0.3539170123906868,0.0,0.3539170123906868,0.0,0.3539170123906868,0.0,0.3539170123906868,0.0,0.0,0.0,0.3539170123906868,0.0,0.0,0.3539170123906868,0.0,0.0,0.0,0.0,0.0,0.0,0.0,0.0,0.0,0.0,0.0,0.0,0.0,0.0,0.0,0.0,0.0,0.0,0.0,0.0,0.0,0.0,0.0,0.0,0.0,0.0,0.0,0.0,0.0,E9
4.0,0.0,21.0,7.0,0.0,0.0,0.0,0.0,0.3509974905653215,0.0,0.3539170123906868,0.3539170123906868,0.0,0.3539170123906868,0.0,0.3539170123906868,0.0,0.3539170123906868,0.0,0.0,0.0,0.3539170123906868,0.0,0.0,0.3539170123906868,0.0,0.0,0.0,0.0,0.0,0.0,0.0,0.0,0.0,0.0,0.0,0.0,0.0,0.0,0.0,0.0,0.0,0.0,0.0,0.0,0.0,0.0,0.0,0.0,0.0,0.0,0.0,0.0,0.0,E9
2.0,0.0,21.0,7.0,0.0,0.0,0.0,0.0,0.1661483052439899,0.0,0.0,0.0,0.0,0.0,0.24207202490079238,0.0,0.0,0.0,0.0,0.0,0.0,0.0,0.0,0.0,0.0,0.0,0.892370001764264,0.0,0.0,0.0,0.0,0.0,0.0,0.0,0.0,0.0,0.0,0.0,0.2426371573701316,0.0,0.0,0.0,0.0,0.24207202490079238,0.0,0.0,0.0,0.0,0.0,0.0,0.0,0.0,0.0,0.0,E13
4.0,0.0,21.0,7.0,0.0,0.0,0.0,0.0,0.3509974905653215,0.0,0.3539170123906868,0.3539170123906868,0.0,0.3539170123906868,0.0,0.3539170123906868,0.0,0.3539170123906868,0.0,0.0,0.0,0.3539170123906868,0.0,0.0,0.3539170123906868,0.0,0.0,0.0,0.0,0.0,0.0,0.0,0.0,0.0,0.0,0.0,0.0,0.0,0.0,0.0,0.0,0.0,0.0,0.0,0.0,0.0,0.0,0.0,0.0,0.0,0.0,0.0,0.0,0.0,E9
4.0,0.0,21.0,7.0,0.0,0.0,0.0,0.0,0.2854454018730039,0.0,0.2878196754878271,0.2878196754878271,0.0,0.2878196754878271,0.0,0.2878196754878271,0.0,0.2878196754878271,0.0,0.0,0.0,0.2878196754878271,0.0,0.0,0.2878196754878271,0.0,0.0,0.0,0.0,0.0,0.0,0.0,0.0,0.0,0.0,0.0,0.0,0.0,0.0,0.0,0.0,0.0,0.0,0.0,0.0,0.5819276272562872,0.0,0.0,0.0,0.0,0.0,0.0,0.0,0.0,E9
2.0,0.0,21.0,8.0,0.0,0.0,0.0,0.0,0.15378644268229635,0.0,0.0,0.0,0.0,0.0,0.22406124171850228,0.0,0.0,0.0,0.0,0.0,0.0,0.0,0.0,0.0,0.0,0.0,0.908572908515739,0.0,0.0,0.0,0.0,0.0,0.0,0.0,0.0,0.0,0.0,0.0,0.2245843268741186,0.0,0.0,0.0,0.0,0.22406124171850228,0.0,0.0,0.0,0.0,0.0,0.0,0.0,0.0,0.0,0.0,E13
3.0,0.0,21.0,8.0,0.0,0.0,0.0,0.0,0.3694506407597979,0.0,0.0,0.0,0.0,0.0,0.0,0.0,0.0,0.0,0.516449045413519,0.0,0.0,0.0,0.0,0.0,0.0,0.0,0.19842914946528173,0.0,0.5279263585842844,0.0,0.0,0.0,0.0,0.0,0.0,0.0,0.0,0.0,0.0,0.0,0.0,0.0,0.0,0.0,0.0,0.0,0.0,0.0,0.5279263585842844,0.0,0.0,0.0,0.0,0.0,E10
2.0,0.0,21.0,10.0,0.0,0.0,0.0,0.0,0.1661483052439899,0.0,0.0,0.0,0.0,0.0,0.24207202490079238,0.0,0.0,0.0,0.0,0.0,0.0,0.0,0.0,0.0,0.0,0.0,0.892370001764264,0.0,0.0,0.0,0.0,0.0,0.0,0.0,0.0,0.0,0.0,0.0,0.2426371573701316,0.0,0.0,0.0,0.0,0.24207202490079238,0.0,0.0,0.0,0.0,0.0,0.0,0.0,0.0,0.0,0.0,E13
4.0,0.0,21.0,10.0,0.0,0.0,0.0,0.0,0.3509974905653215,0.0,0.3539170123906868,0.3539170123906868,0.0,0.3539170123906868,0.0,0.3539170123906868,0.0,0.3539170123906868,0.0,0.0,0.0,0.3539170123906868,0.0,0.0,0.3539170123906868,0.0,0.0,0.0,0.0,0.0,0.0,0.0,0.0,0.0,0.0,0.0,0.0,0.0,0.0,0.0,0.0,0.0,0.0,0.0,0.0,0.0,0.0,0.0,0.0,0.0,0.0,0.0,0.0,0.0,E9
3.0,0.0,21.0,11.0,0.0,0.0,0.0,0.0,0.2578159997202256,0.0,0.0,0.0,0.0,0.0,0.0,0.0,0.0,0.0,0.0,0.37650544316290596,0.0,0.0,0.0,0.0,0.0,0.0,0.6923551335276573,0.30280470815490756,0.0,0.0,0.0,0.0,0.0,0.0,0.0,0.0,0.0,0.37562851461197616,0.0,0.0,0.0,0.0,0.2821904646944785,0.0,0.0,0.0,0.0,0.0,0.0,0.0,0.0,0.0,0.0,0.0,E11
2.0,0.0,21.0,11.0,0.0,0.0,0.0,0.0,0.1661483052439899,0.0,0.0,0.0,0.0,0.0,0.24207202490079238,0.0,0.0,0.0,0.0,0.0,0.0,0.0,0.0,0.0,0.0,0.0,0.892370001764264,0.0,0.0,0.0,0.0,0.0,0.0,0.0,0.0,0.0,0.0,0.0,0.2426371573701316,0.0,0.0,0.0,0.0,0.24207202490079238,0.0,0.0,0.0,0.0,0.0,0.0,0.0,0.0,0.0,0.0,E13
5.0,0.0,21.0,11.0,0.0,0.23836634715786661,0.29376506859060325,0.0,0.2062718063434884,0.29376506859060325,0.0,0.0,0.0,0.0,0.0,0.0,0.0,0.0,0.0,0.0,0.0,0.0,0.0,0.23836634715786661,0.0,0.2184207112050361,0.6647221778892567,0.0,0.0,0.0,0.0,0.0,0.0,0.0,0.0,0.0,0.0,0.0,0.0,0.0,0.0,0.0,0.22577317524360016,0.0,0.0,0.0,0.0,0.0,0.0,0.21067618968495705,0.29376506859060325,0.0,0.0,0.0,E6
3.0,0.0,21.0,11.0,0.0,0.0,0.0,0.0,0.34939103204185995,0.0,0.0,0.0,0.0,0.0,0.0,0.0,0.0,0.0,0.48840804444937863,0.0,0.0,0.0,0.0,0.0,0.0,0.0,0.37531057018216657,0.0,0.4992621880111665,0.0,0.0,0.0,0.0,0.0,0.0,0.0,0.0,0.0,0.0,0.0,0.0,0.0,0.0,0.0,0.0,0.0,0.0,0.0,0.4992621880111665,0.0,0.0,0.0,0.0,0.0,E10
3.0,0.0,21.0,13.0,0.0,0.0,0.0,0.0,0.3694506407597979,0.0,0.0,0.0,0.0,0.0,0.0,0.0,0.0,0.0,0.516449045413519,0.0,0.0,0.0,0.0,0.0,0.0,0.0,0.19842914946528173,0.0,0.5279263585842844,0.0,0.0,0.0,0.0,0.0,0.0,0.0,0.0,0.0,0.0,0.0,0.0,0.0,0.0,0.0,0.0,0.0,0.0,0.0,0.5279263585842844,0.0,0.0,0.0,0.0,0.0,E10
5.0,0.0,21.0,13.0,0.0,0.23836634715786661,0.29376506859060325,0.0,0.2062718063434884,0.29376506859060325,0.0,0.0,0.0,0.0,0.0,0.0,0.0,0.0,0.0,0.0,0.0,0.0,0.0,0.23836634715786661,0.0,0.2184207112050361,0.6647221778892567,0.0,0.0,0.0,0.0,0.0,0.0,0.0,0.0,0.0,0.0,0.0,0.0,0.0,0.0,0.0,0.22577317524360016,0.0,0.0,0.0,0.0,0.0,0.0,0.21067618968495705,0.29376506859060325,0.0,0.0,0.0,E6
2.0,0.0,21.0,13.0,0.0,0.0,0.0,0.0,0.1661483052439899,0.0,0.0,0.0,0.0,0.0,0.24207202490079238,0.0,0.0,0.0,0.0,0.0,0.0,0.0,0.0,0.0,0.0,0.0,0.892370001764264,0.0,0.0,0.0,0.0,0.0,0.0,0.0,0.0,0.0,0.0,0.0,0.2426371573701316,0.0,0.0,0.0,0.0,0.24207202490079238,0.0,0.0,0.0,0.0,0.0,0.0,0.0,0.0,0.0,0.0,E13
3.0,0.0,21.0,14.0,0.0,0.0,0.0,0.0,0.3694506407597979,0.0,0.0,0.0,0.0,0.0,0.0,0.0,0.0,0.0,0.516449045413519,0.0,0.0,0.0,0.0,0.0,0.0,0.0,0.19842914946528173,0.0,0.5279263585842844,0.0,0.0,0.0,0.0,0.0,0.0,0.0,0.0,0.0,0.0,0.0,0.0,0.0,0.0,0.0,0.0,0.0,0.0,0.0,0.5279263585842844,0.0,0.0,0.0,0.0,0.0,E10
3.0,0.0,21.0,15.0,0.0,0.0,0.0,0.0,0.2578159997202256,0.0,0.0,0.0,0.0,0.0,0.0,0.0,0.0,0.0,0.0,0.37650544316290596,0.0,0.0,0.0,0.0,0.0,0.0,0.6923551335276573,0.30280470815490756,0.0,0.0,0.0,0.0,0.0,0.0,0.0,0.0,0.0,0.37562851461197616,0.0,0.0,0.0,0.0,0.2821904646944785,0.0,0.0,0.0,0.0,0.0,0.0,0.0,0.0,0.0,0.0,0.0,E11
2.0,0.0,21.0,15.0,0.0,0.0,0.0,0.0,0.15378644268229635,0.0,0.0,0.0,0.0,0.0,0.22406124171850228,0.0,0.0,0.0,0.0,0.0,0.0,0.0,0.0,0.0,0.0,0.0,0.908572908515739,0.0,0.0,0.0,0.0,0.0,0.0,0.0,0.0,0.0,0.0,0.0,0.2245843268741186,0.0,0.0,0.0,0.0,0.22406124171850228,0.0,0.0,0.0,0.0,0.0,0.0,0.0,0.0,0.0,0.0,E13
1.0,0.0,21.0,15.0,0.0,0.0,0.0,0.0,0.17144949659278416,0.0,0.0,0.0,0.0,0.0,0.0,0.0,0.0,0.0,0.0,0.0,0.0,0.0,0.0,0.0,0.0,0.0,0.9208423002106988,0.0,0.0,0.0,0.0,0.0,0.0,0.0,0.0,0.0,0.0,0.0,0.0,0.0,0.0,0.0,0.0,0.0,0.0,0.0,0.0,0.0,0.0,0.35022068508406257,0.0,0.0,0.0,0.0,E2
3.0,0.0,21.0,17.0,0.0,0.0,0.0,0.0,0.23428947065061007,0.0,0.0,0.0,0.0,0.0,0.0,0.0,0.0,0.0,0.0,0.3421481252964706,0.0,0.0,0.0,0.0,0.0,0.0,0.7550106335330056,0.2751728165091075,0.0,0.0,0.0,0.0,0.0,0.0,0.0,0.0,0.0,0.34135121926186185,0.0,0.0,0.0,0.0,0.2564396882569906,0.0,0.0,0.0,0.0,0.0,0.0,0.0,0.0,0.0,0.0,0.0,E11
5.0,0.0,21.0,18.0,0.0,0.23836634715786661,0.29376506859060325,0.0,0.2062718063434884,0.29376506859060325,0.0,0.0,0.0,0.0,0.0,0.0,0.0,0.0,0.0,0.0,0.0,0.0,0.0,0.23836634715786661,0.0,0.2184207112050361,0.6647221778892567,0.0,0.0,0.0,0.0,0.0,0.0,0.0,0.0,0.0,0.0,0.0,0.0,0.0,0.0,0.0,0.22577317524360016,0.0,0.0,0.0,0.0,0.0,0.0,0.21067618968495705,0.29376506859060325,0.0,0.0,0.0,E6
5.0,0.0,21.0,19.0,0.0,0.22135968273463763,0.27280588538225176,0.0,0.19155498313298006,0.27280588538225176,0.0,0.0,0.0,0.0,0.0,0.0,0.0,0.0,0.0,0.0,0.0,0.0,0.0,0.22135968273463763,0.0,0.20283710310415376,0.7201791451902878,0.0,0.0,0.0,0.0,0.0,0.0,0.0,0.0,0.0,0.0,0.0,0.0,0.0,0.0,0.0,0.20966499272154374,0.0,0.0,0.0,0.0,0.0,0.0,0.19564512803276962,0.27280588538225176,0.0,0.0,0.0,E6
3.0,0.0,21.0,20.0,0.0,0.0,0.0,0.0,0.3694506407597979,0.0,0.0,0.0,0.0,0.0,0.0,0.0,0.0,0.0,0.516449045413519,0.0,0.0,0.0,0.0,0.0,0.0,0.0,0.19842914946528173,0.0,0.5279263585842844,0.0,0.0,0.0,0.0,0.0,0.0,0.0,0.0,0.0,0.0,0.0,0.0,0.0,0.0,0.0,0.0,0.0,0.0,0.0,0.5279263585842844,0.0,0.0,0.0,0.0,0.0,E10
5.0,0.0,21.0,20.0,0.0,0.22135968273463763,0.27280588538225176,0.0,0.19155498313298006,0.27280588538225176,0.0,0.0,0.0,0.0,0.0,0.0,0.0,0.0,0.0,0.0,0.0,0.0,0.0,0.22135968273463763,0.0,0.20283710310415376,0.7201791451902878,0.0,0.0,0.0,0.0,0.0,0.0,0.0,0.0,0.0,0.0,0.0,0.0,0.0,0.0,0.0,0.20966499272154374,0.0,0.0,0.0,0.0,0.0,0.0,0.19564512803276962,0.27280588538225176,0.0,0.0,0.0,E6
3.0,0.0,21.0,21.0,0.0,0.0,0.0,0.0,0.3694506407597979,0.0,0.0,0.0,0.0,0.0,0.0,0.0,0.0,0.0,0.516449045413519,0.0,0.0,0.0,0.0,0.0,0.0,0.0,0.19842914946528173,0.0,0.5279263585842844,0.0,0.0,0.0,0.0,0.0,0.0,0.0,0.0,0.0,0.0,0.0,0.0,0.0,0.0,0.0,0.0,0.0,0.0,0.0,0.5279263585842844,0.0,0.0,0.0,0.0,0.0,E10
3.0,0.0,21.0,21.0,0.0,0.0,0.0,0.0,0.3694506407597979,0.0,0.0,0.0,0.0,0.0,0.0,0.0,0.0,0.0,0.516449045413519,0.0,0.0,0.0,0.0,0.0,0.0,0.0,0.19842914946528173,0.0,0.5279263585842844,0.0,0.0,0.0,0.0,0.0,0.0,0.0,0.0,0.0,0.0,0.0,0.0,0.0,0.0,0.0,0.0,0.0,0.0,0.0,0.5279263585842844,0.0,0.0,0.0,0.0,0.0,E10
3.0,0.0,21.0,22.0,0.0,0.0,0.0,0.0,0.3694506407597979,0.0,0.0,0.0,0.0,0.0,0.0,0.0,0.0,0.0,0.516449045413519,0.0,0.0,0.0,0.0,0.0,0.0,0.0,0.19842914946528173,0.0,0.5279263585842844,0.0,0.0,0.0,0.0,0.0,0.0,0.0,0.0,0.0,0.0,0.0,0.0,0.0,0.0,0.0,0.0,0.0,0.0,0.0,0.5279263585842844,0.0,0.0,0.0,0.0,0.0,E10
3.0,0.0,21.0,22.0,0.0,0.0,0.0,0.0,0.2578159997202256,0.0,0.0,0.0,0.0,0.0,0.0,0.0,0.0,0.0,0.0,0.37650544316290596,0.0,0.0,0.0,0.0,0.0,0.0,0.6923551335276573,0.30280470815490756,0.0,0.0,0.0,0.0,0.0,0.0,0.0,0.0,0.0,0.37562851461197616,0.0,0.0,0.0,0.0,0.2821904646944785,0.0,0.0,0.0,0.0,0.0,0.0,0.0,0.0,0.0,0.0,0.0,E11
3.0,0.0,21.0,22.0,0.0,0.0,0.0,0.0,0.2578159997202256,0.0,0.0,0.0,0.0,0.0,0.0,0.0,0.0,0.0,0.0,0.37650544316290596,0.0,0.0,0.0,0.0,0.0,0.0,0.6923551335276573,0.30280470815490756,0.0,0.0,0.0,0.0,0.0,0.0,0.0,0.0,0.0,0.37562851461197616,0.0,0.0,0.0,0.0,0.2821904646944785,0.0,0.0,0.0,0.0,0.0,0.0,0.0,0.0,0.0,0.0,0.0,E11
4.0,0.0,21.0,22.0,0.0,0.0,0.0,0.0,0.34040857727446816,0.0,0.34324002279077004,0.34324002279077004,0.0,0.34324002279077004,0.0,0.34324002279077004,0.0,0.34324002279077004,0.0,0.0,0.0,0.34324002279077004,0.0,0.0,0.34324002279077004,0.0,0.24377450194824343,0.0,0.0,0.0,0.0,0.0,0.0,0.0,0.0,0.0,0.0,0.0,0.0,0.0,0.0,0.0,0.0,0.0,0.0,0.0,0.0,0.0,0.0,0.0,0.0,0.0,0.0,0.0,E9
3.0,0.0,21.0,23.0,0.0,0.0,0.0,0.0,0.23428947065061007,0.0,0.0,0.0,0.0,0.0,0.0,0.0,0.0,0.0,0.0,0.3421481252964706,0.0,0.0,0.0,0.0,0.0,0.0,0.7550106335330056,0.2751728165091075,0.0,0.0,0.0,0.0,0.0,0.0,0.0,0.0,0.0,0.34135121926186185,0.0,0.0,0.0,0.0,0.2564396882569906,0.0,0.0,0.0,0.0,0.0,0.0,0.0,0.0,0.0,0.0,0.0,E11
2.0,0.0,21.0,23.0,0.0,0.0,0.0,0.0,0.1661483052439899,0.0,0.0,0.0,0.0,0.0,0.24207202490079238,0.0,0.0,0.0,0.0,0.0,0.0,0.0,0.0,0.0,0.0,0.0,0.892370001764264,0.0,0.0,0.0,0.0,0.0,0.0,0.0,0.0,0.0,0.0,0.0,0.2426371573701316,0.0,0.0,0.0,0.0,0.24207202490079238,0.0,0.0,0.0,0.0,0.0,0.0,0.0,0.0,0.0,0.0,E13
3.0,0.0,21.0,25.0,0.0,0.0,0.0,0.0,0.2578159997202256,0.0,0.0,0.0,0.0,0.0,0.0,0.0,0.0,0.0,0.0,0.37650544316290596,0.0,0.0,0.0,0.0,0.0,0.0,0.6923551335276573,0.30280470815490756,0.0,0.0,0.0,0.0,0.0,0.0,0.0,0.0,0.0,0.37562851461197616,0.0,0.0,0.0,0.0,0.2821904646944785,0.0,0.0,0.0,0.0,0.0,0.0,0.0,0.0,0.0,0.0,0.0,E11
5.0,0.0,21.0,25.0,0.0,0.22135968273463763,0.27280588538225176,0.0,0.19155498313298006,0.27280588538225176,0.0,0.0,0.0,0.0,0.0,0.0,0.0,0.0,0.0,0.0,0.0,0.0,0.0,0.22135968273463763,0.0,0.20283710310415376,0.7201791451902878,0.0,0.0,0.0,0.0,0.0,0.0,0.0,0.0,0.0,0.0,0.0,0.0,0.0,0.0,0.0,0.20966499272154374,0.0,0.0,0.0,0.0,0.0,0.0,0.19564512803276962,0.27280588538225176,0.0,0.0,0.0,E6
5.0,0.0,21.0,25.0,0.0,0.0,0.0,0.0,0.2588131619798111,0.0,0.0,0.0,0.40929013019731125,0.0,0.0,0.0,0.0,0.0,0.0,0.0,0.0,0.0,0.0,0.0,0.0,0.0,0.834039570154062,0.0,0.0,0.0,0.0,0.0,0.0,0.0,0.0,0.0,0.0,0.0,0.0,0.0,0.0,0.0,0.0,0.0,0.0,0.0,0.0,0.0,0.0,0.26433942559956386,0.0,0.0,0.0,0.0,E4
5.0,0.0,21.0,25.0,0.0,0.23836634715786661,0.29376506859060325,0.0,0.2062718063434884,0.29376506859060325,0.0,0.0,0.0,0.0,0.0,0.0,0.0,0.0,0.0,0.0,0.0,0.0,0.0,0.23836634715786661,0.0,0.2184207112050361,0.6647221778892567,0.0,0.0,0.0,0.0,0.0,0.0,0.0,0.0,0.0,0.0,0.0,0.0,0.0,0.0,0.0,0.22577317524360016,0.0,0.0,0.0,0.0,0.0,0.0,0.21067618968495705,0.29376506859060325,0.0,0.0,0.0,E6
5.0,0.0,21.0,26.0,0.41221558671081765,0.0,0.0,0.41221558671081765,0.2142875638625615,0.0,0.0,0.0,0.0,0.0,0.0,0.0,0.0,0.0,0.0,0.0,0.0,0.0,0.0,0.0,0.0,0.2269085772357799,0.23018446497095518,0.0,0.0,0.41221558671081765,0.0,0.0,0.0,0.0,0.0,0.0,0.0,0.0,0.0,0.41221558671081765,0.0,0.0,0.0,0.0,0.0,0.0,0.0,0.0,0.0,0.0,0.0,0.41221558671081765,0.0,0.0,E7
3.0,0.0,21.0,28.0,0.0,0.0,0.0,0.0,0.3694506407597979,0.0,0.0,0.0,0.0,0.0,0.0,0.0,0.0,0.0,0.516449045413519,0.0,0.0,0.0,0.0,0.0,0.0,0.0,0.19842914946528173,0.0,0.5279263585842844,0.0,0.0,0.0,0.0,0.0,0.0,0.0,0.0,0.0,0.0,0.0,0.0,0.0,0.0,0.0,0.0,0.0,0.0,0.0,0.5279263585842844,0.0,0.0,0.0,0.0,0.0,E10
5.0,0.0,21.0,28.0,0.0,0.22135968273463763,0.27280588538225176,0.0,0.19155498313298006,0.27280588538225176,0.0,0.0,0.0,0.0,0.0,0.0,0.0,0.0,0.0,0.0,0.0,0.0,0.0,0.22135968273463763,0.0,0.20283710310415376,0.7201791451902878,0.0,0.0,0.0,0.0,0.0,0.0,0.0,0.0,0.0,0.0,0.0,0.0,0.0,0.0,0.0,0.20966499272154374,0.0,0.0,0.0,0.0,0.0,0.0,0.19564512803276962,0.27280588538225176,0.0,0.0,0.0,E6
3.0,0.0,21.0,29.0,0.0,0.0,0.0,0.0,0.23428947065061007,0.0,0.0,0.0,0.0,0.0,0.0,0.0,0.0,0.0,0.0,0.3421481252964706,0.0,0.0,0.0,0.0,0.0,0.0,0.7550106335330056,0.2751728165091075,0.0,0.0,0.0,0.0,0.0,0.0,0.0,0.0,0.0,0.34135121926186185,0.0,0.0,0.0,0.0,0.2564396882569906,0.0,0.0,0.0,0.0,0.0,0.0,0.0,0.0,0.0,0.0,0.0,E11
3.0,0.0,21.0,30.0,0.0,0.0,0.0,0.0,0.2578159997202256,0.0,0.0,0.0,0.0,0.0,0.0,0.0,0.0,0.0,0.0,0.37650544316290596,0.0,0.0,0.0,0.0,0.0,0.0,0.6923551335276573,0.30280470815490756,0.0,0.0,0.0,0.0,0.0,0.0,0.0,0.0,0.0,0.37562851461197616,0.0,0.0,0.0,0.0,0.2821904646944785,0.0,0.0,0.0,0.0,0.0,0.0,0.0,0.0,0.0,0.0,0.0,E11
2.0,0.0,21.0,30.0,0.0,0.0,0.0,0.0,0.1661483052439899,0.0,0.0,0.0,0.0,0.0,0.24207202490079238,0.0,0.0,0.0,0.0,0.0,0.0,0.0,0.0,0.0,0.0,0.0,0.892370001764264,0.0,0.0,0.0,0.0,0.0,0.0,0.0,0.0,0.0,0.0,0.0,0.2426371573701316,0.0,0.0,0.0,0.0,0.24207202490079238,0.0,0.0,0.0,0.0,0.0,0.0,0.0,0.0,0.0,0.0,E13
3.0,0.0,21.0,32.0,0.0,0.0,0.0,0.0,0.3694506407597979,0.0,0.0,0.0,0.0,0.0,0.0,0.0,0.0,0.0,0.516449045413519,0.0,0.0,0.0,0.0,0.0,0.0,0.0,0.19842914946528173,0.0,0.5279263585842844,0.0,0.0,0.0,0.0,0.0,0.0,0.0,0.0,0.0,0.0,0.0,0.0,0.0,0.0,0.0,0.0,0.0,0.0,0.0,0.5279263585842844,0.0,0.0,0.0,0.0,0.0,E10
3.0,0.0,21.0,33.0,0.0,0.0,0.0,0.0,0.34939103204185995,0.0,0.0,0.0,0.0,0.0,0.0,0.0,0.0,0.0,0.48840804444937863,0.0,0.0,0.0,0.0,0.0,0.0,0.0,0.37531057018216657,0.0,0.4992621880111665,0.0,0.0,0.0,0.0,0.0,0.0,0.0,0.0,0.0,0.0,0.0,0.0,0.0,0.0,0.0,0.0,0.0,0.0,0.0,0.4992621880111665,0.0,0.0,0.0,0.0,0.0,E10
2.0,0.0,21.0,33.0,0.0,0.0,0.0,0.0,0.15378644268229635,0.0,0.0,0.0,0.0,0.0,0.22406124171850228,0.0,0.0,0.0,0.0,0.0,0.0,0.0,0.0,0.0,0.0,0.0,0.908572908515739,0.0,0.0,0.0,0.0,0.0,0.0,0.0,0.0,0.0,0.0,0.0,0.2245843268741186,0.0,0.0,0.0,0.0,0.22406124171850228,0.0,0.0,0.0,0.0,0.0,0.0,0.0,0.0,0.0,0.0,E13
3.0,0.0,21.0,34.0,0.0,0.0,0.0,0.0,0.2578159997202256,0.0,0.0,0.0,0.0,0.0,0.0,0.0,0.0,0.0,0.0,0.37650544316290596,0.0,0.0,0.0,0.0,0.0,0.0,0.6923551335276573,0.30280470815490756,0.0,0.0,0.0,0.0,0.0,0.0,0.0,0.0,0.0,0.37562851461197616,0.0,0.0,0.0,0.0,0.2821904646944785,0.0,0.0,0.0,0.0,0.0,0.0,0.0,0.0,0.0,0.0,0.0,E11
3.0,0.0,21.0,34.0,0.0,0.0,0.0,0.0,0.34939103204185995,0.0,0.0,0.0,0.0,0.0,0.0,0.0,0.0,0.0,0.48840804444937863,0.0,0.0,0.0,0.0,0.0,0.0,0.0,0.37531057018216657,0.0,0.4992621880111665,0.0,0.0,0.0,0.0,0.0,0.0,0.0,0.0,0.0,0.0,0.0,0.0,0.0,0.0,0.0,0.0,0.0,0.0,0.0,0.4992621880111665,0.0,0.0,0.0,0.0,0.0,E10
2.0,0.0,21.0,34.0,0.0,0.0,0.0,0.0,0.15378644268229635,0.0,0.0,0.0,0.0,0.0,0.22406124171850228,0.0,0.0,0.0,0.0,0.0,0.0,0.0,0.0,0.0,0.0,0.0,0.908572908515739,0.0,0.0,0.0,0.0,0.0,0.0,0.0,0.0,0.0,0.0,0.0,0.2245843268741186,0.0,0.0,0.0,0.0,0.22406124171850228,0.0,0.0,0.0,0.0,0.0,0.0,0.0,0.0,0.0,0.0,E13
3.0,0.0,21.0,35.0,0.0,0.0,0.0,0.0,0.34939103204185995,0.0,0.0,0.0,0.0,0.0,0.0,0.0,0.0,0.0,0.48840804444937863,0.0,0.0,0.0,0.0,0.0,0.0,0.0,0.37531057018216657,0.0,0.4992621880111665,0.0,0.0,0.0,0.0,0.0,0.0,0.0,0.0,0.0,0.0,0.0,0.0,0.0,0.0,0.0,0.0,0.0,0.0,0.0,0.4992621880111665,0.0,0.0,0.0,0.0,0.0,E10
5.0,0.0,21.0,37.0,0.0,0.23836634715786661,0.29376506859060325,0.0,0.2062718063434884,0.29376506859060325,0.0,0.0,0.0,0.0,0.0,0.0,0.0,0.0,0.0,0.0,0.0,0.0,0.0,0.23836634715786661,0.0,0.2184207112050361,0.6647221778892567,0.0,0.0,0.0,0.0,0.0,0.0,0.0,0.0,0.0,0.0,0.0,0.0,0.0,0.0,0.0,0.22577317524360016,0.0,0.0,0.0,0.0,0.0,0.0,0.21067618968495705,0.29376506859060325,0.0,0.0,0.0,E6
5.0,0.0,21.0,38.0,0.41221558671081765,0.0,0.0,0.41221558671081765,0.2142875638625615,0.0,0.0,0.0,0.0,0.0,0.0,0.0,0.0,0.0,0.0,0.0,0.0,0.0,0.0,0.0,0.0,0.2269085772357799,0.23018446497095518,0.0,0.0,0.41221558671081765,0.0,0.0,0.0,0.0,0.0,0.0,0.0,0.0,0.0,0.41221558671081765,0.0,0.0,0.0,0.0,0.0,0.0,0.0,0.0,0.0,0.0,0.0,0.41221558671081765,0.0,0.0,E7
2.0,0.0,21.0,38.0,0.0,0.0,0.0,0.0,0.1661483052439899,0.0,0.0,0.0,0.0,0.0,0.24207202490079238,0.0,0.0,0.0,0.0,0.0,0.0,0.0,0.0,0.0,0.0,0.0,0.892370001764264,0.0,0.0,0.0,0.0,0.0,0.0,0.0,0.0,0.0,0.0,0.0,0.2426371573701316,0.0,0.0,0.0,0.0,0.24207202490079238,0.0,0.0,0.0,0.0,0.0,0.0,0.0,0.0,0.0,0.0,E13
3.0,0.0,21.0,38.0,0.0,0.0,0.0,0.0,0.34939103204185995,0.0,0.0,0.0,0.0,0.0,0.0,0.0,0.0,0.0,0.48840804444937863,0.0,0.0,0.0,0.0,0.0,0.0,0.0,0.37531057018216657,0.0,0.4992621880111665,0.0,0.0,0.0,0.0,0.0,0.0,0.0,0.0,0.0,0.0,0.0,0.0,0.0,0.0,0.0,0.0,0.0,0.0,0.0,0.4992621880111665,0.0,0.0,0.0,0.0,0.0,E10
2.0,0.0,21.0,38.0,0.0,0.0,0.0,0.0,0.15378644268229635,0.0,0.0,0.0,0.0,0.0,0.22406124171850228,0.0,0.0,0.0,0.0,0.0,0.0,0.0,0.0,0.0,0.0,0.0,0.908572908515739,0.0,0.0,0.0,0.0,0.0,0.0,0.0,0.0,0.0,0.0,0.0,0.2245843268741186,0.0,0.0,0.0,0.0,0.22406124171850228,0.0,0.0,0.0,0.0,0.0,0.0,0.0,0.0,0.0,0.0,E13
3.0,0.0,21.0,39.0,0.0,0.0,0.0,0.0,0.23428947065061007,0.0,0.0,0.0,0.0,0.0,0.0,0.0,0.0,0.0,0.0,0.3421481252964706,0.0,0.0,0.0,0.0,0.0,0.0,0.7550106335330056,0.2751728165091075,0.0,0.0,0.0,0.0,0.0,0.0,0.0,0.0,0.0,0.34135121926186185,0.0,0.0,0.0,0.0,0.2564396882569906,0.0,0.0,0.0,0.0,0.0,0.0,0.0,0.0,0.0,0.0,0.0,E11
5.0,0.0,21.0,40.0,0.0,0.22135968273463763,0.27280588538225176,0.0,0.19155498313298006,0.27280588538225176,0.0,0.0,0.0,0.0,0.0,0.0,0.0,0.0,0.0,0.0,0.0,0.0,0.0,0.22135968273463763,0.0,0.20283710310415376,0.7201791451902878,0.0,0.0,0.0,0.0,0.0,0.0,0.0,0.0,0.0,0.0,0.0,0.0,0.0,0.0,0.0,0.20966499272154374,0.0,0.0,0.0,0.0,0.0,0.0,0.19564512803276962,0.27280588538225176,0.0,0.0,0.0,E6
3.0,0.0,21.0,41.0,0.0,0.0,0.0,0.0,0.34939103204185995,0.0,0.0,0.0,0.0,0.0,0.0,0.0,0.0,0.0,0.48840804444937863,0.0,0.0,0.0,0.0,0.0,0.0,0.0,0.37531057018216657,0.0,0.4992621880111665,0.0,0.0,0.0,0.0,0.0,0.0,0.0,0.0,0.0,0.0,0.0,0.0,0.0,0.0,0.0,0.0,0.0,0.0,0.0,0.4992621880111665,0.0,0.0,0.0,0.0,0.0,E10
3.0,0.0,21.0,41.0,0.0,0.0,0.0,0.0,0.23428947065061007,0.0,0.0,0.0,0.0,0.0,0.0,0.0,0.0,0.0,0.0,0.3421481252964706,0.0,0.0,0.0,0.0,0.0,0.0,0.7550106335330056,0.2751728165091075,0.0,0.0,0.0,0.0,0.0,0.0,0.0,0.0,0.0,0.34135121926186185,0.0,0.0,0.0,0.0,0.2564396882569906,0.0,0.0,0.0,0.0,0.0,0.0,0.0,0.0,0.0,0.0,0.0,E11
2.0,0.0,21.0,42.0,0.0,0.0,0.0,0.0,0.1661483052439899,0.0,0.0,0.0,0.0,0.0,0.24207202490079238,0.0,0.0,0.0,0.0,0.0,0.0,0.0,0.0,0.0,0.0,0.0,0.892370001764264,0.0,0.0,0.0,0.0,0.0,0.0,0.0,0.0,0.0,0.0,0.0,0.2426371573701316,0.0,0.0,0.0,0.0,0.24207202490079238,0.0,0.0,0.0,0.0,0.0,0.0,0.0,0.0,0.0,0.0,E13
3.0,0.0,21.0,43.0,0.0,0.0,0.0,0.0,0.34939103204185995,0.0,0.0,0.0,0.0,0.0,0.0,0.0,0.0,0.0,0.48840804444937863,0.0,0.0,0.0,0.0,0.0,0.0,0.0,0.37531057018216657,0.0,0.4992621880111665,0.0,0.0,0.0,0.0,0.0,0.0,0.0,0.0,0.0,0.0,0.0,0.0,0.0,0.0,0.0,0.0,0.0,0.0,0.0,0.4992621880111665,0.0,0.0,0.0,0.0,0.0,E10
3.0,0.0,21.0,44.0,0.0,0.0,0.0,0.0,0.2578159997202256,0.0,0.0,0.0,0.0,0.0,0.0,0.0,0.0,0.0,0.0,0.37650544316290596,0.0,0.0,0.0,0.0,0.0,0.0,0.6923551335276573,0.30280470815490756,0.0,0.0,0.0,0.0,0.0,0.0,0.0,0.0,0.0,0.37562851461197616,0.0,0.0,0.0,0.0,0.2821904646944785,0.0,0.0,0.0,0.0,0.0,0.0,0.0,0.0,0.0,0.0,0.0,E11
5.0,0.0,21.0,45.0,0.0,0.22135968273463763,0.27280588538225176,0.0,0.19155498313298006,0.27280588538225176,0.0,0.0,0.0,0.0,0.0,0.0,0.0,0.0,0.0,0.0,0.0,0.0,0.0,0.22135968273463763,0.0,0.20283710310415376,0.7201791451902878,0.0,0.0,0.0,0.0,0.0,0.0,0.0,0.0,0.0,0.0,0.0,0.0,0.0,0.0,0.0,0.20966499272154374,0.0,0.0,0.0,0.0,0.0,0.0,0.19564512803276962,0.27280588538225176,0.0,0.0,0.0,E6
3.0,0.0,21.0,46.0,0.0,0.0,0.0,0.0,0.3694506407597979,0.0,0.0,0.0,0.0,0.0,0.0,0.0,0.0,0.0,0.516449045413519,0.0,0.0,0.0,0.0,0.0,0.0,0.0,0.19842914946528173,0.0,0.5279263585842844,0.0,0.0,0.0,0.0,0.0,0.0,0.0,0.0,0.0,0.0,0.0,0.0,0.0,0.0,0.0,0.0,0.0,0.0,0.0,0.5279263585842844,0.0,0.0,0.0,0.0,0.0,E10
2.0,0.0,21.0,48.0,0.0,0.0,0.0,0.0,0.1661483052439899,0.0,0.0,0.0,0.0,0.0,0.24207202490079238,0.0,0.0,0.0,0.0,0.0,0.0,0.0,0.0,0.0,0.0,0.0,0.892370001764264,0.0,0.0,0.0,0.0,0.0,0.0,0.0,0.0,0.0,0.0,0.0,0.2426371573701316,0.0,0.0,0.0,0.0,0.24207202490079238,0.0,0.0,0.0,0.0,0.0,0.0,0.0,0.0,0.0,0.0,E13
5.0,0.0,21.0,49.0,0.0,0.23836634715786661,0.29376506859060325,0.0,0.2062718063434884,0.29376506859060325,0.0,0.0,0.0,0.0,0.0,0.0,0.0,0.0,0.0,0.0,0.0,0.0,0.0,0.23836634715786661,0.0,0.2184207112050361,0.6647221778892567,0.0,0.0,0.0,0.0,0.0,0.0,0.0,0.0,0.0,0.0,0.0,0.0,0.0,0.0,0.0,0.22577317524360016,0.0,0.0,0.0,0.0,0.0,0.0,0.21067618968495705,0.29376506859060325,0.0,0.0,0.0,E6
3.0,0.0,21.0,50.0,0.0,0.0,0.0,0.0,0.2578159997202256,0.0,0.0,0.0,0.0,0.0,0.0,0.0,0.0,0.0,0.0,0.37650544316290596,0.0,0.0,0.0,0.0,0.0,0.0,0.6923551335276573,0.30280470815490756,0.0,0.0,0.0,0.0,0.0,0.0,0.0,0.0,0.0,0.37562851461197616,0.0,0.0,0.0,0.0,0.2821904646944785,0.0,0.0,0.0,0.0,0.0,0.0,0.0,0.0,0.0,0.0,0.0,E11
3.0,0.0,21.0,50.0,0.0,0.0,0.0,0.0,0.2578159997202256,0.0,0.0,0.0,0.0,0.0,0.0,0.0,0.0,0.0,0.0,0.37650544316290596,0.0,0.0,0.0,0.0,0.0,0.0,0.6923551335276573,0.30280470815490756,0.0,0.0,0.0,0.0,0.0,0.0,0.0,0.0,0.0,0.37562851461197616,0.0,0.0,0.0,0.0,0.2821904646944785,0.0,0.0,0.0,0.0,0.0,0.0,0.0,0.0,0.0,0.0,0.0,E11
3.0,0.0,21.0,51.0,0.0,0.0,0.0,0.0,0.2578159997202256,0.0,0.0,0.0,0.0,0.0,0.0,0.0,0.0,0.0,0.0,0.37650544316290596,0.0,0.0,0.0,0.0,0.0,0.0,0.6923551335276573,0.30280470815490756,0.0,0.0,0.0,0.0,0.0,0.0,0.0,0.0,0.0,0.37562851461197616,0.0,0.0,0.0,0.0,0.2821904646944785,0.0,0.0,0.0,0.0,0.0,0.0,0.0,0.0,0.0,0.0,0.0,E11
3.0,0.0,21.0,51.0,0.0,0.0,0.0,0.0,0.34939103204185995,0.0,0.0,0.0,0.0,0.0,0.0,0.0,0.0,0.0,0.48840804444937863,0.0,0.0,0.0,0.0,0.0,0.0,0.0,0.37531057018216657,0.0,0.4992621880111665,0.0,0.0,0.0,0.0,0.0,0.0,0.0,0.0,0.0,0.0,0.0,0.0,0.0,0.0,0.0,0.0,0.0,0.0,0.0,0.4992621880111665,0.0,0.0,0.0,0.0,0.0,E10
5.0,0.0,21.0,52.0,0.41221558671081765,0.0,0.0,0.41221558671081765,0.2142875638625615,0.0,0.0,0.0,0.0,0.0,0.0,0.0,0.0,0.0,0.0,0.0,0.0,0.0,0.0,0.0,0.0,0.2269085772357799,0.23018446497095518,0.0,0.0,0.41221558671081765,0.0,0.0,0.0,0.0,0.0,0.0,0.0,0.0,0.0,0.41221558671081765,0.0,0.0,0.0,0.0,0.0,0.0,0.0,0.0,0.0,0.0,0.0,0.41221558671081765,0.0,0.0,E7
3.0,0.0,21.0,53.0,0.0,0.0,0.0,0.0,0.23428947065061007,0.0,0.0,0.0,0.0,0.0,0.0,0.0,0.0,0.0,0.0,0.3421481252964706,0.0,0.0,0.0,0.0,0.0,0.0,0.7550106335330056,0.2751728165091075,0.0,0.0,0.0,0.0,0.0,0.0,0.0,0.0,0.0,0.34135121926186185,0.0,0.0,0.0,0.0,0.2564396882569906,0.0,0.0,0.0,0.0,0.0,0.0,0.0,0.0,0.0,0.0,0.0,E11
5.0,0.0,21.0,53.0,0.0,0.22135968273463763,0.27280588538225176,0.0,0.19155498313298006,0.27280588538225176,0.0,0.0,0.0,0.0,0.0,0.0,0.0,0.0,0.0,0.0,0.0,0.0,0.0,0.22135968273463763,0.0,0.20283710310415376,0.7201791451902878,0.0,0.0,0.0,0.0,0.0,0.0,0.0,0.0,0.0,0.0,0.0,0.0,0.0,0.0,0.0,0.20966499272154374,0.0,0.0,0.0,0.0,0.0,0.0,0.19564512803276962,0.27280588538225176,0.0,0.0,0.0,E6
2.0,0.0,21.0,53.0,0.0,0.0,0.0,0.0,0.1661483052439899,0.0,0.0,0.0,0.0,0.0,0.24207202490079238,0.0,0.0,0.0,0.0,0.0,0.0,0.0,0.0,0.0,0.0,0.0,0.892370001764264,0.0,0.0,0.0,0.0,0.0,0.0,0.0,0.0,0.0,0.0,0.0,0.2426371573701316,0.0,0.0,0.0,0.0,0.24207202490079238,0.0,0.0,0.0,0.0,0.0,0.0,0.0,0.0,0.0,0.0,E13
2.0,0.0,21.0,55.0,0.0,0.0,0.0,0.0,0.1661483052439899,0.0,0.0,0.0,0.0,0.0,0.24207202490079238,0.0,0.0,0.0,0.0,0.0,0.0,0.0,0.0,0.0,0.0,0.0,0.892370001764264,0.0,0.0,0.0,0.0,0.0,0.0,0.0,0.0,0.0,0.0,0.0,0.2426371573701316,0.0,0.0,0.0,0.0,0.24207202490079238,0.0,0.0,0.0,0.0,0.0,0.0,0.0,0.0,0.0,0.0,E13
3.0,0.0,21.0,55.0,0.0,0.0,0.0,0.0,0.2578159997202256,0.0,0.0,0.0,0.0,0.0,0.0,0.0,0.0,0.0,0.0,0.37650544316290596,0.0,0.0,0.0,0.0,0.0,0.0,0.6923551335276573,0.30280470815490756,0.0,0.0,0.0,0.0,0.0,0.0,0.0,0.0,0.0,0.37562851461197616,0.0,0.0,0.0,0.0,0.2821904646944785,0.0,0.0,0.0,0.0,0.0,0.0,0.0,0.0,0.0,0.0,0.0,E11
2.0,0.0,21.0,56.0,0.0,0.0,0.0,0.0,0.15378644268229635,0.0,0.0,0.0,0.0,0.0,0.22406124171850228,0.0,0.0,0.0,0.0,0.0,0.0,0.0,0.0,0.0,0.0,0.0,0.908572908515739,0.0,0.0,0.0,0.0,0.0,0.0,0.0,0.0,0.0,0.0,0.0,0.2245843268741186,0.0,0.0,0.0,0.0,0.22406124171850228,0.0,0.0,0.0,0.0,0.0,0.0,0.0,0.0,0.0,0.0,E13
2.0,0.0,21.0,57.0,0.0,0.0,0.0,0.0,0.1661483052439899,0.0,0.0,0.0,0.0,0.0,0.24207202490079238,0.0,0.0,0.0,0.0,0.0,0.0,0.0,0.0,0.0,0.0,0.0,0.892370001764264,0.0,0.0,0.0,0.0,0.0,0.0,0.0,0.0,0.0,0.0,0.0,0.2426371573701316,0.0,0.0,0.0,0.0,0.24207202490079238,0.0,0.0,0.0,0.0,0.0,0.0,0.0,0.0,0.0,0.0,E13
3.0,0.0,21.0,57.0,0.0,0.0,0.0,0.0,0.3694506407597979,0.0,0.0,0.0,0.0,0.0,0.0,0.0,0.0,0.0,0.516449045413519,0.0,0.0,0.0,0.0,0.0,0.0,0.0,0.19842914946528173,0.0,0.5279263585842844,0.0,0.0,0.0,0.0,0.0,0.0,0.0,0.0,0.0,0.0,0.0,0.0,0.0,0.0,0.0,0.0,0.0,0.0,0.0,0.5279263585842844,0.0,0.0,0.0,0.0,0.0,E10
2.0,0.0,21.0,57.0,0.0,0.0,0.0,0.0,0.1661483052439899,0.0,0.0,0.0,0.0,0.0,0.24207202490079238,0.0,0.0,0.0,0.0,0.0,0.0,0.0,0.0,0.0,0.0,0.0,0.892370001764264,0.0,0.0,0.0,0.0,0.0,0.0,0.0,0.0,0.0,0.0,0.0,0.2426371573701316,0.0,0.0,0.0,0.0,0.24207202490079238,0.0,0.0,0.0,0.0,0.0,0.0,0.0,0.0,0.0,0.0,E13
3.0,0.0,21.0,58.0,0.0,0.0,0.0,0.0,0.3694506407597979,0.0,0.0,0.0,0.0,0.0,0.0,0.0,0.0,0.0,0.516449045413519,0.0,0.0,0.0,0.0,0.0,0.0,0.0,0.19842914946528173,0.0,0.5279263585842844,0.0,0.0,0.0,0.0,0.0,0.0,0.0,0.0,0.0,0.0,0.0,0.0,0.0,0.0,0.0,0.0,0.0,0.0,0.0,0.5279263585842844,0.0,0.0,0.0,0.0,0.0,E10
3.0,0.0,21.0,58.0,0.0,0.0,0.0,0.0,0.34939103204185995,0.0,0.0,0.0,0.0,0.0,0.0,0.0,0.0,0.0,0.48840804444937863,0.0,0.0,0.0,0.0,0.0,0.0,0.0,0.37531057018216657,0.0,0.4992621880111665,0.0,0.0,0.0,0.0,0.0,0.0,0.0,0.0,0.0,0.0,0.0,0.0,0.0,0.0,0.0,0.0,0.0,0.0,0.0,0.4992621880111665,0.0,0.0,0.0,0.0,0.0,E10
5.0,0.0,21.0,58.0,0.41221558671081765,0.0,0.0,0.41221558671081765,0.2142875638625615,0.0,0.0,0.0,0.0,0.0,0.0,0.0,0.0,0.0,0.0,0.0,0.0,0.0,0.0,0.0,0.0,0.2269085772357799,0.23018446497095518,0.0,0.0,0.41221558671081765,0.0,0.0,0.0,0.0,0.0,0.0,0.0,0.0,0.0,0.41221558671081765,0.0,0.0,0.0,0.0,0.0,0.0,0.0,0.0,0.0,0.0,0.0,0.41221558671081765,0.0,0.0,E7
3.0,0.0,22.0,0.0,0.0,0.0,0.0,0.0,0.23428947065061007,0.0,0.0,0.0,0.0,0.0,0.0,0.0,0.0,0.0,0.0,0.3421481252964706,0.0,0.0,0.0,0.0,0.0,0.0,0.7550106335330056,0.2751728165091075,0.0,0.0,0.0,0.0,0.0,0.0,0.0,0.0,0.0,0.34135121926186185,0.0,0.0,0.0,0.0,0.2564396882569906,0.0,0.0,0.0,0.0,0.0,0.0,0.0,0.0,0.0,0.0,0.0,E11
5.0,0.0,22.0,0.0,0.0,0.22135968273463763,0.27280588538225176,0.0,0.19155498313298006,0.27280588538225176,0.0,0.0,0.0,0.0,0.0,0.0,0.0,0.0,0.0,0.0,0.0,0.0,0.0,0.22135968273463763,0.0,0.20283710310415376,0.7201791451902878,0.0,0.0,0.0,0.0,0.0,0.0,0.0,0.0,0.0,0.0,0.0,0.0,0.0,0.0,0.0,0.20966499272154374,0.0,0.0,0.0,0.0,0.0,0.0,0.19564512803276962,0.27280588538225176,0.0,0.0,0.0,E6
3.0,0.0,22.0,1.0,0.0,0.0,0.0,0.0,0.23428947065061007,0.0,0.0,0.0,0.0,0.0,0.0,0.0,0.0,0.0,0.0,0.3421481252964706,0.0,0.0,0.0,0.0,0.0,0.0,0.7550106335330056,0.2751728165091075,0.0,0.0,0.0,0.0,0.0,0.0,0.0,0.0,0.0,0.34135121926186185,0.0,0.0,0.0,0.0,0.2564396882569906,0.0,0.0,0.0,0.0,0.0,0.0,0.0,0.0,0.0,0.0,0.0,E11
3.0,0.0,22.0,2.0,0.0,0.0,0.0,0.0,0.34939103204185995,0.0,0.0,0.0,0.0,0.0,0.0,0.0,0.0,0.0,0.48840804444937863,0.0,0.0,0.0,0.0,0.0,0.0,0.0,0.37531057018216657,0.0,0.4992621880111665,0.0,0.0,0.0,0.0,0.0,0.0,0.0,0.0,0.0,0.0,0.0,0.0,0.0,0.0,0.0,0.0,0.0,0.0,0.0,0.4992621880111665,0.0,0.0,0.0,0.0,0.0,E10
2.0,0.0,22.0,3.0,0.0,0.0,0.0,0.0,0.15378644268229635,0.0,0.0,0.0,0.0,0.0,0.22406124171850228,0.0,0.0,0.0,0.0,0.0,0.0,0.0,0.0,0.0,0.0,0.0,0.908572908515739,0.0,0.0,0.0,0.0,0.0,0.0,0.0,0.0,0.0,0.0,0.0,0.2245843268741186,0.0,0.0,0.0,0.0,0.22406124171850228,0.0,0.0,0.0,0.0,0.0,0.0,0.0,0.0,0.0,0.0,E13
2.0,0.0,22.0,3.0,0.0,0.0,0.0,0.0,0.15378644268229635,0.0,0.0,0.0,0.0,0.0,0.22406124171850228,0.0,0.0,0.0,0.0,0.0,0.0,0.0,0.0,0.0,0.0,0.0,0.908572908515739,0.0,0.0,0.0,0.0,0.0,0.0,0.0,0.0,0.0,0.0,0.0,0.2245843268741186,0.0,0.0,0.0,0.0,0.22406124171850228,0.0,0.0,0.0,0.0,0.0,0.0,0.0,0.0,0.0,0.0,E13
3.0,0.0,22.0,3.0,0.0,0.0,0.0,0.0,0.2578159997202256,0.0,0.0,0.0,0.0,0.0,0.0,0.0,0.0,0.0,0.0,0.37650544316290596,0.0,0.0,0.0,0.0,0.0,0.0,0.6923551335276573,0.30280470815490756,0.0,0.0,0.0,0.0,0.0,0.0,0.0,0.0,0.0,0.37562851461197616,0.0,0.0,0.0,0.0,0.2821904646944785,0.0,0.0,0.0,0.0,0.0,0.0,0.0,0.0,0.0,0.0,0.0,E11
5.0,0.0,22.0,6.0,0.0,0.26193916470232276,0.0,0.0,0.22667069114193747,0.0,0.0,0.0,0.35845965475525166,0.0,0.0,0.0,0.0,0.0,0.0,0.0,0.0,0.0,0.3609506417434961,0.26193916470232276,0.0,0.24002104042330735,0.6087155832170444,0.26622456539930955,0.0,0.0,0.0,0.0,0.0,0.0,0.0,0.0,0.0,0.0,0.0,0.0,0.0,0.0,0.0,0.0,0.0,0.0,0.0,0.0,0.0,0.2315106381699005,0.0,0.0,0.0,0.0,E8
5.0,0.0,22.0,6.0,0.0,0.26193916470232276,0.0,0.0,0.22667069114193747,0.0,0.0,0.0,0.35845965475525166,0.0,0.0,0.0,0.0,0.0,0.0,0.0,0.0,0.0,0.3609506417434961,0.26193916470232276,0.0,0.24002104042330735,0.6087155832170444,0.26622456539930955,0.0,0.0,0.0,0.0,0.0,0.0,0.0,0.0,0.0,0.0,0.0,0.0,0.0,0.0,0.0,0.0,0.0,0.0,0.0,0.0,0.0,0.2315106381699005,0.0,0.0,0.0,0.0,E8
5.0,0.0,22.0,6.0,0.0,0.26193916470232276,0.0,0.0,0.22667069114193747,0.0,0.0,0.0,0.35845965475525166,0.0,0.0,0.0,0.0,0.0,0.0,0.0,0.0,0.0,0.3609506417434961,0.26193916470232276,0.0,0.24002104042330735,0.6087155832170444,0.26622456539930955,0.0,0.0,0.0,0.0,0.0,0.0,0.0,0.0,0.0,0.0,0.0,0.0,0.0,0.0,0.0,0.0,0.0,0.0,0.0,0.0,0.0,0.2315106381699005,0.0,0.0,0.0,0.0,E8
5.0,0.0,22.0,6.0,0.0,0.26193916470232276,0.0,0.0,0.22667069114193747,0.0,0.0,0.0,0.35845965475525166,0.0,0.0,0.0,0.0,0.0,0.0,0.0,0.0,0.0,0.3609506417434961,0.26193916470232276,0.0,0.24002104042330735,0.6087155832170444,0.26622456539930955,0.0,0.0,0.0,0.0,0.0,0.0,0.0,0.0,0.0,0.0,0.0,0.0,0.0,0.0,0.0,0.0,0.0,0.0,0.0,0.0,0.0,0.2315106381699005,0.0,0.0,0.0,0.0,E8
5.0,0.0,22.0,6.0,0.0,0.26193916470232276,0.0,0.0,0.22667069114193747,0.0,0.0,0.0,0.35845965475525166,0.0,0.0,0.0,0.0,0.0,0.0,0.0,0.0,0.0,0.3609506417434961,0.26193916470232276,0.0,0.24002104042330735,0.6087155832170444,0.26622456539930955,0.0,0.0,0.0,0.0,0.0,0.0,0.0,0.0,0.0,0.0,0.0,0.0,0.0,0.0,0.0,0.0,0.0,0.0,0.0,0.0,0.0,0.2315106381699005,0.0,0.0,0.0,0.0,E8
5.0,0.0,22.0,6.0,0.0,0.2428868481176099,0.0,0.0,0.21018365006497722,0.0,0.0,0.0,0.33238685715354443,0.0,0.0,0.0,0.0,0.0,0.0,0.0,0.0,0.0,0.33469666057283937,0.2428868481176099,0.0,0.22256295295351686,0.6773283082383573,0.2468605473900918,0.0,0.0,0.0,0.0,0.0,0.0,0.0,0.0,0.0,0.0,0.0,0.0,0.0,0.0,0.0,0.0,0.0,0.0,0.0,0.0,0.0,0.21467156037809929,0.0,0.0,0.0,0.0,E8
5.0,0.0,22.0,6.0,0.0,0.26193916470232276,0.0,0.0,0.22667069114193747,0.0,0.0,0.0,0.35845965475525166,0.0,0.0,0.0,0.0,0.0,0.0,0.0,0.0,0.0,0.3609506417434961,0.26193916470232276,0.0,0.24002104042330735,0.6087155832170444,0.26622456539930955,0.0,0.0,0.0,0.0,0.0,0.0,0.0,0.0,0.0,0.0,0.0,0.0,0.0,0.0,0.0,0.0,0.0,0.0,0.0,0.0,0.0,0.2315106381699005,0.0,0.0,0.0,0.0,E8
5.0,0.0,22.0,6.0,0.0,0.2428868481176099,0.0,0.0,0.21018365006497722,0.0,0.0,0.0,0.33238685715354443,0.0,0.0,0.0,0.0,0.0,0.0,0.0,0.0,0.0,0.33469666057283937,0.2428868481176099,0.0,0.22256295295351686,0.6773283082383573,0.2468605473900918,0.0,0.0,0.0,0.0,0.0,0.0,0.0,0.0,0.0,0.0,0.0,0.0,0.0,0.0,0.0,0.0,0.0,0.0,0.0,0.0,0.0,0.21467156037809929,0.0,0.0,0.0,0.0,E8
5.0,0.0,22.0,6.0,0.0,0.26193916470232276,0.0,0.0,0.22667069114193747,0.0,0.0,0.0,0.35845965475525166,0.0,0.0,0.0,0.0,0.0,0.0,0.0,0.0,0.0,0.3609506417434961,0.26193916470232276,0.0,0.24002104042330735,0.6087155832170444,0.26622456539930955,0.0,0.0,0.0,0.0,0.0,0.0,0.0,0.0,0.0,0.0,0.0,0.0,0.0,0.0,0.0,0.0,0.0,0.0,0.0,0.0,0.0,0.2315106381699005,0.0,0.0,0.0,0.0,E8
5.0,0.0,22.0,6.0,0.0,0.26193916470232276,0.0,0.0,0.22667069114193747,0.0,0.0,0.0,0.35845965475525166,0.0,0.0,0.0,0.0,0.0,0.0,0.0,0.0,0.0,0.3609506417434961,0.26193916470232276,0.0,0.24002104042330735,0.6087155832170444,0.26622456539930955,0.0,0.0,0.0,0.0,0.0,0.0,0.0,0.0,0.0,0.0,0.0,0.0,0.0,0.0,0.0,0.0,0.0,0.0,0.0,0.0,0.0,0.2315106381699005,0.0,0.0,0.0,0.0,E8
5.0,0.0,22.0,6.0,0.0,0.26193916470232276,0.0,0.0,0.22667069114193747,0.0,0.0,0.0,0.35845965475525166,0.0,0.0,0.0,0.0,0.0,0.0,0.0,0.0,0.0,0.3609506417434961,0.26193916470232276,0.0,0.24002104042330735,0.6087155832170444,0.26622456539930955,0.0,0.0,0.0,0.0,0.0,0.0,0.0,0.0,0.0,0.0,0.0,0.0,0.0,0.0,0.0,0.0,0.0,0.0,0.0,0.0,0.0,0.2315106381699005,0.0,0.0,0.0,0.0,E8
5.0,0.0,22.0,6.0,0.0,0.26193916470232276,0.0,0.0,0.22667069114193747,0.0,0.0,0.0,0.35845965475525166,0.0,0.0,0.0,0.0,0.0,0.0,0.0,0.0,0.0,0.3609506417434961,0.26193916470232276,0.0,0.24002104042330735,0.6087155832170444,0.26622456539930955,0.0,0.0,0.0,0.0,0.0,0.0,0.0,0.0,0.0,0.0,0.0,0.0,0.0,0.0,0.0,0.0,0.0,0.0,0.0,0.0,0.0,0.2315106381699005,0.0,0.0,0.0,0.0,E8
5.0,0.0,22.0,6.0,0.0,0.26193916470232276,0.0,0.0,0.22667069114193747,0.0,0.0,0.0,0.35845965475525166,0.0,0.0,0.0,0.0,0.0,0.0,0.0,0.0,0.0,0.3609506417434961,0.26193916470232276,0.0,0.24002104042330735,0.6087155832170444,0.26622456539930955,0.0,0.0,0.0,0.0,0.0,0.0,0.0,0.0,0.0,0.0,0.0,0.0,0.0,0.0,0.0,0.0,0.0,0.0,0.0,0.0,0.0,0.2315106381699005,0.0,0.0,0.0,0.0,E8
5.0,0.0,22.0,6.0,0.0,0.2428868481176099,0.0,0.0,0.21018365006497722,0.0,0.0,0.0,0.33238685715354443,0.0,0.0,0.0,0.0,0.0,0.0,0.0,0.0,0.0,0.33469666057283937,0.2428868481176099,0.0,0.22256295295351686,0.6773283082383573,0.2468605473900918,0.0,0.0,0.0,0.0,0.0,0.0,0.0,0.0,0.0,0.0,0.0,0.0,0.0,0.0,0.0,0.0,0.0,0.0,0.0,0.0,0.0,0.21467156037809929,0.0,0.0,0.0,0.0,E8
5.0,0.0,22.0,6.0,0.0,0.26193916470232276,0.0,0.0,0.22667069114193747,0.0,0.0,0.0,0.35845965475525166,0.0,0.0,0.0,0.0,0.0,0.0,0.0,0.0,0.0,0.3609506417434961,0.26193916470232276,0.0,0.24002104042330735,0.6087155832170444,0.26622456539930955,0.0,0.0,0.0,0.0,0.0,0.0,0.0,0.0,0.0,0.0,0.0,0.0,0.0,0.0,0.0,0.0,0.0,0.0,0.0,0.0,0.0,0.2315106381699005,0.0,0.0,0.0,0.0,E8
5.0,0.0,22.0,6.0,0.0,0.26193916470232276,0.0,0.0,0.22667069114193747,0.0,0.0,0.0,0.35845965475525166,0.0,0.0,0.0,0.0,0.0,0.0,0.0,0.0,0.0,0.3609506417434961,0.26193916470232276,0.0,0.24002104042330735,0.6087155832170444,0.26622456539930955,0.0,0.0,0.0,0.0,0.0,0.0,0.0,0.0,0.0,0.0,0.0,0.0,0.0,0.0,0.0,0.0,0.0,0.0,0.0,0.0,0.0,0.2315106381699005,0.0,0.0,0.0,0.0,E8
5.0,0.0,22.0,6.0,0.0,0.2428868481176099,0.0,0.0,0.21018365006497722,0.0,0.0,0.0,0.33238685715354443,0.0,0.0,0.0,0.0,0.0,0.0,0.0,0.0,0.0,0.33469666057283937,0.2428868481176099,0.0,0.22256295295351686,0.6773283082383573,0.2468605473900918,0.0,0.0,0.0,0.0,0.0,0.0,0.0,0.0,0.0,0.0,0.0,0.0,0.0,0.0,0.0,0.0,0.0,0.0,0.0,0.0,0.0,0.21467156037809929,0.0,0.0,0.0,0.0,E8
5.0,0.0,22.0,6.0,0.0,0.2428868481176099,0.0,0.0,0.21018365006497722,0.0,0.0,0.0,0.33238685715354443,0.0,0.0,0.0,0.0,0.0,0.0,0.0,0.0,0.0,0.33469666057283937,0.2428868481176099,0.0,0.22256295295351686,0.6773283082383573,0.2468605473900918,0.0,0.0,0.0,0.0,0.0,0.0,0.0,0.0,0.0,0.0,0.0,0.0,0.0,0.0,0.0,0.0,0.0,0.0,0.0,0.0,0.0,0.21467156037809929,0.0,0.0,0.0,0.0,E8
5.0,0.0,22.0,6.0,0.0,0.26193916470232276,0.0,0.0,0.22667069114193747,0.0,0.0,0.0,0.35845965475525166,0.0,0.0,0.0,0.0,0.0,0.0,0.0,0.0,0.0,0.3609506417434961,0.26193916470232276,0.0,0.24002104042330735,0.6087155832170444,0.26622456539930955,0.0,0.0,0.0,0.0,0.0,0.0,0.0,0.0,0.0,0.0,0.0,0.0,0.0,0.0,0.0,0.0,0.0,0.0,0.0,0.0,0.0,0.2315106381699005,0.0,0.0,0.0,0.0,E8
4.0,0.0,22.0,7.0,0.0,0.0,0.0,0.0,0.34040857727446816,0.0,0.34324002279077004,0.34324002279077004,0.0,0.34324002279077004,0.0,0.34324002279077004,0.0,0.34324002279077004,0.0,0.0,0.0,0.34324002279077004,0.0,0.0,0.34324002279077004,0.0,0.24377450194824343,0.0,0.0,0.0,0.0,0.0,0.0,0.0,0.0,0.0,0.0,0.0,0.0,0.0,0.0,0.0,0.0,0.0,0.0,0.0,0.0,0.0,0.0,0.0,0.0,0.0,0.0,0.0,E9
5.0,0.0,22.0,7.0,0.34250473594468295,0.0,0.0,0.34250473594468295,0.17804883619906542,0.0,0.0,0.0,0.0,0.0,0.0,0.0,0.0,0.0,0.0,0.0,0.0,0.0,0.0,0.0,0.0,0.1885354771512937,0.09562868549261504,0.0,0.0,0.34250473594468295,0.0,0.0,0.0,0.0,0.0,0.5805692633715309,0.0,0.0,0.0,0.34250473594468295,0.0,0.0,0.0,0.0,0.0,0.0,0.0,0.0,0.0,0.0,0.0,0.34250473594468295,0.0,0.0,E7
4.0,0.0,22.0,7.0,0.0,0.0,0.0,0.0,0.34040857727446816,0.0,0.34324002279077004,0.34324002279077004,0.0,0.34324002279077004,0.0,0.34324002279077004,0.0,0.34324002279077004,0.0,0.0,0.0,0.34324002279077004,0.0,0.0,0.34324002279077004,0.0,0.24377450194824343,0.0,0.0,0.0,0.0,0.0,0.0,0.0,0.0,0.0,0.0,0.0,0.0,0.0,0.0,0.0,0.0,0.0,0.0,0.0,0.0,0.0,0.0,0.0,0.0,0.0,0.0,0.0,E9
5.0,0.0,22.0,8.0,0.0,0.23836634715786661,0.29376506859060325,0.0,0.2062718063434884,0.29376506859060325,0.0,0.0,0.0,0.0,0.0,0.0,0.0,0.0,0.0,0.0,0.0,0.0,0.0,0.23836634715786661,0.0,0.2184207112050361,0.6647221778892567,0.0,0.0,0.0,0.0,0.0,0.0,0.0,0.0,0.0,0.0,0.0,0.0,0.0,0.0,0.0,0.22577317524360016,0.0,0.0,0.0,0.0,0.0,0.0,0.21067618968495705,0.29376506859060325,0.0,0.0,0.0,E6
4.0,0.0,22.0,8.0,0.0,0.0,0.0,0.0,0.27966233292132264,0.0,0.281988504209275,0.281988504209275,0.0,0.281988504209275,0.0,0.281988504209275,0.0,0.281988504209275,0.0,0.0,0.0,0.281988504209275,0.0,0.0,0.281988504209275,0.0,0.200272703077663,0.0,0.0,0.0,0.0,0.0,0.0,0.0,0.0,0.0,0.0,0.0,0.0,0.0,0.0,0.0,0.0,0.0,0.0,0.5701378854309535,0.0,0.0,0.0,0.0,0.0,0.0,0.0,0.0,E9
4.0,0.0,22.0,8.0,0.0,0.0,0.0,0.0,0.34040857727446816,0.0,0.34324002279077004,0.34324002279077004,0.0,0.34324002279077004,0.0,0.34324002279077004,0.0,0.34324002279077004,0.0,0.0,0.0,0.34324002279077004,0.0,0.0,0.34324002279077004,0.0,0.24377450194824343,0.0,0.0,0.0,0.0,0.0,0.0,0.0,0.0,0.0,0.0,0.0,0.0,0.0,0.0,0.0,0.0,0.0,0.0,0.0,0.0,0.0,0.0,0.0,0.0,0.0,0.0,0.0,E9
5.0,0.0,22.0,8.0,0.3379010186066979,0.0,0.0,0.3379010186066979,0.17565562399440243,0.0,0.0,0.0,0.0,0.0,0.0,0.0,0.0,0.0,0.0,0.0,0.0,0.0,0.0,0.0,0.0,0.18600131060147154,0.1886866185768186,0.0,0.0,0.3379010186066979,0.0,0.0,0.0,0.0,0.0,0.5727656434411006,0.0,0.0,0.0,0.3379010186066979,0.0,0.0,0.0,0.0,0.0,0.0,0.0,0.0,0.0,0.0,0.0,0.3379010186066979,0.0,0.0,E7
4.0,0.0,22.0,8.0,0.0,0.0,0.0,0.0,0.3509974905653215,0.0,0.3539170123906868,0.3539170123906868,0.0,0.3539170123906868,0.0,0.3539170123906868,0.0,0.3539170123906868,0.0,0.0,0.0,0.3539170123906868,0.0,0.0,0.3539170123906868,0.0,0.0,0.0,0.0,0.0,0.0,0.0,0.0,0.0,0.0,0.0,0.0,0.0,0.0,0.0,0.0,0.0,0.0,0.0,0.0,0.0,0.0,0.0,0.0,0.0,0.0,0.0,0.0,0.0,E9
4.0,0.0,22.0,9.0,0.0,0.0,0.0,0.0,0.3509974905653215,0.0,0.3539170123906868,0.3539170123906868,0.0,0.3539170123906868,0.0,0.3539170123906868,0.0,0.3539170123906868,0.0,0.0,0.0,0.3539170123906868,0.0,0.0,0.3539170123906868,0.0,0.0,0.0,0.0,0.0,0.0,0.0,0.0,0.0,0.0,0.0,0.0,0.0,0.0,0.0,0.0,0.0,0.0,0.0,0.0,0.0,0.0,0.0,0.0,0.0,0.0,0.0,0.0,0.0,E9
4.0,0.0,22.0,9.0,0.0,0.0,0.0,0.0,0.34040857727446816,0.0,0.34324002279077004,0.34324002279077004,0.0,0.34324002279077004,0.0,0.34324002279077004,0.0,0.34324002279077004,0.0,0.0,0.0,0.34324002279077004,0.0,0.0,0.34324002279077004,0.0,0.24377450194824343,0.0,0.0,0.0,0.0,0.0,0.0,0.0,0.0,0.0,0.0,0.0,0.0,0.0,0.0,0.0,0.0,0.0,0.0,0.0,0.0,0.0,0.0,0.0,0.0,0.0,0.0,0.0,E9
4.0,0.0,22.0,9.0,0.0,0.0,0.0,0.0,0.3509974905653215,0.0,0.3539170123906868,0.3539170123906868,0.0,0.3539170123906868,0.0,0.3539170123906868,0.0,0.3539170123906868,0.0,0.0,0.0,0.3539170123906868,0.0,0.0,0.3539170123906868,0.0,0.0,0.0,0.0,0.0,0.0,0.0,0.0,0.0,0.0,0.0,0.0,0.0,0.0,0.0,0.0,0.0,0.0,0.0,0.0,0.0,0.0,0.0,0.0,0.0,0.0,0.0,0.0,0.0,E9
2.0,0.0,22.0,9.0,0.0,0.0,0.0,0.0,0.15378644268229635,0.0,0.0,0.0,0.0,0.0,0.22406124171850228,0.0,0.0,0.0,0.0,0.0,0.0,0.0,0.0,0.0,0.0,0.0,0.908572908515739,0.0,0.0,0.0,0.0,0.0,0.0,0.0,0.0,0.0,0.0,0.0,0.2245843268741186,0.0,0.0,0.0,0.0,0.22406124171850228,0.0,0.0,0.0,0.0,0.0,0.0,0.0,0.0,0.0,0.0,E13
4.0,0.0,22.0,9.0,0.0,0.0,0.0,0.0,0.3509974905653215,0.0,0.3539170123906868,0.3539170123906868,0.0,0.3539170123906868,0.0,0.3539170123906868,0.0,0.3539170123906868,0.0,0.0,0.0,0.3539170123906868,0.0,0.0,0.3539170123906868,0.0,0.0,0.0,0.0,0.0,0.0,0.0,0.0,0.0,0.0,0.0,0.0,0.0,0.0,0.0,0.0,0.0,0.0,0.0,0.0,0.0,0.0,0.0,0.0,0.0,0.0,0.0,0.0,0.0,E9
4.0,0.0,22.0,9.0,0.0,0.0,0.0,0.0,0.3509974905653215,0.0,0.3539170123906868,0.3539170123906868,0.0,0.3539170123906868,0.0,0.3539170123906868,0.0,0.3539170123906868,0.0,0.0,0.0,0.3539170123906868,0.0,0.0,0.3539170123906868,0.0,0.0,0.0,0.0,0.0,0.0,0.0,0.0,0.0,0.0,0.0,0.0,0.0,0.0,0.0,0.0,0.0,0.0,0.0,0.0,0.0,0.0,0.0,0.0,0.0,0.0,0.0,0.0,0.0,E9
4.0,0.0,22.0,9.0,0.0,0.0,0.0,0.0,0.2809024595728336,0.0,0.28323894596822297,0.28323894596822297,0.0,0.28323894596822297,0.0,0.28323894596822297,0.0,0.28323894596822297,0.0,0.0,0.0,0.28323894596822297,0.0,0.0,0.28323894596822297,0.0,0.0,0.0,0.0,0.0,0.0,0.0,0.0,0.0,0.0,0.0,0.0,0.0,0.0,0.0,0.0,0.0,0.0,0.0,0.599602955807927,0.0,0.0,0.0,0.0,0.0,0.0,0.0,0.0,0.0,E9
4.0,0.0,22.0,9.0,0.0,0.0,0.0,0.0,0.34040857727446816,0.0,0.34324002279077004,0.34324002279077004,0.0,0.34324002279077004,0.0,0.34324002279077004,0.0,0.34324002279077004,0.0,0.0,0.0,0.34324002279077004,0.0,0.0,0.34324002279077004,0.0,0.24377450194824343,0.0,0.0,0.0,0.0,0.0,0.0,0.0,0.0,0.0,0.0,0.0,0.0,0.0,0.0,0.0,0.0,0.0,0.0,0.0,0.0,0.0,0.0,0.0,0.0,0.0,0.0,0.0,E9
4.0,0.0,22.0,9.0,0.0,0.0,0.0,0.0,0.3509974905653215,0.0,0.3539170123906868,0.3539170123906868,0.0,0.3539170123906868,0.0,0.3539170123906868,0.0,0.3539170123906868,0.0,0.0,0.0,0.3539170123906868,0.0,0.0,0.3539170123906868,0.0,0.0,0.0,0.0,0.0,0.0,0.0,0.0,0.0,0.0,0.0,0.0,0.0,0.0,0.0,0.0,0.0,0.0,0.0,0.0,0.0,0.0,0.0,0.0,0.0,0.0,0.0,0.0,0.0,E9
3.0,0.0,22.0,10.0,0.0,0.0,0.0,0.0,0.23428947065061007,0.0,0.0,0.0,0.0,0.0,0.0,0.0,0.0,0.0,0.0,0.3421481252964706,0.0,0.0,0.0,0.0,0.0,0.0,0.7550106335330056,0.2751728165091075,0.0,0.0,0.0,0.0,0.0,0.0,0.0,0.0,0.0,0.34135121926186185,0.0,0.0,0.0,0.0,0.2564396882569906,0.0,0.0,0.0,0.0,0.0,0.0,0.0,0.0,0.0,0.0,0.0,E11
2.0,0.0,22.0,10.0,0.0,0.0,0.0,0.0,0.1661483052439899,0.0,0.0,0.0,0.0,0.0,0.24207202490079238,0.0,0.0,0.0,0.0,0.0,0.0,0.0,0.0,0.0,0.0,0.0,0.892370001764264,0.0,0.0,0.0,0.0,0.0,0.0,0.0,0.0,0.0,0.0,0.0,0.2426371573701316,0.0,0.0,0.0,0.0,0.24207202490079238,0.0,0.0,0.0,0.0,0.0,0.0,0.0,0.0,0.0,0.0,E13
3.0,0.0,22.0,11.0,0.0,0.0,0.0,0.0,0.2578159997202256,0.0,0.0,0.0,0.0,0.0,0.0,0.0,0.0,0.0,0.0,0.37650544316290596,0.0,0.0,0.0,0.0,0.0,0.0,0.6923551335276573,0.30280470815490756,0.0,0.0,0.0,0.0,0.0,0.0,0.0,0.0,0.0,0.37562851461197616,0.0,0.0,0.0,0.0,0.2821904646944785,0.0,0.0,0.0,0.0,0.0,0.0,0.0,0.0,0.0,0.0,0.0,E11
3.0,0.0,22.0,11.0,0.0,0.0,0.0,0.0,0.3694506407597979,0.0,0.0,0.0,0.0,0.0,0.0,0.0,0.0,0.0,0.516449045413519,0.0,0.0,0.0,0.0,0.0,0.0,0.0,0.19842914946528173,0.0,0.5279263585842844,0.0,0.0,0.0,0.0,0.0,0.0,0.0,0.0,0.0,0.0,0.0,0.0,0.0,0.0,0.0,0.0,0.0,0.0,0.0,0.5279263585842844,0.0,0.0,0.0,0.0,0.0,E10
5.0,0.0,22.0,12.0,0.3379010186066979,0.0,0.0,0.3379010186066979,0.17565562399440243,0.0,0.0,0.0,0.0,0.0,0.0,0.0,0.0,0.0,0.0,0.0,0.0,0.0,0.0,0.0,0.0,0.18600131060147154,0.1886866185768186,0.0,0.0,0.3379010186066979,0.0,0.0,0.0,0.0,0.0,0.5727656434411006,0.0,0.0,0.0,0.3379010186066979,0.0,0.0,0.0,0.0,0.0,0.0,0.0,0.0,0.0,0.0,0.0,0.3379010186066979,0.0,0.0,E7
2.0,0.0,22.0,12.0,0.0,0.0,0.0,0.0,0.15378644268229635,0.0,0.0,0.0,0.0,0.0,0.22406124171850228,0.0,0.0,0.0,0.0,0.0,0.0,0.0,0.0,0.0,0.0,0.0,0.908572908515739,0.0,0.0,0.0,0.0,0.0,0.0,0.0,0.0,0.0,0.0,0.0,0.2245843268741186,0.0,0.0,0.0,0.0,0.22406124171850228,0.0,0.0,0.0,0.0,0.0,0.0,0.0,0.0,0.0,0.0,E13
3.0,0.0,22.0,13.0,0.0,0.0,0.0,0.0,0.2578159997202256,0.0,0.0,0.0,0.0,0.0,0.0,0.0,0.0,0.0,0.0,0.37650544316290596,0.0,0.0,0.0,0.0,0.0,0.0,0.6923551335276573,0.30280470815490756,0.0,0.0,0.0,0.0,0.0,0.0,0.0,0.0,0.0,0.37562851461197616,0.0,0.0,0.0,0.0,0.2821904646944785,0.0,0.0,0.0,0.0,0.0,0.0,0.0,0.0,0.0,0.0,0.0,E11
5.0,0.0,22.0,14.0,0.0,0.22135968273463763,0.27280588538225176,0.0,0.19155498313298006,0.27280588538225176,0.0,0.0,0.0,0.0,0.0,0.0,0.0,0.0,0.0,0.0,0.0,0.0,0.0,0.22135968273463763,0.0,0.20283710310415376,0.7201791451902878,0.0,0.0,0.0,0.0,0.0,0.0,0.0,0.0,0.0,0.0,0.0,0.0,0.0,0.0,0.0,0.20966499272154374,0.0,0.0,0.0,0.0,0.0,0.0,0.19564512803276962,0.27280588538225176,0.0,0.0,0.0,E6
3.0,0.0,22.0,16.0,0.0,0.0,0.0,0.0,0.23428947065061007,0.0,0.0,0.0,0.0,0.0,0.0,0.0,0.0,0.0,0.0,0.3421481252964706,0.0,0.0,0.0,0.0,0.0,0.0,0.7550106335330056,0.2751728165091075,0.0,0.0,0.0,0.0,0.0,0.0,0.0,0.0,0.0,0.34135121926186185,0.0,0.0,0.0,0.0,0.2564396882569906,0.0,0.0,0.0,0.0,0.0,0.0,0.0,0.0,0.0,0.0,0.0,E11
3.0,0.0,22.0,18.0,0.0,0.0,0.0,0.0,0.2578159997202256,0.0,0.0,0.0,0.0,0.0,0.0,0.0,0.0,0.0,0.0,0.37650544316290596,0.0,0.0,0.0,0.0,0.0,0.0,0.6923551335276573,0.30280470815490756,0.0,0.0,0.0,0.0,0.0,0.0,0.0,0.0,0.0,0.37562851461197616,0.0,0.0,0.0,0.0,0.2821904646944785,0.0,0.0,0.0,0.0,0.0,0.0,0.0,0.0,0.0,0.0,0.0,E11
5.0,0.0,22.0,19.0,0.0,0.0,0.0,0.0,0.2916588688378466,0.0,0.0,0.0,0.4612327112218293,0.0,0.0,0.0,0.0,0.0,0.0,0.0,0.0,0.0,0.0,0.0,0.0,0.0,0.7832388808215275,0.0,0.0,0.0,0.0,0.0,0.0,0.0,0.0,0.0,0.0,0.0,0.0,0.0,0.0,0.0,0.0,0.0,0.0,0.0,0.0,0.0,0.0,0.29788646477580955,0.0,0.0,0.0,0.0,E4
2.0,0.0,22.0,19.0,0.0,0.0,0.0,0.0,0.1661483052439899,0.0,0.0,0.0,0.0,0.0,0.24207202490079238,0.0,0.0,0.0,0.0,0.0,0.0,0.0,0.0,0.0,0.0,0.0,0.892370001764264,0.0,0.0,0.0,0.0,0.0,0.0,0.0,0.0,0.0,0.0,0.0,0.2426371573701316,0.0,0.0,0.0,0.0,0.24207202490079238,0.0,0.0,0.0,0.0,0.0,0.0,0.0,0.0,0.0,0.0,E13
2.0,0.0,22.0,20.0,0.0,0.0,0.0,0.0,0.1661483052439899,0.0,0.0,0.0,0.0,0.0,0.24207202490079238,0.0,0.0,0.0,0.0,0.0,0.0,0.0,0.0,0.0,0.0,0.0,0.892370001764264,0.0,0.0,0.0,0.0,0.0,0.0,0.0,0.0,0.0,0.0,0.0,0.2426371573701316,0.0,0.0,0.0,0.0,0.24207202490079238,0.0,0.0,0.0,0.0,0.0,0.0,0.0,0.0,0.0,0.0,E13
3.0,0.0,22.0,20.0,0.0,0.0,0.0,0.0,0.34939103204185995,0.0,0.0,0.0,0.0,0.0,0.0,0.0,0.0,0.0,0.48840804444937863,0.0,0.0,0.0,0.0,0.0,0.0,0.0,0.37531057018216657,0.0,0.4992621880111665,0.0,0.0,0.0,0.0,0.0,0.0,0.0,0.0,0.0,0.0,0.0,0.0,0.0,0.0,0.0,0.0,0.0,0.0,0.0,0.4992621880111665,0.0,0.0,0.0,0.0,0.0,E10
5.0,0.0,22.0,21.0,0.0,0.23836634715786661,0.29376506859060325,0.0,0.2062718063434884,0.29376506859060325,0.0,0.0,0.0,0.0,0.0,0.0,0.0,0.0,0.0,0.0,0.0,0.0,0.0,0.23836634715786661,0.0,0.2184207112050361,0.6647221778892567,0.0,0.0,0.0,0.0,0.0,0.0,0.0,0.0,0.0,0.0,0.0,0.0,0.0,0.0,0.0,0.22577317524360016,0.0,0.0,0.0,0.0,0.0,0.0,0.21067618968495705,0.29376506859060325,0.0,0.0,0.0,E6
3.0,0.0,22.0,22.0,0.0,0.0,0.0,0.0,0.3694506407597979,0.0,0.0,0.0,0.0,0.0,0.0,0.0,0.0,0.0,0.516449045413519,0.0,0.0,0.0,0.0,0.0,0.0,0.0,0.19842914946528173,0.0,0.5279263585842844,0.0,0.0,0.0,0.0,0.0,0.0,0.0,0.0,0.0,0.0,0.0,0.0,0.0,0.0,0.0,0.0,0.0,0.0,0.0,0.5279263585842844,0.0,0.0,0.0,0.0,0.0,E10
2.0,0.0,22.0,23.0,0.0,0.0,0.0,0.0,0.15378644268229635,0.0,0.0,0.0,0.0,0.0,0.22406124171850228,0.0,0.0,0.0,0.0,0.0,0.0,0.0,0.0,0.0,0.0,0.0,0.908572908515739,0.0,0.0,0.0,0.0,0.0,0.0,0.0,0.0,0.0,0.0,0.0,0.2245843268741186,0.0,0.0,0.0,0.0,0.22406124171850228,0.0,0.0,0.0,0.0,0.0,0.0,0.0,0.0,0.0,0.0,E13
2.0,0.0,22.0,24.0,0.0,0.0,0.0,0.0,0.15378644268229635,0.0,0.0,0.0,0.0,0.0,0.22406124171850228,0.0,0.0,0.0,0.0,0.0,0.0,0.0,0.0,0.0,0.0,0.0,0.908572908515739,0.0,0.0,0.0,0.0,0.0,0.0,0.0,0.0,0.0,0.0,0.0,0.2245843268741186,0.0,0.0,0.0,0.0,0.22406124171850228,0.0,0.0,0.0,0.0,0.0,0.0,0.0,0.0,0.0,0.0,E13
3.0,0.0,22.0,24.0,0.0,0.0,0.0,0.0,0.2578159997202256,0.0,0.0,0.0,0.0,0.0,0.0,0.0,0.0,0.0,0.0,0.37650544316290596,0.0,0.0,0.0,0.0,0.0,0.0,0.6923551335276573,0.30280470815490756,0.0,0.0,0.0,0.0,0.0,0.0,0.0,0.0,0.0,0.37562851461197616,0.0,0.0,0.0,0.0,0.2821904646944785,0.0,0.0,0.0,0.0,0.0,0.0,0.0,0.0,0.0,0.0,0.0,E11
5.0,0.0,22.0,24.0,0.0,0.23836634715786661,0.29376506859060325,0.0,0.2062718063434884,0.29376506859060325,0.0,0.0,0.0,0.0,0.0,0.0,0.0,0.0,0.0,0.0,0.0,0.0,0.0,0.23836634715786661,0.0,0.2184207112050361,0.6647221778892567,0.0,0.0,0.0,0.0,0.0,0.0,0.0,0.0,0.0,0.0,0.0,0.0,0.0,0.0,0.0,0.22577317524360016,0.0,0.0,0.0,0.0,0.0,0.0,0.21067618968495705,0.29376506859060325,0.0,0.0,0.0,E6
2.0,0.0,22.0,25.0,0.0,0.0,0.0,0.0,0.1661483052439899,0.0,0.0,0.0,0.0,0.0,0.24207202490079238,0.0,0.0,0.0,0.0,0.0,0.0,0.0,0.0,0.0,0.0,0.0,0.892370001764264,0.0,0.0,0.0,0.0,0.0,0.0,0.0,0.0,0.0,0.0,0.0,0.2426371573701316,0.0,0.0,0.0,0.0,0.24207202490079238,0.0,0.0,0.0,0.0,0.0,0.0,0.0,0.0,0.0,0.0,E13
3.0,0.0,22.0,25.0,0.0,0.0,0.0,0.0,0.3694506407597979,0.0,0.0,0.0,0.0,0.0,0.0,0.0,0.0,0.0,0.516449045413519,0.0,0.0,0.0,0.0,0.0,0.0,0.0,0.19842914946528173,0.0,0.5279263585842844,0.0,0.0,0.0,0.0,0.0,0.0,0.0,0.0,0.0,0.0,0.0,0.0,0.0,0.0,0.0,0.0,0.0,0.0,0.0,0.5279263585842844,0.0,0.0,0.0,0.0,0.0,E10
3.0,0.0,22.0,25.0,0.0,0.0,0.0,0.0,0.34939103204185995,0.0,0.0,0.0,0.0,0.0,0.0,0.0,0.0,0.0,0.48840804444937863,0.0,0.0,0.0,0.0,0.0,0.0,0.0,0.37531057018216657,0.0,0.4992621880111665,0.0,0.0,0.0,0.0,0.0,0.0,0.0,0.0,0.0,0.0,0.0,0.0,0.0,0.0,0.0,0.0,0.0,0.0,0.0,0.4992621880111665,0.0,0.0,0.0,0.0,0.0,E10
3.0,0.0,22.0,26.0,0.0,0.0,0.0,0.0,0.34939103204185995,0.0,0.0,0.0,0.0,0.0,0.0,0.0,0.0,0.0,0.48840804444937863,0.0,0.0,0.0,0.0,0.0,0.0,0.0,0.37531057018216657,0.0,0.4992621880111665,0.0,0.0,0.0,0.0,0.0,0.0,0.0,0.0,0.0,0.0,0.0,0.0,0.0,0.0,0.0,0.0,0.0,0.0,0.0,0.4992621880111665,0.0,0.0,0.0,0.0,0.0,E10
5.0,0.0,22.0,27.0,0.0,0.23836634715786661,0.29376506859060325,0.0,0.2062718063434884,0.29376506859060325,0.0,0.0,0.0,0.0,0.0,0.0,0.0,0.0,0.0,0.0,0.0,0.0,0.0,0.23836634715786661,0.0,0.2184207112050361,0.6647221778892567,0.0,0.0,0.0,0.0,0.0,0.0,0.0,0.0,0.0,0.0,0.0,0.0,0.0,0.0,0.0,0.22577317524360016,0.0,0.0,0.0,0.0,0.0,0.0,0.21067618968495705,0.29376506859060325,0.0,0.0,0.0,E6
5.0,0.0,22.0,29.0,0.34250473594468295,0.0,0.0,0.34250473594468295,0.17804883619906542,0.0,0.0,0.0,0.0,0.0,0.0,0.0,0.0,0.0,0.0,0.0,0.0,0.0,0.0,0.0,0.0,0.1885354771512937,0.09562868549261504,0.0,0.0,0.34250473594468295,0.0,0.0,0.0,0.0,0.0,0.5805692633715309,0.0,0.0,0.0,0.34250473594468295,0.0,0.0,0.0,0.0,0.0,0.0,0.0,0.0,0.0,0.0,0.0,0.34250473594468295,0.0,0.0,E7
5.0,0.0,22.0,29.0,0.0,0.22135968273463763,0.27280588538225176,0.0,0.19155498313298006,0.27280588538225176,0.0,0.0,0.0,0.0,0.0,0.0,0.0,0.0,0.0,0.0,0.0,0.0,0.0,0.22135968273463763,0.0,0.20283710310415376,0.7201791451902878,0.0,0.0,0.0,0.0,0.0,0.0,0.0,0.0,0.0,0.0,0.0,0.0,0.0,0.0,0.0,0.20966499272154374,0.0,0.0,0.0,0.0,0.0,0.0,0.19564512803276962,0.27280588538225176,0.0,0.0,0.0,E6
5.0,0.0,22.0,29.0,0.0,0.22135968273463763,0.27280588538225176,0.0,0.19155498313298006,0.27280588538225176,0.0,0.0,0.0,0.0,0.0,0.0,0.0,0.0,0.0,0.0,0.0,0.0,0.0,0.22135968273463763,0.0,0.20283710310415376,0.7201791451902878,0.0,0.0,0.0,0.0,0.0,0.0,0.0,0.0,0.0,0.0,0.0,0.0,0.0,0.0,0.0,0.20966499272154374,0.0,0.0,0.0,0.0,0.0,0.0,0.19564512803276962,0.27280588538225176,0.0,0.0,0.0,E6
3.0,0.0,22.0,30.0,0.0,0.0,0.0,0.0,0.2578159997202256,0.0,0.0,0.0,0.0,0.0,0.0,0.0,0.0,0.0,0.0,0.37650544316290596,0.0,0.0,0.0,0.0,0.0,0.0,0.6923551335276573,0.30280470815490756,0.0,0.0,0.0,0.0,0.0,0.0,0.0,0.0,0.0,0.37562851461197616,0.0,0.0,0.0,0.0,0.2821904646944785,0.0,0.0,0.0,0.0,0.0,0.0,0.0,0.0,0.0,0.0,0.0,E11
2.0,0.0,22.0,30.0,0.0,0.0,0.0,0.0,0.1661483052439899,0.0,0.0,0.0,0.0,0.0,0.24207202490079238,0.0,0.0,0.0,0.0,0.0,0.0,0.0,0.0,0.0,0.0,0.0,0.892370001764264,0.0,0.0,0.0,0.0,0.0,0.0,0.0,0.0,0.0,0.0,0.0,0.2426371573701316,0.0,0.0,0.0,0.0,0.24207202490079238,0.0,0.0,0.0,0.0,0.0,0.0,0.0,0.0,0.0,0.0,E13
3.0,0.0,22.0,30.0,0.0,0.0,0.0,0.0,0.23428947065061007,0.0,0.0,0.0,0.0,0.0,0.0,0.0,0.0,0.0,0.0,0.3421481252964706,0.0,0.0,0.0,0.0,0.0,0.0,0.7550106335330056,0.2751728165091075,0.0,0.0,0.0,0.0,0.0,0.0,0.0,0.0,0.0,0.34135121926186185,0.0,0.0,0.0,0.0,0.2564396882569906,0.0,0.0,0.0,0.0,0.0,0.0,0.0,0.0,0.0,0.0,0.0,E11
2.0,0.0,22.0,31.0,0.0,0.0,0.0,0.0,0.15378644268229635,0.0,0.0,0.0,0.0,0.0,0.22406124171850228,0.0,0.0,0.0,0.0,0.0,0.0,0.0,0.0,0.0,0.0,0.0,0.908572908515739,0.0,0.0,0.0,0.0,0.0,0.0,0.0,0.0,0.0,0.0,0.0,0.2245843268741186,0.0,0.0,0.0,0.0,0.22406124171850228,0.0,0.0,0.0,0.0,0.0,0.0,0.0,0.0,0.0,0.0,E13
2.0,0.0,22.0,31.0,0.0,0.0,0.0,0.0,0.1661483052439899,0.0,0.0,0.0,0.0,0.0,0.24207202490079238,0.0,0.0,0.0,0.0,0.0,0.0,0.0,0.0,0.0,0.0,0.0,0.892370001764264,0.0,0.0,0.0,0.0,0.0,0.0,0.0,0.0,0.0,0.0,0.0,0.2426371573701316,0.0,0.0,0.0,0.0,0.24207202490079238,0.0,0.0,0.0,0.0,0.0,0.0,0.0,0.0,0.0,0.0,E13
5.0,0.0,22.0,32.0,0.0,0.23836634715786661,0.29376506859060325,0.0,0.2062718063434884,0.29376506859060325,0.0,0.0,0.0,0.0,0.0,0.0,0.0,0.0,0.0,0.0,0.0,0.0,0.0,0.23836634715786661,0.0,0.2184207112050361,0.6647221778892567,0.0,0.0,0.0,0.0,0.0,0.0,0.0,0.0,0.0,0.0,0.0,0.0,0.0,0.0,0.0,0.22577317524360016,0.0,0.0,0.0,0.0,0.0,0.0,0.21067618968495705,0.29376506859060325,0.0,0.0,0.0,E6
2.0,0.0,22.0,33.0,0.0,0.0,0.0,0.0,0.1661483052439899,0.0,0.0,0.0,0.0,0.0,0.24207202490079238,0.0,0.0,0.0,0.0,0.0,0.0,0.0,0.0,0.0,0.0,0.0,0.892370001764264,0.0,0.0,0.0,0.0,0.0,0.0,0.0,0.0,0.0,0.0,0.0,0.2426371573701316,0.0,0.0,0.0,0.0,0.24207202490079238,0.0,0.0,0.0,0.0,0.0,0.0,0.0,0.0,0.0,0.0,E13
3.0,0.0,22.0,34.0,0.0,0.0,0.0,0.0,0.23428947065061007,0.0,0.0,0.0,0.0,0.0,0.0,0.0,0.0,0.0,0.0,0.3421481252964706,0.0,0.0,0.0,0.0,0.0,0.0,0.7550106335330056,0.2751728165091075,0.0,0.0,0.0,0.0,0.0,0.0,0.0,0.0,0.0,0.34135121926186185,0.0,0.0,0.0,0.0,0.2564396882569906,0.0,0.0,0.0,0.0,0.0,0.0,0.0,0.0,0.0,0.0,0.0,E11
5.0,0.0,22.0,36.0,0.0,0.22135968273463763,0.27280588538225176,0.0,0.19155498313298006,0.27280588538225176,0.0,0.0,0.0,0.0,0.0,0.0,0.0,0.0,0.0,0.0,0.0,0.0,0.0,0.22135968273463763,0.0,0.20283710310415376,0.7201791451902878,0.0,0.0,0.0,0.0,0.0,0.0,0.0,0.0,0.0,0.0,0.0,0.0,0.0,0.0,0.0,0.20966499272154374,0.0,0.0,0.0,0.0,0.0,0.0,0.19564512803276962,0.27280588538225176,0.0,0.0,0.0,E6
3.0,0.0,22.0,36.0,0.0,0.0,0.0,0.0,0.23428947065061007,0.0,0.0,0.0,0.0,0.0,0.0,0.0,0.0,0.0,0.0,0.3421481252964706,0.0,0.0,0.0,0.0,0.0,0.0,0.7550106335330056,0.2751728165091075,0.0,0.0,0.0,0.0,0.0,0.0,0.0,0.0,0.0,0.34135121926186185,0.0,0.0,0.0,0.0,0.2564396882569906,0.0,0.0,0.0,0.0,0.0,0.0,0.0,0.0,0.0,0.0,0.0,E11
3.0,0.0,22.0,38.0,0.0,0.0,0.0,0.0,0.2578159997202256,0.0,0.0,0.0,0.0,0.0,0.0,0.0,0.0,0.0,0.0,0.37650544316290596,0.0,0.0,0.0,0.0,0.0,0.0,0.6923551335276573,0.30280470815490756,0.0,0.0,0.0,0.0,0.0,0.0,0.0,0.0,0.0,0.37562851461197616,0.0,0.0,0.0,0.0,0.2821904646944785,0.0,0.0,0.0,0.0,0.0,0.0,0.0,0.0,0.0,0.0,0.0,E11
2.0,0.0,22.0,38.0,0.0,0.0,0.0,0.0,0.15378644268229635,0.0,0.0,0.0,0.0,0.0,0.22406124171850228,0.0,0.0,0.0,0.0,0.0,0.0,0.0,0.0,0.0,0.0,0.0,0.908572908515739,0.0,0.0,0.0,0.0,0.0,0.0,0.0,0.0,0.0,0.0,0.0,0.2245843268741186,0.0,0.0,0.0,0.0,0.22406124171850228,0.0,0.0,0.0,0.0,0.0,0.0,0.0,0.0,0.0,0.0,E13
2.0,0.0,22.0,38.0,0.0,0.0,0.0,0.0,0.1661483052439899,0.0,0.0,0.0,0.0,0.0,0.24207202490079238,0.0,0.0,0.0,0.0,0.0,0.0,0.0,0.0,0.0,0.0,0.0,0.892370001764264,0.0,0.0,0.0,0.0,0.0,0.0,0.0,0.0,0.0,0.0,0.0,0.2426371573701316,0.0,0.0,0.0,0.0,0.24207202490079238,0.0,0.0,0.0,0.0,0.0,0.0,0.0,0.0,0.0,0.0,E13
5.0,0.0,22.0,38.0,0.0,0.22135968273463763,0.27280588538225176,0.0,0.19155498313298006,0.27280588538225176,0.0,0.0,0.0,0.0,0.0,0.0,0.0,0.0,0.0,0.0,0.0,0.0,0.0,0.22135968273463763,0.0,0.20283710310415376,0.7201791451902878,0.0,0.0,0.0,0.0,0.0,0.0,0.0,0.0,0.0,0.0,0.0,0.0,0.0,0.0,0.0,0.20966499272154374,0.0,0.0,0.0,0.0,0.0,0.0,0.19564512803276962,0.27280588538225176,0.0,0.0,0.0,E6
2.0,0.0,22.0,39.0,0.0,0.0,0.0,0.0,0.1661483052439899,0.0,0.0,0.0,0.0,0.0,0.24207202490079238,0.0,0.0,0.0,0.0,0.0,0.0,0.0,0.0,0.0,0.0,0.0,0.892370001764264,0.0,0.0,0.0,0.0,0.0,0.0,0.0,0.0,0.0,0.0,0.0,0.2426371573701316,0.0,0.0,0.0,0.0,0.24207202490079238,0.0,0.0,0.0,0.0,0.0,0.0,0.0,0.0,0.0,0.0,E13
3.0,0.0,22.0,40.0,0.0,0.0,0.0,0.0,0.3694506407597979,0.0,0.0,0.0,0.0,0.0,0.0,0.0,0.0,0.0,0.516449045413519,0.0,0.0,0.0,0.0,0.0,0.0,0.0,0.19842914946528173,0.0,0.5279263585842844,0.0,0.0,0.0,0.0,0.0,0.0,0.0,0.0,0.0,0.0,0.0,0.0,0.0,0.0,0.0,0.0,0.0,0.0,0.0,0.5279263585842844,0.0,0.0,0.0,0.0,0.0,E10
5.0,0.0,22.0,41.0,0.0,0.22135968273463763,0.27280588538225176,0.0,0.19155498313298006,0.27280588538225176,0.0,0.0,0.0,0.0,0.0,0.0,0.0,0.0,0.0,0.0,0.0,0.0,0.0,0.22135968273463763,0.0,0.20283710310415376,0.7201791451902878,0.0,0.0,0.0,0.0,0.0,0.0,0.0,0.0,0.0,0.0,0.0,0.0,0.0,0.0,0.0,0.20966499272154374,0.0,0.0,0.0,0.0,0.0,0.0,0.19564512803276962,0.27280588538225176,0.0,0.0,0.0,E6
2.0,0.0,22.0,42.0,0.0,0.0,0.0,0.0,0.15378644268229635,0.0,0.0,0.0,0.0,0.0,0.22406124171850228,0.0,0.0,0.0,0.0,0.0,0.0,0.0,0.0,0.0,0.0,0.0,0.908572908515739,0.0,0.0,0.0,0.0,0.0,0.0,0.0,0.0,0.0,0.0,0.0,0.2245843268741186,0.0,0.0,0.0,0.0,0.22406124171850228,0.0,0.0,0.0,0.0,0.0,0.0,0.0,0.0,0.0,0.0,E13
5.0,0.0,22.0,42.0,0.0,0.22135968273463763,0.27280588538225176,0.0,0.19155498313298006,0.27280588538225176,0.0,0.0,0.0,0.0,0.0,0.0,0.0,0.0,0.0,0.0,0.0,0.0,0.0,0.22135968273463763,0.0,0.20283710310415376,0.7201791451902878,0.0,0.0,0.0,0.0,0.0,0.0,0.0,0.0,0.0,0.0,0.0,0.0,0.0,0.0,0.0,0.20966499272154374,0.0,0.0,0.0,0.0,0.0,0.0,0.19564512803276962,0.27280588538225176,0.0,0.0,0.0,E6
5.0,0.0,22.0,42.0,0.0,0.23836634715786661,0.29376506859060325,0.0,0.2062718063434884,0.29376506859060325,0.0,0.0,0.0,0.0,0.0,0.0,0.0,0.0,0.0,0.0,0.0,0.0,0.0,0.23836634715786661,0.0,0.2184207112050361,0.6647221778892567,0.0,0.0,0.0,0.0,0.0,0.0,0.0,0.0,0.0,0.0,0.0,0.0,0.0,0.0,0.0,0.22577317524360016,0.0,0.0,0.0,0.0,0.0,0.0,0.21067618968495705,0.29376506859060325,0.0,0.0,0.0,E6
5.0,0.0,22.0,43.0,0.0,0.23836634715786661,0.29376506859060325,0.0,0.2062718063434884,0.29376506859060325,0.0,0.0,0.0,0.0,0.0,0.0,0.0,0.0,0.0,0.0,0.0,0.0,0.0,0.23836634715786661,0.0,0.2184207112050361,0.6647221778892567,0.0,0.0,0.0,0.0,0.0,0.0,0.0,0.0,0.0,0.0,0.0,0.0,0.0,0.0,0.0,0.22577317524360016,0.0,0.0,0.0,0.0,0.0,0.0,0.21067618968495705,0.29376506859060325,0.0,0.0,0.0,E6
3.0,0.0,22.0,44.0,0.0,0.0,0.0,0.0,0.34939103204185995,0.0,0.0,0.0,0.0,0.0,0.0,0.0,0.0,0.0,0.48840804444937863,0.0,0.0,0.0,0.0,0.0,0.0,0.0,0.37531057018216657,0.0,0.4992621880111665,0.0,0.0,0.0,0.0,0.0,0.0,0.0,0.0,0.0,0.0,0.0,0.0,0.0,0.0,0.0,0.0,0.0,0.0,0.0,0.4992621880111665,0.0,0.0,0.0,0.0,0.0,E10
5.0,0.0,22.0,45.0,0.0,0.23836634715786661,0.29376506859060325,0.0,0.2062718063434884,0.29376506859060325,0.0,0.0,0.0,0.0,0.0,0.0,0.0,0.0,0.0,0.0,0.0,0.0,0.0,0.23836634715786661,0.0,0.2184207112050361,0.6647221778892567,0.0,0.0,0.0,0.0,0.0,0.0,0.0,0.0,0.0,0.0,0.0,0.0,0.0,0.0,0.0,0.22577317524360016,0.0,0.0,0.0,0.0,0.0,0.0,0.21067618968495705,0.29376506859060325,0.0,0.0,0.0,E6
2.0,0.0,22.0,46.0,0.0,0.0,0.0,0.0,0.15378644268229635,0.0,0.0,0.0,0.0,0.0,0.22406124171850228,0.0,0.0,0.0,0.0,0.0,0.0,0.0,0.0,0.0,0.0,0.0,0.908572908515739,0.0,0.0,0.0,0.0,0.0,0.0,0.0,0.0,0.0,0.0,0.0,0.2245843268741186,0.0,0.0,0.0,0.0,0.22406124171850228,0.0,0.0,0.0,0.0,0.0,0.0,0.0,0.0,0.0,0.0,E13
3.0,0.0,22.0,46.0,0.0,0.0,0.0,0.0,0.2578159997202256,0.0,0.0,0.0,0.0,0.0,0.0,0.0,0.0,0.0,0.0,0.37650544316290596,0.0,0.0,0.0,0.0,0.0,0.0,0.6923551335276573,0.30280470815490756,0.0,0.0,0.0,0.0,0.0,0.0,0.0,0.0,0.0,0.37562851461197616,0.0,0.0,0.0,0.0,0.2821904646944785,0.0,0.0,0.0,0.0,0.0,0.0,0.0,0.0,0.0,0.0,0.0,E11
3.0,0.0,22.0,46.0,0.0,0.0,0.0,0.0,0.3694506407597979,0.0,0.0,0.0,0.0,0.0,0.0,0.0,0.0,0.0,0.516449045413519,0.0,0.0,0.0,0.0,0.0,0.0,0.0,0.19842914946528173,0.0,0.5279263585842844,0.0,0.0,0.0,0.0,0.0,0.0,0.0,0.0,0.0,0.0,0.0,0.0,0.0,0.0,0.0,0.0,0.0,0.0,0.0,0.5279263585842844,0.0,0.0,0.0,0.0,0.0,E10
3.0,0.0,22.0,46.0,0.0,0.0,0.0,0.0,0.2578159997202256,0.0,0.0,0.0,0.0,0.0,0.0,0.0,0.0,0.0,0.0,0.37650544316290596,0.0,0.0,0.0,0.0,0.0,0.0,0.6923551335276573,0.30280470815490756,0.0,0.0,0.0,0.0,0.0,0.0,0.0,0.0,0.0,0.37562851461197616,0.0,0.0,0.0,0.0,0.2821904646944785,0.0,0.0,0.0,0.0,0.0,0.0,0.0,0.0,0.0,0.0,0.0,E11
3.0,0.0,22.0,47.0,0.0,0.0,0.0,0.0,0.3694506407597979,0.0,0.0,0.0,0.0,0.0,0.0,0.0,0.0,0.0,0.516449045413519,0.0,0.0,0.0,0.0,0.0,0.0,0.0,0.19842914946528173,0.0,0.5279263585842844,0.0,0.0,0.0,0.0,0.0,0.0,0.0,0.0,0.0,0.0,0.0,0.0,0.0,0.0,0.0,0.0,0.0,0.0,0.0,0.5279263585842844,0.0,0.0,0.0,0.0,0.0,E10
3.0,0.0,22.0,47.0,0.0,0.0,0.0,0.0,0.23428947065061007,0.0,0.0,0.0,0.0,0.0,0.0,0.0,0.0,0.0,0.0,0.3421481252964706,0.0,0.0,0.0,0.0,0.0,0.0,0.7550106335330056,0.2751728165091075,0.0,0.0,0.0,0.0,0.0,0.0,0.0,0.0,0.0,0.34135121926186185,0.0,0.0,0.0,0.0,0.2564396882569906,0.0,0.0,0.0,0.0,0.0,0.0,0.0,0.0,0.0,0.0,0.0,E11
5.0,0.0,22.0,47.0,0.34250473594468295,0.0,0.0,0.34250473594468295,0.17804883619906542,0.0,0.0,0.0,0.0,0.0,0.0,0.0,0.0,0.0,0.0,0.0,0.0,0.0,0.0,0.0,0.0,0.1885354771512937,0.09562868549261504,0.0,0.0,0.34250473594468295,0.0,0.0,0.0,0.0,0.0,0.5805692633715309,0.0,0.0,0.0,0.34250473594468295,0.0,0.0,0.0,0.0,0.0,0.0,0.0,0.0,0.0,0.0,0.0,0.34250473594468295,0.0,0.0,E7
3.0,0.0,22.0,48.0,0.0,0.0,0.0,0.0,0.3694506407597979,0.0,0.0,0.0,0.0,0.0,0.0,0.0,0.0,0.0,0.516449045413519,0.0,0.0,0.0,0.0,0.0,0.0,0.0,0.19842914946528173,0.0,0.5279263585842844,0.0,0.0,0.0,0.0,0.0,0.0,0.0,0.0,0.0,0.0,0.0,0.0,0.0,0.0,0.0,0.0,0.0,0.0,0.0,0.5279263585842844,0.0,0.0,0.0,0.0,0.0,E10
5.0,0.0,22.0,49.0,0.34250473594468295,0.0,0.0,0.34250473594468295,0.17804883619906542,0.0,0.0,0.0,0.0,0.0,0.0,0.0,0.0,0.0,0.0,0.0,0.0,0.0,0.0,0.0,0.0,0.1885354771512937,0.09562868549261504,0.0,0.0,0.34250473594468295,0.0,0.0,0.0,0.0,0.0,0.5805692633715309,0.0,0.0,0.0,0.34250473594468295,0.0,0.0,0.0,0.0,0.0,0.0,0.0,0.0,0.0,0.0,0.0,0.34250473594468295,0.0,0.0,E7
5.0,0.0,22.0,49.0,0.0,0.22135968273463763,0.27280588538225176,0.0,0.19155498313298006,0.27280588538225176,0.0,0.0,0.0,0.0,0.0,0.0,0.0,0.0,0.0,0.0,0.0,0.0,0.0,0.22135968273463763,0.0,0.20283710310415376,0.7201791451902878,0.0,0.0,0.0,0.0,0.0,0.0,0.0,0.0,0.0,0.0,0.0,0.0,0.0,0.0,0.0,0.20966499272154374,0.0,0.0,0.0,0.0,0.0,0.0,0.19564512803276962,0.27280588538225176,0.0,0.0,0.0,E6
2.0,0.0,22.0,49.0,0.0,0.0,0.0,0.0,0.15378644268229635,0.0,0.0,0.0,0.0,0.0,0.22406124171850228,0.0,0.0,0.0,0.0,0.0,0.0,0.0,0.0,0.0,0.0,0.0,0.908572908515739,0.0,0.0,0.0,0.0,0.0,0.0,0.0,0.0,0.0,0.0,0.0,0.2245843268741186,0.0,0.0,0.0,0.0,0.22406124171850228,0.0,0.0,0.0,0.0,0.0,0.0,0.0,0.0,0.0,0.0,E13
2.0,0.0,22.0,50.0,0.0,0.0,0.0,0.0,0.1661483052439899,0.0,0.0,0.0,0.0,0.0,0.24207202490079238,0.0,0.0,0.0,0.0,0.0,0.0,0.0,0.0,0.0,0.0,0.0,0.892370001764264,0.0,0.0,0.0,0.0,0.0,0.0,0.0,0.0,0.0,0.0,0.0,0.2426371573701316,0.0,0.0,0.0,0.0,0.24207202490079238,0.0,0.0,0.0,0.0,0.0,0.0,0.0,0.0,0.0,0.0,E13
3.0,0.0,22.0,51.0,0.0,0.0,0.0,0.0,0.2578159997202256,0.0,0.0,0.0,0.0,0.0,0.0,0.0,0.0,0.0,0.0,0.37650544316290596,0.0,0.0,0.0,0.0,0.0,0.0,0.6923551335276573,0.30280470815490756,0.0,0.0,0.0,0.0,0.0,0.0,0.0,0.0,0.0,0.37562851461197616,0.0,0.0,0.0,0.0,0.2821904646944785,0.0,0.0,0.0,0.0,0.0,0.0,0.0,0.0,0.0,0.0,0.0,E11
3.0,0.0,22.0,52.0,0.0,0.0,0.0,0.0,0.23428947065061007,0.0,0.0,0.0,0.0,0.0,0.0,0.0,0.0,0.0,0.0,0.3421481252964706,0.0,0.0,0.0,0.0,0.0,0.0,0.7550106335330056,0.2751728165091075,0.0,0.0,0.0,0.0,0.0,0.0,0.0,0.0,0.0,0.34135121926186185,0.0,0.0,0.0,0.0,0.2564396882569906,0.0,0.0,0.0,0.0,0.0,0.0,0.0,0.0,0.0,0.0,0.0,E11
3.0,0.0,22.0,53.0,0.0,0.0,0.0,0.0,0.23428947065061007,0.0,0.0,0.0,0.0,0.0,0.0,0.0,0.0,0.0,0.0,0.3421481252964706,0.0,0.0,0.0,0.0,0.0,0.0,0.7550106335330056,0.2751728165091075,0.0,0.0,0.0,0.0,0.0,0.0,0.0,0.0,0.0,0.34135121926186185,0.0,0.0,0.0,0.0,0.2564396882569906,0.0,0.0,0.0,0.0,0.0,0.0,0.0,0.0,0.0,0.0,0.0,E11
5.0,0.0,22.0,53.0,0.0,0.23836634715786661,0.29376506859060325,0.0,0.2062718063434884,0.29376506859060325,0.0,0.0,0.0,0.0,0.0,0.0,0.0,0.0,0.0,0.0,0.0,0.0,0.0,0.23836634715786661,0.0,0.2184207112050361,0.6647221778892567,0.0,0.0,0.0,0.0,0.0,0.0,0.0,0.0,0.0,0.0,0.0,0.0,0.0,0.0,0.0,0.22577317524360016,0.0,0.0,0.0,0.0,0.0,0.0,0.21067618968495705,0.29376506859060325,0.0,0.0,0.0,E6
5.0,0.0,22.0,54.0,0.0,0.22135968273463763,0.27280588538225176,0.0,0.19155498313298006,0.27280588538225176,0.0,0.0,0.0,0.0,0.0,0.0,0.0,0.0,0.0,0.0,0.0,0.0,0.0,0.22135968273463763,0.0,0.20283710310415376,0.7201791451902878,0.0,0.0,0.0,0.0,0.0,0.0,0.0,0.0,0.0,0.0,0.0,0.0,0.0,0.0,0.0,0.20966499272154374,0.0,0.0,0.0,0.0,0.0,0.0,0.19564512803276962,0.27280588538225176,0.0,0.0,0.0,E6
3.0,0.0,22.0,54.0,0.0,0.0,0.0,0.0,0.23428947065061007,0.0,0.0,0.0,0.0,0.0,0.0,0.0,0.0,0.0,0.0,0.3421481252964706,0.0,0.0,0.0,0.0,0.0,0.0,0.7550106335330056,0.2751728165091075,0.0,0.0,0.0,0.0,0.0,0.0,0.0,0.0,0.0,0.34135121926186185,0.0,0.0,0.0,0.0,0.2564396882569906,0.0,0.0,0.0,0.0,0.0,0.0,0.0,0.0,0.0,0.0,0.0,E11
3.0,0.0,22.0,56.0,0.0,0.0,0.0,0.0,0.2578159997202256,0.0,0.0,0.0,0.0,0.0,0.0,0.0,0.0,0.0,0.0,0.37650544316290596,0.0,0.0,0.0,0.0,0.0,0.0,0.6923551335276573,0.30280470815490756,0.0,0.0,0.0,0.0,0.0,0.0,0.0,0.0,0.0,0.37562851461197616,0.0,0.0,0.0,0.0,0.2821904646944785,0.0,0.0,0.0,0.0,0.0,0.0,0.0,0.0,0.0,0.0,0.0,E11
5.0,0.0,22.0,57.0,0.34250473594468295,0.0,0.0,0.34250473594468295,0.17804883619906542,0.0,0.0,0.0,0.0,0.0,0.0,0.0,0.0,0.0,0.0,0.0,0.0,0.0,0.0,0.0,0.0,0.1885354771512937,0.09562868549261504,0.0,0.0,0.34250473594468295,0.0,0.0,0.0,0.0,0.0,0.5805692633715309,0.0,0.0,0.0,0.34250473594468295,0.0,0.0,0.0,0.0,0.0,0.0,0.0,0.0,0.0,0.0,0.0,0.34250473594468295,0.0,0.0,E7
2.0,0.0,22.0,58.0,0.0,0.0,0.0,0.0,0.15378644268229635,0.0,0.0,0.0,0.0,0.0,0.22406124171850228,0.0,0.0,0.0,0.0,0.0,0.0,0.0,0.0,0.0,0.0,0.0,0.908572908515739,0.0,0.0,0.0,0.0,0.0,0.0,0.0,0.0,0.0,0.0,0.0,0.2245843268741186,0.0,0.0,0.0,0.0,0.22406124171850228,0.0,0.0,0.0,0.0,0.0,0.0,0.0,0.0,0.0,0.0,E13
2.0,0.0,22.0,59.0,0.0,0.0,0.0,0.0,0.15378644268229635,0.0,0.0,0.0,0.0,0.0,0.22406124171850228,0.0,0.0,0.0,0.0,0.0,0.0,0.0,0.0,0.0,0.0,0.0,0.908572908515739,0.0,0.0,0.0,0.0,0.0,0.0,0.0,0.0,0.0,0.0,0.0,0.2245843268741186,0.0,0.0,0.0,0.0,0.22406124171850228,0.0,0.0,0.0,0.0,0.0,0.0,0.0,0.0,0.0,0.0,E13
5.0,0.0,22.0,59.0,0.0,0.23836634715786661,0.29376506859060325,0.0,0.2062718063434884,0.29376506859060325,0.0,0.0,0.0,0.0,0.0,0.0,0.0,0.0,0.0,0.0,0.0,0.0,0.0,0.23836634715786661,0.0,0.2184207112050361,0.6647221778892567,0.0,0.0,0.0,0.0,0.0,0.0,0.0,0.0,0.0,0.0,0.0,0.0,0.0,0.0,0.0,0.22577317524360016,0.0,0.0,0.0,0.0,0.0,0.0,0.21067618968495705,0.29376506859060325,0.0,0.0,0.0,E6
0.0,0.0,23.0,1.0,0.0,0.0,0.0,0.0,0.11904505988018863,0.0,0.0,0.0,0.0,0.0,0.0,0.0,0.0,0.0,0.33282230833260856,0.0,0.0,0.0,0.0,0.0,0.0,0.0,0.0,0.0,0.0,0.0,0.0,0.0,0.0,0.0,0.0,0.0,0.0,0.0,0.0,0.0,0.0,0.0,0.0,0.0,0.0,0.0,0.0,0.6614595924144862,0.0,0.0,0.0,0.0,0.6614595924144862,0.0,E14
5.0,0.0,23.0,2.0,0.0,0.22135968273463763,0.27280588538225176,0.0,0.19155498313298006,0.27280588538225176,0.0,0.0,0.0,0.0,0.0,0.0,0.0,0.0,0.0,0.0,0.0,0.0,0.0,0.22135968273463763,0.0,0.20283710310415376,0.7201791451902878,0.0,0.0,0.0,0.0,0.0,0.0,0.0,0.0,0.0,0.0,0.0,0.0,0.0,0.0,0.0,0.20966499272154374,0.0,0.0,0.0,0.0,0.0,0.0,0.19564512803276962,0.27280588538225176,0.0,0.0,0.0,E6
3.0,0.0,23.0,3.0,0.0,0.0,0.0,0.0,0.3694506407597979,0.0,0.0,0.0,0.0,0.0,0.0,0.0,0.0,0.0,0.516449045413519,0.0,0.0,0.0,0.0,0.0,0.0,0.0,0.19842914946528173,0.0,0.5279263585842844,0.0,0.0,0.0,0.0,0.0,0.0,0.0,0.0,0.0,0.0,0.0,0.0,0.0,0.0,0.0,0.0,0.0,0.0,0.0,0.5279263585842844,0.0,0.0,0.0,0.0,0.0,E10
3.0,0.0,23.0,3.0,0.0,0.0,0.0,0.0,0.34939103204185995,0.0,0.0,0.0,0.0,0.0,0.0,0.0,0.0,0.0,0.48840804444937863,0.0,0.0,0.0,0.0,0.0,0.0,0.0,0.37531057018216657,0.0,0.4992621880111665,0.0,0.0,0.0,0.0,0.0,0.0,0.0,0.0,0.0,0.0,0.0,0.0,0.0,0.0,0.0,0.0,0.0,0.0,0.0,0.4992621880111665,0.0,0.0,0.0,0.0,0.0,E10
5.0,0.0,23.0,3.0,0.0,0.22135968273463763,0.27280588538225176,0.0,0.19155498313298006,0.27280588538225176,0.0,0.0,0.0,0.0,0.0,0.0,0.0,0.0,0.0,0.0,0.0,0.0,0.0,0.22135968273463763,0.0,0.20283710310415376,0.7201791451902878,0.0,0.0,0.0,0.0,0.0,0.0,0.0,0.0,0.0,0.0,0.0,0.0,0.0,0.0,0.0,0.20966499272154374,0.0,0.0,0.0,0.0,0.0,0.0,0.19564512803276962,0.27280588538225176,0.0,0.0,0.0,E6
3.0,0.0,23.0,4.0,0.0,0.0,0.0,0.0,0.34939103204185995,0.0,0.0,0.0,0.0,0.0,0.0,0.0,0.0,0.0,0.48840804444937863,0.0,0.0,0.0,0.0,0.0,0.0,0.0,0.37531057018216657,0.0,0.4992621880111665,0.0,0.0,0.0,0.0,0.0,0.0,0.0,0.0,0.0,0.0,0.0,0.0,0.0,0.0,0.0,0.0,0.0,0.0,0.0,0.4992621880111665,0.0,0.0,0.0,0.0,0.0,E10
5.0,0.0,23.0,5.0,0.0,0.22135968273463763,0.27280588538225176,0.0,0.19155498313298006,0.27280588538225176,0.0,0.0,0.0,0.0,0.0,0.0,0.0,0.0,0.0,0.0,0.0,0.0,0.0,0.22135968273463763,0.0,0.20283710310415376,0.7201791451902878,0.0,0.0,0.0,0.0,0.0,0.0,0.0,0.0,0.0,0.0,0.0,0.0,0.0,0.0,0.0,0.20966499272154374,0.0,0.0,0.0,0.0,0.0,0.0,0.19564512803276962,0.27280588538225176,0.0,0.0,0.0,E6
3.0,0.0,23.0,5.0,0.0,0.0,0.0,0.0,0.34939103204185995,0.0,0.0,0.0,0.0,0.0,0.0,0.0,0.0,0.0,0.48840804444937863,0.0,0.0,0.0,0.0,0.0,0.0,0.0,0.37531057018216657,0.0,0.4992621880111665,0.0,0.0,0.0,0.0,0.0,0.0,0.0,0.0,0.0,0.0,0.0,0.0,0.0,0.0,0.0,0.0,0.0,0.0,0.0,0.4992621880111665,0.0,0.0,0.0,0.0,0.0,E10
3.0,0.0,23.0,5.0,0.0,0.0,0.0,0.0,0.34939103204185995,0.0,0.0,0.0,0.0,0.0,0.0,0.0,0.0,0.0,0.48840804444937863,0.0,0.0,0.0,0.0,0.0,0.0,0.0,0.37531057018216657,0.0,0.4992621880111665,0.0,0.0,0.0,0.0,0.0,0.0,0.0,0.0,0.0,0.0,0.0,0.0,0.0,0.0,0.0,0.0,0.0,0.0,0.0,0.4992621880111665,0.0,0.0,0.0,0.0,0.0,E10
3.0,0.0,23.0,5.0,0.0,0.0,0.0,0.0,0.23428947065061007,0.0,0.0,0.0,0.0,0.0,0.0,0.0,0.0,0.0,0.0,0.3421481252964706,0.0,0.0,0.0,0.0,0.0,0.0,0.7550106335330056,0.2751728165091075,0.0,0.0,0.0,0.0,0.0,0.0,0.0,0.0,0.0,0.34135121926186185,0.0,0.0,0.0,0.0,0.2564396882569906,0.0,0.0,0.0,0.0,0.0,0.0,0.0,0.0,0.0,0.0,0.0,E11
3.0,0.0,23.0,6.0,0.0,0.0,0.0,0.0,0.3694506407597979,0.0,0.0,0.0,0.0,0.0,0.0,0.0,0.0,0.0,0.516449045413519,0.0,0.0,0.0,0.0,0.0,0.0,0.0,0.19842914946528173,0.0,0.5279263585842844,0.0,0.0,0.0,0.0,0.0,0.0,0.0,0.0,0.0,0.0,0.0,0.0,0.0,0.0,0.0,0.0,0.0,0.0,0.0,0.5279263585842844,0.0,0.0,0.0,0.0,0.0,E10
3.0,0.0,23.0,6.0,0.0,0.0,0.0,0.0,0.34939103204185995,0.0,0.0,0.0,0.0,0.0,0.0,0.0,0.0,0.0,0.48840804444937863,0.0,0.0,0.0,0.0,0.0,0.0,0.0,0.37531057018216657,0.0,0.4992621880111665,0.0,0.0,0.0,0.0,0.0,0.0,0.0,0.0,0.0,0.0,0.0,0.0,0.0,0.0,0.0,0.0,0.0,0.0,0.0,0.4992621880111665,0.0,0.0,0.0,0.0,0.0,E10
3.0,0.0,23.0,6.0,0.0,0.0,0.0,0.0,0.3694506407597979,0.0,0.0,0.0,0.0,0.0,0.0,0.0,0.0,0.0,0.516449045413519,0.0,0.0,0.0,0.0,0.0,0.0,0.0,0.19842914946528173,0.0,0.5279263585842844,0.0,0.0,0.0,0.0,0.0,0.0,0.0,0.0,0.0,0.0,0.0,0.0,0.0,0.0,0.0,0.0,0.0,0.0,0.0,0.5279263585842844,0.0,0.0,0.0,0.0,0.0,E10
5.0,0.0,23.0,8.0,0.0,0.23836634715786661,0.29376506859060325,0.0,0.2062718063434884,0.29376506859060325,0.0,0.0,0.0,0.0,0.0,0.0,0.0,0.0,0.0,0.0,0.0,0.0,0.0,0.23836634715786661,0.0,0.2184207112050361,0.6647221778892567,0.0,0.0,0.0,0.0,0.0,0.0,0.0,0.0,0.0,0.0,0.0,0.0,0.0,0.0,0.0,0.22577317524360016,0.0,0.0,0.0,0.0,0.0,0.0,0.21067618968495705,0.29376506859060325,0.0,0.0,0.0,E6
5.0,0.0,23.0,12.0,0.0,0.2428868481176099,0.0,0.0,0.21018365006497722,0.0,0.0,0.0,0.33238685715354443,0.0,0.0,0.0,0.0,0.0,0.0,0.0,0.0,0.0,0.33469666057283937,0.2428868481176099,0.0,0.22256295295351686,0.6773283082383573,0.2468605473900918,0.0,0.0,0.0,0.0,0.0,0.0,0.0,0.0,0.0,0.0,0.0,0.0,0.0,0.0,0.0,0.0,0.0,0.0,0.0,0.0,0.0,0.21467156037809929,0.0,0.0,0.0,0.0,E8
5.0,0.0,23.0,12.0,0.0,0.2428868481176099,0.0,0.0,0.21018365006497722,0.0,0.0,0.0,0.33238685715354443,0.0,0.0,0.0,0.0,0.0,0.0,0.0,0.0,0.0,0.33469666057283937,0.2428868481176099,0.0,0.22256295295351686,0.6773283082383573,0.2468605473900918,0.0,0.0,0.0,0.0,0.0,0.0,0.0,0.0,0.0,0.0,0.0,0.0,0.0,0.0,0.0,0.0,0.0,0.0,0.0,0.0,0.0,0.21467156037809929,0.0,0.0,0.0,0.0,E8
2.0,0.0,23.0,15.0,0.0,0.0,0.0,0.0,0.1682164468780759,0.0,0.0,0.0,0.0,0.0,0.0,0.0,0.0,0.0,0.0,0.0,0.0,0.0,0.0,0.0,0.0,0.0,0.9034778343175234,0.0,0.0,0.0,0.0,0.0,0.0,0.0,0.0,0.0,0.0,0.0,0.0,0.0,0.35484215053957024,0.0,0.0,0.0,0.0,0.0,0.0,0.0,0.0,0.1718082596881945,0.0,0.0,0.0,0.0,E1
2.0,1.0,23.0,19.0,0.0,0.0,0.0,0.0,0.0768291734180432,0.0,0.0,0.0,0.0,0.0,0.0,0.0,0.3231783304347308,0.0,0.0,0.0,0.3231783304347308,0.0,0.0,0.0,0.0,0.0,0.7427586404343122,0.0,0.0,0.0,0.0,0.0,0.0,0.0,0.0,0.0,0.0,0.0,0.0,0.0,0.0,0.3231783304347308,0.0,0.0,0.0,0.0,0.0,0.0,0.0,0.15693931031373926,0.0,0.0,0.0,0.3231783304347308,E3
2.0,1.0,23.0,19.0,0.0,0.0,0.0,0.0,0.07229371885362076,0.0,0.0,0.0,0.0,0.0,0.0,0.0,0.30410015259312995,0.0,0.0,0.0,0.30410015259312995,0.0,0.0,0.0,0.0,0.0,0.7765682102650805,0.0,0.0,0.0,0.0,0.0,0.0,0.0,0.0,0.0,0.0,0.0,0.0,0.0,0.0,0.30410015259312995,0.0,0.0,0.0,0.0,0.0,0.0,0.0,0.14767471615460706,0.0,0.0,0.0,0.30410015259312995,E3
2.0,0.0,23.0,27.0,0.0,0.0,0.0,0.0,0.1682164468780759,0.0,0.0,0.0,0.0,0.0,0.0,0.0,0.0,0.0,0.0,0.0,0.0,0.0,0.0,0.0,0.0,0.0,0.9034778343175234,0.0,0.0,0.0,0.0,0.0,0.0,0.0,0.0,0.0,0.0,0.0,0.0,0.0,0.35484215053957024,0.0,0.0,0.0,0.0,0.0,0.0,0.0,0.0,0.1718082596881945,0.0,0.0,0.0,0.0,E1
2.0,0.0,23.0,39.0,0.0,0.0,0.0,0.0,0.1682164468780759,0.0,0.0,0.0,0.0,0.0,0.0,0.0,0.0,0.0,0.0,0.0,0.0,0.0,0.0,0.0,0.0,0.0,0.9034778343175234,0.0,0.0,0.0,0.0,0.0,0.0,0.0,0.0,0.0,0.0,0.0,0.0,0.0,0.35484215053957024,0.0,0.0,0.0,0.0,0.0,0.0,0.0,0.0,0.1718082596881945,0.0,0.0,0.0,0.0,E1
2.0,1.0,23.0,39.0,0.0,0.0,0.0,0.0,0.07229371885362076,0.0,0.0,0.0,0.0,0.0,0.0,0.0,0.30410015259312995,0.0,0.0,0.0,0.30410015259312995,0.0,0.0,0.0,0.0,0.0,0.7765682102650805,0.0,0.0,0.0,0.0,0.0,0.0,0.0,0.0,0.0,0.0,0.0,0.0,0.0,0.0,0.30410015259312995,0.0,0.0,0.0,0.0,0.0,0.0,0.0,0.14767471615460706,0.0,0.0,0.0,0.30410015259312995,E3
2.0,0.0,23.0,54.0,0.0,0.0,0.0,0.0,0.18300530177572175,0.0,0.0,0.0,0.0,0.0,0.0,0.0,0.0,0.0,0.0,0.0,0.0,0.0,0.0,0.0,0.0,0.0,0.884616891552314,0.0,0.0,0.0,0.0,0.0,0.0,0.0,0.0,0.0,0.0,0.0,0.0,0.0,0.386038321742151,0.0,0.0,0.0,0.0,0.0,0.0,0.0,0.0,0.18691289107175582,0.0,0.0,0.0,0.0,E1
2.0,0.0,6.0,2.0,0.0,0.0,0.0,0.0,0.1682164468780759,0.0,0.0,0.0,0.0,0.0,0.0,0.0,0.0,0.0,0.0,0.0,0.0,0.0,0.0,0.0,0.0,0.0,0.9034778343175234,0.0,0.0,0.0,0.0,0.0,0.0,0.0,0.0,0.0,0.0,0.0,0.0,0.0,0.35484215053957024,0.0,0.0,0.0,0.0,0.0,0.0,0.0,0.0,0.1718082596881945,0.0,0.0,0.0,0.0,
2.0,0.0,9.0,3.0,0.0,0.0,0.0,0.0,0.1682164468780759,0.0,0.0,0.0,0.0,0.0,0.0,0.0,0.0,0.0,0.0,0.0,0.0,0.0,0.0,0.0,0.0,0.0,0.9034778343175234,0.0,0.0,0.0,0.0,0.0,0.0,0.0,0.0,0.0,0.0,0.0,0.0,0.0,0.35484215053957024,0.0,0.0,0.0,0.0,0.0,0.0,0.0,0.0,0.1718082596881945,0.0,0.0,0.0,0.0,E1
2.0,0.0,2.0,7.0,0.0,0.0,0.0,0.0,0.1682164468780759,0.0,0.0,0.0,0.0,0.0,0.0,0.0,0.0,0.0,0.0,0.0,0.0,0.0,0.0,0.0,0.0,0.0,0.9034778343175234,0.0,0.0,0.0,0.0,0.0,0.0,0.0,0.0,0.0,0.0,0.0,0.0,0.0,0.35484215053957024,0.0,0.0,0.0,0.0,0.0,0.0,0.0,0.0,0.1718082596881945,0.0,0.0,0.0,0.0,E1
2.0,1.0,4.0,10.0,0.0,0.0,0.0,0.0,0.0768291734180432,0.0,0.0,0.0,0.0,0.0,0.0,0.0,0.3231783304347308,0.0,0.0,0.0,0.3231783304347308,0.0,0.0,0.0,0.0,0.0,0.7427586404343122,0.0,0.0,0.0,0.0,0.0,0.0,0.0,0.0,0.0,0.0,0.0,0.0,0.0,0.0,0.3231783304347308,0.0,0.0,0.0,0.0,0.0,0.0,0.0,0.15693931031373926,0.0,0.0,0.0,0.3231783304347308,E1
2.0,0.0,4.0,6.0,0.0,0.0,0.0,0.0,0.18300530177572175,0.0,0.0,0.0,0.0,0.0,0.0,0.0,0.0,0.0,0.0,0.0,0.0,0.0,0.0,0.0,0.0,0.0,0.884616891552314,0.0,0.0,0.0,0.0,0.0,0.0,0.0,0.0,0.0,0.0,0.0,0.0,0.0,0.386038321742151,0.0,0.0,0.0,0.0,0.0,0.0,0.0,0.0,0.18691289107175582,0.0,0.0,0.0,0.0,E3
2.0,1.0,11.0,25.0,0.0,0.0,0.0,0.0,0.07229371885362076,0.0,0.0,0.0,0.0,0.0,0.0,0.0,0.30410015259312995,0.0,0.0,0.0,0.30410015259312995,0.0,0.0,0.0,0.0,0.0,0.7765682102650805,0.0,0.0,0.0,0.0,0.0,0.0,0.0,0.0,0.0,0.0,0.0,0.0,0.0,0.0,0.30410015259312995,0.0,0.0,0.0,0.0,0.0,0.0,0.0,0.14767471615460706,0.0,0.0,0.0,0.30410015259312995,E1
2.0,1.0,12.0,25.0,0.0,0.0,0.0,0.0,0.07229371885362076,0.0,0.0,0.0,0.0,0.0,0.0,0.0,0.30410015259312995,0.0,0.0,0.0,0.30410015259312995,0.0,0.0,0.0,0.0,0.0,0.7765682102650805,0.0,0.0,0.0,0.0,0.0,0.0,0.0,0.0,0.0,0.0,0.0,0.0,0.0,0.0,0.30410015259312995,0.0,0.0,0.0,0.0,0.0,0.0,0.0,0.14767471615460706,0.0,0.0,0.0,0.30410015259312995,E3
2.0,0.0,13.0,24.0,0.0,0.0,0.0,0.0,0.18300530177572175,0.0,0.0,0.0,0.0,0.0,0.0,0.0,0.0,0.0,0.0,0.0,0.0,0.0,0.0,0.0,0.0,0.0,0.884616891552314,0.0,0.0,0.0,0.0,0.0,0.0,0.0,0.0,0.0,0.0,0.0,0.0,0.0,0.386038321742151,0.0,0.0,0.0,0.0,0.0,0.0,0.0,0.0,0.18691289107175582,0.0,0.0,0.0,0.0,E3
2.0,0.0,13.0,32.0,0.0,0.0,0.0,0.0,0.18300530177572175,0.0,0.0,0.0,0.0,0.0,0.0,0.0,0.0,0.0,0.0,0.0,0.0,0.0,0.0,0.0,0.0,0.0,0.884616891552314,0.0,0.0,0.0,0.0,0.0,0.0,0.0,0.0,0.0,0.0,0.0,0.0,0.0,0.386038321742151,0.0,0.0,0.0,0.0,0.0,0.0,0.0,0.0,0.18691289107175582,0.0,0.0,0.0,0.0,E1
2.0,0.0,13.0,40.0,0.0,0.0,0.0,0.0,0.1682164468780759,0.0,0.0,0.0,0.0,0.0,0.0,0.0,0.0,0.0,0.0,0.0,0.0,0.0,0.0,0.0,0.0,0.0,0.9034778343175234,0.0,0.0,0.0,0.0,0.0,0.0,0.0,0.0,0.0,0.0,0.0,0.0,0.0,0.35484215053957024,0.0,0.0,0.0,0.0,0.0,0.0,0.0,0.0,0.1718082596881945,0.0,0.0,0.0,0.0,E1
2.0,1.0,14.0,43.0,0.0,0.0,0.0,0.0,0.07229371885362076,0.0,0.0,0.0,0.0,0.0,0.0,0.0,0.30410015259312995,0.0,0.0,0.0,0.30410015259312995,0.0,0.0,0.0,0.0,0.0,0.7765682102650805,0.0,0.0,0.0,0.0,0.0,0.0,0.0,0.0,0.0,0.0,0.0,0.0,0.0,0.0,0.30410015259312995,0.0,0.0,0.0,0.0,0.0,0.0,0.0,0.14767471615460706,0.0,0.0,0.0,0.30410015259312995,E1
2.0,0.0,20.0,7.0,0.0,0.0,0.0,0.0,0.1682164468780759,0.0,0.0,0.0,0.0,0.0,0.0,0.0,0.0,0.0,0.0,0.0,0.0,0.0,0.0,0.0,0.0,0.0,0.9034778343175234,0.0,0.0,0.0,0.0,0.0,0.0,0.0,0.0,0.0,0.0,0.0,0.0,0.0,0.35484215053957024,0.0,0.0,0.0,0.0,0.0,0.0,0.0,0.0,0.1718082596881945,0.0,0.0,0.0,0.0,E3
2.0,0.0,22.0,14.0,0.0,0.0,0.0,0.0,0.1682164468780759,0.0,0.0,0.0,0.0,0.0,0.0,0.0,0.0,0.0,0.0,0.0,0.0,0.0,0.0,0.0,0.0,0.0,0.9034778343175234,0.0,0.0,0.0,0.0,0.0,0.0,0.0,0.0,0.0,0.0,0.0,0.0,0.0,0.35484215053957024,0.0,0.0,0.0,0.0,0.0,0.0,0.0,0.0,0.1718082596881945,0.0,0.0,0.0,0.0,E1
5.0,0.0,23.0,1.0,0.0,0.2428868481176099,0.0,0.0,0.21018365006497722,0.0,0.0,0.0,0.33238685715354443,0.0,0.0,0.0,0.0,0.0,0.0,0.0,0.0,0.0,0.33469666057283937,0.2428868481176099,0.0,0.22256295295351686,0.6773283082383573,0.2468605473900918,0.0,0.0,0.0,0.0,0.0,0.0,0.0,0.0,0.0,0.0,0.0,0.0,0.0,0.0,0.0,0.0,0.0,0.0,0.0,0.0,0.0,0.21467156037809929,0.0,0.0,0.0,0.0,E1
5.0,0.0,23.0,1.0,0.0,0.2428868481176099,0.0,0.0,0.21018365006497722,0.0,0.0,0.0,0.33238685715354443,0.0,0.0,0.0,0.0,0.0,0.0,0.0,0.0,0.0,0.33469666057283937,0.2428868481176099,0.0,0.22256295295351686,0.6773283082383573,0.2468605473900918,0.0,0.0,0.0,0.0,0.0,0.0,0.0,0.0,0.0,0.0,0.0,0.0,0.0,0.0,0.0,0.0,0.0,0.0,0.0,0.0,0.0,0.21467156037809929,0.0,0.0,0.0,0.0,E8
5.0,0.0,23.0,1.0,0.0,0.2428868481176099,0.0,0.0,0.21018365006497722,0.0,0.0,0.0,0.33238685715354443,0.0,0.0,0.0,0.0,0.0,0.0,0.0,0.0,0.0,0.33469666057283937,0.2428868481176099,0.0,0.22256295295351686,0.6773283082383573,0.2468605473900918,0.0,0.0,0.0,0.0,0.0,0.0,0.0,0.0,0.0,0.0,0.0,0.0,0.0,0.0,0.0,0.0,0.0,0.0,0.0,0.0,0.0,0.21467156037809929,0.0,0.0,0.0,0.0,E8
5.0,0.0,23.0,1.0,0.0,0.2428868481176099,0.0,0.0,0.21018365006497722,0.0,0.0,0.0,0.33238685715354443,0.0,0.0,0.0,0.0,0.0,0.0,0.0,0.0,0.0,0.33469666057283937,0.2428868481176099,0.0,0.22256295295351686,0.6773283082383573,0.2468605473900918,0.0,0.0,0.0,0.0,0.0,0.0,0.0,0.0,0.0,0.0,0.0,0.0,0.0,0.0,0.0,0.0,0.0,0.0,0.0,0.0,0.0,0.21467156037809929,0.0,0.0,0.0,0.0,E8
5.0,0.0,23.0,1.0,0.0,0.2428868481176099,0.0,0.0,0.21018365006497722,0.0,0.0,0.0,0.33238685715354443,0.0,0.0,0.0,0.0,0.0,0.0,0.0,0.0,0.0,0.33469666057283937,0.2428868481176099,0.0,0.22256295295351686,0.6773283082383573,0.2468605473900918,0.0,0.0,0.0,0.0,0.0,0.0,0.0,0.0,0.0,0.0,0.0,0.0,0.0,0.0,0.0,0.0,0.0,0.0,0.0,0.0,0.0,0.21467156037809929,0.0,0.0,0.0,0.0,E8
5.0,0.0,23.0,1.0,0.0,0.26193916470232276,0.0,0.0,0.22667069114193747,0.0,0.0,0.0,0.35845965475525166,0.0,0.0,0.0,0.0,0.0,0.0,0.0,0.0,0.0,0.3609506417434961,0.26193916470232276,0.0,0.24002104042330735,0.6087155832170444,0.26622456539930955,0.0,0.0,0.0,0.0,0.0,0.0,0.0,0.0,0.0,0.0,0.0,0.0,0.0,0.0,0.0,0.0,0.0,0.0,0.0,0.0,0.0,0.2315106381699005,0.0,0.0,0.0,0.0,E8
5.0,0.0,23.0,1.0,0.0,0.26193916470232276,0.0,0.0,0.22667069114193747,0.0,0.0,0.0,0.35845965475525166,0.0,0.0,0.0,0.0,0.0,0.0,0.0,0.0,0.0,0.3609506417434961,0.26193916470232276,0.0,0.24002104042330735,0.6087155832170444,0.26622456539930955,0.0,0.0,0.0,0.0,0.0,0.0,0.0,0.0,0.0,0.0,0.0,0.0,0.0,0.0,0.0,0.0,0.0,0.0,0.0,0.0,0.0,0.2315106381699005,0.0,0.0,0.0,0.0,E8
5.0,0.0,23.0,1.0,0.0,0.2428868481176099,0.0,0.0,0.21018365006497722,0.0,0.0,0.0,0.33238685715354443,0.0,0.0,0.0,0.0,0.0,0.0,0.0,0.0,0.0,0.33469666057283937,0.2428868481176099,0.0,0.22256295295351686,0.6773283082383573,0.2468605473900918,0.0,0.0,0.0,0.0,0.0,0.0,0.0,0.0,0.0,0.0,0.0,0.0,0.0,0.0,0.0,0.0,0.0,0.0,0.0,0.0,0.0,0.21467156037809929,0.0,0.0,0.0,0.0,E8
5.0,0.0,23.0,1.0,0.0,0.2428868481176099,0.0,0.0,0.21018365006497722,0.0,0.0,0.0,0.33238685715354443,0.0,0.0,0.0,0.0,0.0,0.0,0.0,0.0,0.0,0.33469666057283937,0.2428868481176099,0.0,0.22256295295351686,0.6773283082383573,0.2468605473900918,0.0,0.0,0.0,0.0,0.0,0.0,0.0,0.0,0.0,0.0,0.0,0.0,0.0,0.0,0.0,0.0,0.0,0.0,0.0,0.0,0.0,0.21467156037809929,0.0,0.0,0.0,0.0,E8
5.0,0.0,23.0,1.0,0.0,0.2428868481176099,0.0,0.0,0.21018365006497722,0.0,0.0,0.0,0.33238685715354443,0.0,0.0,0.0,0.0,0.0,0.0,0.0,0.0,0.0,0.33469666057283937,0.2428868481176099,0.0,0.22256295295351686,0.6773283082383573,0.2468605473900918,0.0,0.0,0.0,0.0,0.0,0.0,0.0,0.0,0.0,0.0,0.0,0.0,0.0,0.0,0.0,0.0,0.0,0.0,0.0,0.0,0.0,0.21467156037809929,0.0,0.0,0.0,0.0,E8
5.0,0.0,23.0,2.0,0.0,0.2428868481176099,0.0,0.0,0.21018365006497722,0.0,0.0,0.0,0.33238685715354443,0.0,0.0,0.0,0.0,0.0,0.0,0.0,0.0,0.0,0.33469666057283937,0.2428868481176099,0.0,0.22256295295351686,0.6773283082383573,0.2468605473900918,0.0,0.0,0.0,0.0,0.0,0.0,0.0,0.0,0.0,0.0,0.0,0.0,0.0,0.0,0.0,0.0,0.0,0.0,0.0,0.0,0.0,0.21467156037809929,0.0,0.0,0.0,0.0,E8
5.0,0.0,23.0,2.0,0.0,0.26193916470232276,0.0,0.0,0.22667069114193747,0.0,0.0,0.0,0.35845965475525166,0.0,0.0,0.0,0.0,0.0,0.0,0.0,0.0,0.0,0.3609506417434961,0.26193916470232276,0.0,0.24002104042330735,0.6087155832170444,0.26622456539930955,0.0,0.0,0.0,0.0,0.0,0.0,0.0,0.0,0.0,0.0,0.0,0.0,0.0,0.0,0.0,0.0,0.0,0.0,0.0,0.0,0.0,0.2315106381699005,0.0,0.0,0.0,0.0,E8
5.0,0.0,23.0,2.0,0.0,0.26193916470232276,0.0,0.0,0.22667069114193747,0.0,0.0,0.0,0.35845965475525166,0.0,0.0,0.0,0.0,0.0,0.0,0.0,0.0,0.0,0.3609506417434961,0.26193916470232276,0.0,0.24002104042330735,0.6087155832170444,0.26622456539930955,0.0,0.0,0.0,0.0,0.0,0.0,0.0,0.0,0.0,0.0,0.0,0.0,0.0,0.0,0.0,0.0,0.0,0.0,0.0,0.0,0.0,0.2315106381699005,0.0,0.0,0.0,0.0,E8
5.0,0.0,23.0,2.0,0.0,0.26193916470232276,0.0,0.0,0.22667069114193747,0.0,0.0,0.0,0.35845965475525166,0.0,0.0,0.0,0.0,0.0,0.0,0.0,0.0,0.0,0.3609506417434961,0.26193916470232276,0.0,0.24002104042330735,0.6087155832170444,0.26622456539930955,0.0,0.0,0.0,0.0,0.0,0.0,0.0,0.0,0.0,0.0,0.0,0.0,0.0,0.0,0.0,0.0,0.0,0.0,0.0,0.0,0.0,0.2315106381699005,0.0,0.0,0.0,0.0,E8
5.0,0.0,23.0,2.0,0.0,0.2428868481176099,0.0,0.0,0.21018365006497722,0.0,0.0,0.0,0.33238685715354443,0.0,0.0,0.0,0.0,0.0,0.0,0.0,0.0,0.0,0.33469666057283937,0.2428868481176099,0.0,0.22256295295351686,0.6773283082383573,0.2468605473900918,0.0,0.0,0.0,0.0,0.0,0.0,0.0,0.0,0.0,0.0,0.0,0.0,0.0,0.0,0.0,0.0,0.0,0.0,0.0,0.0,0.0,0.21467156037809929,0.0,0.0,0.0,0.0,E8
5.0,0.0,23.0,2.0,0.0,0.26193916470232276,0.0,0.0,0.22667069114193747,0.0,0.0,0.0,0.35845965475525166,0.0,0.0,0.0,0.0,0.0,0.0,0.0,0.0,0.0,0.3609506417434961,0.26193916470232276,0.0,0.24002104042330735,0.6087155832170444,0.26622456539930955,0.0,0.0,0.0,0.0,0.0,0.0,0.0,0.0,0.0,0.0,0.0,0.0,0.0,0.0,0.0,0.0,0.0,0.0,0.0,0.0,0.0,0.2315106381699005,0.0,0.0,0.0,0.0,E8
5.0,0.0,23.0,2.0,0.0,0.2428868481176099,0.0,0.0,0.21018365006497722,0.0,0.0,0.0,0.33238685715354443,0.0,0.0,0.0,0.0,0.0,0.0,0.0,0.0,0.0,0.33469666057283937,0.2428868481176099,0.0,0.22256295295351686,0.6773283082383573,0.2468605473900918,0.0,0.0,0.0,0.0,0.0,0.0,0.0,0.0,0.0,0.0,0.0,0.0,0.0,0.0,0.0,0.0,0.0,0.0,0.0,0.0,0.0,0.21467156037809929,0.0,0.0,0.0,0.0,E8
5.0,0.0,23.0,2.0,0.0,0.26193916470232276,0.0,0.0,0.22667069114193747,0.0,0.0,0.0,0.35845965475525166,0.0,0.0,0.0,0.0,0.0,0.0,0.0,0.0,0.0,0.3609506417434961,0.26193916470232276,0.0,0.24002104042330735,0.6087155832170444,0.26622456539930955,0.0,0.0,0.0,0.0,0.0,0.0,0.0,0.0,0.0,0.0,0.0,0.0,0.0,0.0,0.0,0.0,0.0,0.0,0.0,0.0,0.0,0.2315106381699005,0.0,0.0,0.0,0.0,E8
5.0,0.0,23.0,3.0,0.0,0.2428868481176099,0.0,0.0,0.21018365006497722,0.0,0.0,0.0,0.33238685715354443,0.0,0.0,0.0,0.0,0.0,0.0,0.0,0.0,0.0,0.33469666057283937,0.2428868481176099,0.0,0.22256295295351686,0.6773283082383573,0.2468605473900918,0.0,0.0,0.0,0.0,0.0,0.0,0.0,0.0,0.0,0.0,0.0,0.0,0.0,0.0,0.0,0.0,0.0,0.0,0.0,0.0,0.0,0.21467156037809929,0.0,0.0,0.0,0.0,E8
5.0,0.0,23.0,3.0,0.0,0.26193916470232276,0.0,0.0,0.22667069114193747,0.0,0.0,0.0,0.35845965475525166,0.0,0.0,0.0,0.0,0.0,0.0,0.0,0.0,0.0,0.3609506417434961,0.26193916470232276,0.0,0.24002104042330735,0.6087155832170444,0.26622456539930955,0.0,0.0,0.0,0.0,0.0,0.0,0.0,0.0,0.0,0.0,0.0,0.0,0.0,0.0,0.0,0.0,0.0,0.0,0.0,0.0,0.0,0.2315106381699005,0.0,0.0,0.0,0.0,E8
5.0,0.0,23.0,3.0,0.0,0.26193916470232276,0.0,0.0,0.22667069114193747,0.0,0.0,0.0,0.35845965475525166,0.0,0.0,0.0,0.0,0.0,0.0,0.0,0.0,0.0,0.3609506417434961,0.26193916470232276,0.0,0.24002104042330735,0.6087155832170444,0.26622456539930955,0.0,0.0,0.0,0.0,0.0,0.0,0.0,0.0,0.0,0.0,0.0,0.0,0.0,0.0,0.0,0.0,0.0,0.0,0.0,0.0,0.0,0.2315106381699005,0.0,0.0,0.0,0.0,E8
5.0,0.0,23.0,3.0,0.0,0.26193916470232276,0.0,0.0,0.22667069114193747,0.0,0.0,0.0,0.35845965475525166,0.0,0.0,0.0,0.0,0.0,0.0,0.0,0.0,0.0,0.3609506417434961,0.26193916470232276,0.0,0.24002104042330735,0.6087155832170444,0.26622456539930955,0.0,0.0,0.0,0.0,0.0,0.0,0.0,0.0,0.0,0.0,0.0,0.0,0.0,0.0,0.0,0.0,0.0,0.0,0.0,0.0,0.0,0.2315106381699005,0.0,0.0,0.0,0.0,E8
4.0,0.0,23.0,13.0,0.0,0.0,0.0,0.0,0.34040857727446816,0.0,0.34324002279077004,0.34324002279077004,0.0,0.34324002279077004,0.0,0.34324002279077004,0.0,0.34324002279077004,0.0,0.0,0.0,0.34324002279077004,0.0,0.0,0.34324002279077004,0.0,0.24377450194824343,0.0,0.0,0.0,0.0,0.0,0.0,0.0,0.0,0.0,0.0,0.0,0.0,0.0,0.0,0.0,0.0,0.0,0.0,0.0,0.0,0.0,0.0,0.0,0.0,0.0,0.0,0.0,E8
4.0,0.0,23.0,14.0,0.0,0.0,0.0,0.0,0.34040857727446816,0.0,0.34324002279077004,0.34324002279077004,0.0,0.34324002279077004,0.0,0.34324002279077004,0.0,0.34324002279077004,0.0,0.0,0.0,0.34324002279077004,0.0,0.0,0.34324002279077004,0.0,0.24377450194824343,0.0,0.0,0.0,0.0,0.0,0.0,0.0,0.0,0.0,0.0,0.0,0.0,0.0,0.0,0.0,0.0,0.0,0.0,0.0,0.0,0.0,0.0,0.0,0.0,0.0,0.0,0.0,E9
4.0,0.0,23.0,15.0,0.0,0.0,0.0,0.0,0.27966233292132264,0.0,0.281988504209275,0.281988504209275,0.0,0.281988504209275,0.0,0.281988504209275,0.0,0.281988504209275,0.0,0.0,0.0,0.281988504209275,0.0,0.0,0.281988504209275,0.0,0.200272703077663,0.0,0.0,0.0,0.0,0.0,0.0,0.0,0.0,0.0,0.0,0.0,0.0,0.0,0.0,0.0,0.0,0.0,0.0,0.5701378854309535,0.0,0.0,0.0,0.0,0.0,0.0,0.0,0.0,E9
4.0,0.0,23.0,15.0,0.0,0.0,0.0,0.0,0.2753858782225747,0.0,0.27767647887779107,0.27767647887779107,0.0,0.27767647887779107,0.0,0.27767647887779107,0.0,0.27767647887779107,0.0,0.0,0.0,0.27767647887779107,0.0,0.0,0.27767647887779107,0.0,0.19721023437420568,0.0,0.0,0.0,0.0,0.0,0.0,0.0,0.0,0.0,0.0,0.0,0.0,0.0,0.0,0.0,0.0,0.0,0.5878274858152464,0.0,0.0,0.0,0.0,0.0,0.0,0.0,0.0,0.0,E9
4.0,0.0,23.0,21.0,0.0,0.0,0.0,0.0,0.2753858782225747,0.0,0.27767647887779107,0.27767647887779107,0.0,0.27767647887779107,0.0,0.27767647887779107,0.0,0.27767647887779107,0.0,0.0,0.0,0.27767647887779107,0.0,0.0,0.27767647887779107,0.0,0.19721023437420568,0.0,0.0,0.0,0.0,0.0,0.0,0.0,0.0,0.0,0.0,0.0,0.0,0.0,0.0,0.0,0.0,0.0,0.0,0.0,0.5878274858152464,0.0,0.0,0.0,0.0,0.0,0.0,0.0,E9
2.0,0.0,23.0,22.0,0.0,0.0,0.0,0.0,0.1682164468780759,0.0,0.0,0.0,0.0,0.0,0.0,0.0,0.0,0.0,0.0,0.0,0.0,0.0,0.0,0.0,0.0,0.0,0.9034778343175234,0.0,0.0,0.0,0.0,0.0,0.0,0.0,0.0,0.0,0.0,0.0,0.0,0.0,0.35484215053957024,0.0,0.0,0.0,0.0,0.0,0.0,0.0,0.0,0.1718082596881945,0.0,0.0,0.0,0.0,E9
3.0,0.0,23.0,22.0,0.0,0.0,0.0,0.0,0.2578159997202256,0.0,0.0,0.0,0.0,0.0,0.0,0.0,0.0,0.0,0.0,0.37650544316290596,0.0,0.0,0.0,0.0,0.0,0.0,0.6923551335276573,0.30280470815490756,0.0,0.0,0.0,0.0,0.0,0.0,0.0,0.0,0.0,0.37562851461197616,0.0,0.0,0.0,0.0,0.2821904646944785,0.0,0.0,0.0,0.0,0.0,0.0,0.0,0.0,0.0,0.0,0.0,E1
4.0,0.0,23.0,22.0,0.0,0.0,0.0,0.0,0.3509974905653215,0.0,0.3539170123906868,0.3539170123906868,0.0,0.3539170123906868,0.0,0.3539170123906868,0.0,0.3539170123906868,0.0,0.0,0.0,0.3539170123906868,0.0,0.0,0.3539170123906868,0.0,0.0,0.0,0.0,0.0,0.0,0.0,0.0,0.0,0.0,0.0,0.0,0.0,0.0,0.0,0.0,0.0,0.0,0.0,0.0,0.0,0.0,0.0,0.0,0.0,0.0,0.0,0.0,0.0,E11
4.0,0.0,23.0,23.0,0.0,0.0,0.0,0.0,0.34040857727446816,0.0,0.34324002279077004,0.34324002279077004,0.0,0.34324002279077004,0.0,0.34324002279077004,0.0,0.34324002279077004,0.0,0.0,0.0,0.34324002279077004,0.0,0.0,0.34324002279077004,0.0,0.24377450194824343,0.0,0.0,0.0,0.0,0.0,0.0,0.0,0.0,0.0,0.0,0.0,0.0,0.0,0.0,0.0,0.0,0.0,0.0,0.0,0.0,0.0,0.0,0.0,0.0,0.0,0.0,0.0,E9
4.0,0.0,23.0,23.0,0.0,0.0,0.0,0.0,0.3509974905653215,0.0,0.3539170123906868,0.3539170123906868,0.0,0.3539170123906868,0.0,0.3539170123906868,0.0,0.3539170123906868,0.0,0.0,0.0,0.3539170123906868,0.0,0.0,0.3539170123906868,0.0,0.0,0.0,0.0,0.0,0.0,0.0,0.0,0.0,0.0,0.0,0.0,0.0,0.0,0.0,0.0,0.0,0.0,0.0,0.0,0.0,0.0,0.0,0.0,0.0,0.0,0.0,0.0,0.0,E9
4.0,0.0,23.0,24.0,0.0,0.0,0.0,0.0,0.3509974905653215,0.0,0.3539170123906868,0.3539170123906868,0.0,0.3539170123906868,0.0,0.3539170123906868,0.0,0.3539170123906868,0.0,0.0,0.0,0.3539170123906868,0.0,0.0,0.3539170123906868,0.0,0.0,0.0,0.0,0.0,0.0,0.0,0.0,0.0,0.0,0.0,0.0,0.0,0.0,0.0,0.0,0.0,0.0,0.0,0.0,0.0,0.0,0.0,0.0,0.0,0.0,0.0,0.0,0.0,E9
4.0,0.0,23.0,24.0,0.0,0.0,0.0,0.0,0.3509974905653215,0.0,0.3539170123906868,0.3539170123906868,0.0,0.3539170123906868,0.0,0.3539170123906868,0.0,0.3539170123906868,0.0,0.0,0.0,0.3539170123906868,0.0,0.0,0.3539170123906868,0.0,0.0,0.0,0.0,0.0,0.0,0.0,0.0,0.0,0.0,0.0,0.0,0.0,0.0,0.0,0.0,0.0,0.0,0.0,0.0,0.0,0.0,0.0,0.0,0.0,0.0,0.0,0.0,0.0,E9
4.0,0.0,23.0,24.0,0.0,0.0,0.0,0.0,0.3509974905653215,0.0,0.3539170123906868,0.3539170123906868,0.0,0.3539170123906868,0.0,0.3539170123906868,0.0,0.3539170123906868,0.0,0.0,0.0,0.3539170123906868,0.0,0.0,0.3539170123906868,0.0,0.0,0.0,0.0,0.0,0.0,0.0,0.0,0.0,0.0,0.0,0.0,0.0,0.0,0.0,0.0,0.0,0.0,0.0,0.0,0.0,0.0,0.0,0.0,0.0,0.0,0.0,0.0,0.0,E9
4.0,0.0,23.0,24.0,0.0,0.0,0.0,0.0,0.34040857727446816,0.0,0.34324002279077004,0.34324002279077004,0.0,0.34324002279077004,0.0,0.34324002279077004,0.0,0.34324002279077004,0.0,0.0,0.0,0.34324002279077004,0.0,0.0,0.34324002279077004,0.0,0.24377450194824343,0.0,0.0,0.0,0.0,0.0,0.0,0.0,0.0,0.0,0.0,0.0,0.0,0.0,0.0,0.0,0.0,0.0,0.0,0.0,0.0,0.0,0.0,0.0,0.0,0.0,0.0,0.0,E9
4.0,0.0,23.0,24.0,0.0,0.0,0.0,0.0,0.3509974905653215,0.0,0.3539170123906868,0.3539170123906868,0.0,0.3539170123906868,0.0,0.3539170123906868,0.0,0.3539170123906868,0.0,0.0,0.0,0.3539170123906868,0.0,0.0,0.3539170123906868,0.0,0.0,0.0,0.0,0.0,0.0,0.0,0.0,0.0,0.0,0.0,0.0,0.0,0.0,0.0,0.0,0.0,0.0,0.0,0.0,0.0,0.0,0.0,0.0,0.0,0.0,0.0,0.0,0.0,E9
4.0,0.0,23.0,24.0,0.0,0.0,0.0,0.0,0.3509974905653215,0.0,0.3539170123906868,0.3539170123906868,0.0,0.3539170123906868,0.0,0.3539170123906868,0.0,0.3539170123906868,0.0,0.0,0.0,0.3539170123906868,0.0,0.0,0.3539170123906868,0.0,0.0,0.0,0.0,0.0,0.0,0.0,0.0,0.0,0.0,0.0,0.0,0.0,0.0,0.0,0.0,0.0,0.0,0.0,0.0,0.0,0.0,0.0,0.0,0.0,0.0,0.0,0.0,0.0,E9
4.0,0.0,23.0,24.0,0.0,0.0,0.0,0.0,0.3509974905653215,0.0,0.3539170123906868,0.3539170123906868,0.0,0.3539170123906868,0.0,0.3539170123906868,0.0,0.3539170123906868,0.0,0.0,0.0,0.3539170123906868,0.0,0.0,0.3539170123906868,0.0,0.0,0.0,0.0,0.0,0.0,0.0,0.0,0.0,0.0,0.0,0.0,0.0,0.0,0.0,0.0,0.0,0.0,0.0,0.0,0.0,0.0,0.0,0.0,0.0,0.0,0.0,0.0,0.0,E9
4.0,0.0,23.0,25.0,0.0,0.0,0.0,0.0,0.3509974905653215,0.0,0.3539170123906868,0.3539170123906868,0.0,0.3539170123906868,0.0,0.3539170123906868,0.0,0.3539170123906868,0.0,0.0,0.0,0.3539170123906868,0.0,0.0,0.3539170123906868,0.0,0.0,0.0,0.0,0.0,0.0,0.0,0.0,0.0,0.0,0.0,0.0,0.0,0.0,0.0,0.0,0.0,0.0,0.0,0.0,0.0,0.0,0.0,0.0,0.0,0.0,0.0,0.0,0.0,E9
4.0,0.0,23.0,25.0,0.0,0.0,0.0,0.0,0.3509974905653215,0.0,0.3539170123906868,0.3539170123906868,0.0,0.3539170123906868,0.0,0.3539170123906868,0.0,0.3539170123906868,0.0,0.0,0.0,0.3539170123906868,0.0,0.0,0.3539170123906868,0.0,0.0,0.0,0.0,0.0,0.0,0.0,0.0,0.0,0.0,0.0,0.0,0.0,0.0,0.0,0.0,0.0,0.0,0.0,0.0,0.0,0.0,0.0,0.0,0.0,0.0,0.0,0.0,0.0,E9
4.0,0.0,23.0,25.0,0.0,0.0,0.0,0.0,0.3509974905653215,0.0,0.3539170123906868,0.3539170123906868,0.0,0.3539170123906868,0.0,0.3539170123906868,0.0,0.3539170123906868,0.0,0.0,0.0,0.3539170123906868,0.0,0.0,0.3539170123906868,0.0,0.0,0.0,0.0,0.0,0.0,0.0,0.0,0.0,0.0,0.0,0.0,0.0,0.0,0.0,0.0,0.0,0.0,0.0,0.0,0.0,0.0,0.0,0.0,0.0,0.0,0.0,0.0,0.0,E9
4.0,0.0,23.0,30.0,0.0,0.0,0.0,0.0,0.3509974905653215,0.0,0.3539170123906868,0.3539170123906868,0.0,0.3539170123906868,0.0,0.3539170123906868,0.0,0.3539170123906868,0.0,0.0,0.0,0.3539170123906868,0.0,0.0,0.3539170123906868,0.0,0.0,0.0,0.0,0.0,0.0,0.0,0.0,0.0,0.0,0.0,0.0,0.0,0.0,0.0,0.0,0.0,0.0,0.0,0.0,0.0,0.0,0.0,0.0,0.0,0.0,0.0,0.0,0.0,E9
4.0,0.0,23.0,31.0,0.0,0.0,0.0,0.0,0.3509974905653215,0.0,0.3539170123906868,0.3539170123906868,0.0,0.3539170123906868,0.0,0.3539170123906868,0.0,0.3539170123906868,0.0,0.0,0.0,0.3539170123906868,0.0,0.0,0.3539170123906868,0.0,0.0,0.0,0.0,0.0,0.0,0.0,0.0,0.0,0.0,0.0,0.0,0.0,0.0,0.0,0.0,0.0,0.0,0.0,0.0,0.0,0.0,0.0,0.0,0.0,0.0,0.0,0.0,0.0,E9
4.0,0.0,23.0,32.0,0.0,0.0,0.0,0.0,0.3509974905653215,0.0,0.3539170123906868,0.3539170123906868,0.0,0.3539170123906868,0.0,0.3539170123906868,0.0,0.3539170123906868,0.0,0.0,0.0,0.3539170123906868,0.0,0.0,0.3539170123906868,0.0,0.0,0.0,0.0,0.0,0.0,0.0,0.0,0.0,0.0,0.0,0.0,0.0,0.0,0.0,0.0,0.0,0.0,0.0,0.0,0.0,0.0,0.0,0.0,0.0,0.0,0.0,0.0,0.0,E9
4.0,0.0,23.0,33.0,0.0,0.0,0.0,0.0,0.2809024595728336,0.0,0.28323894596822297,0.28323894596822297,0.0,0.28323894596822297,0.0,0.28323894596822297,0.0,0.28323894596822297,0.0,0.0,0.0,0.28323894596822297,0.0,0.0,0.28323894596822297,0.0,0.0,0.0,0.0,0.0,0.0,0.0,0.0,0.0,0.0,0.0,0.0,0.0,0.0,0.0,0.0,0.0,0.0,0.0,0.599602955807927,0.0,0.0,0.0,0.0,0.0,0.0,0.0,0.0,0.0,E9
3.0,0.0,23.0,7.0,0.0,0.0,0.0,0.0,0.23428947065061007,0.0,0.0,0.0,0.0,0.0,0.0,0.0,0.0,0.0,0.0,0.3421481252964706,0.0,0.0,0.0,0.0,0.0,0.0,0.7550106335330056,0.2751728165091075,0.0,0.0,0.0,0.0,0.0,0.0,0.0,0.0,0.0,0.34135121926186185,0.0,0.0,0.0,0.0,0.2564396882569906,0.0,0.0,0.0,0.0,0.0,0.0,0.0,0.0,0.0,0.0,0.0,E9
2.0,0.0,23.0,9.0,0.0,0.0,0.0,0.0,0.18300530177572175,0.0,0.0,0.0,0.0,0.0,0.0,0.0,0.0,0.0,0.0,0.0,0.0,0.0,0.0,0.0,0.0,0.0,0.884616891552314,0.0,0.0,0.0,0.0,0.0,0.0,0.0,0.0,0.0,0.0,0.0,0.0,0.0,0.386038321742151,0.0,0.0,0.0,0.0,0.0,0.0,0.0,0.0,0.18691289107175582,0.0,0.0,0.0,0.0,E11
3.0,0.0,2.0,41.0,0.0,0.0,0.0,0.0,0.23428947065061007,0.0,0.0,0.0,0.0,0.0,0.0,0.0,0.0,0.0,0.0,0.3421481252964706,0.0,0.0,0.0,0.0,0.0,0.0,0.7550106335330056,0.2751728165091075,0.0,0.0,0.0,0.0,0.0,0.0,0.0,0.0,0.0,0.34135121926186185,0.0,0.0,0.0,0.0,0.2564396882569906,0.0,0.0,0.0,0.0,0.0,0.0,0.0,0.0,0.0,0.0,0.0,E1
5.0,0.0,2.0,41.0,0.0,0.23836634715786661,0.29376506859060325,0.0,0.2062718063434884,0.29376506859060325,0.0,0.0,0.0,0.0,0.0,0.0,0.0,0.0,0.0,0.0,0.0,0.0,0.0,0.23836634715786661,0.0,0.2184207112050361,0.6647221778892567,0.0,0.0,0.0,0.0,0.0,0.0,0.0,0.0,0.0,0.0,0.0,0.0,0.0,0.0,0.0,0.22577317524360016,0.0,0.0,0.0,0.0,0.0,0.0,0.21067618968495705,0.29376506859060325,0.0,0.0,0.0,E11
5.0,0.0,2.0,42.0,0.0,0.23836634715786661,0.29376506859060325,0.0,0.2062718063434884,0.29376506859060325,0.0,0.0,0.0,0.0,0.0,0.0,0.0,0.0,0.0,0.0,0.0,0.0,0.0,0.23836634715786661,0.0,0.2184207112050361,0.6647221778892567,0.0,0.0,0.0,0.0,0.0,0.0,0.0,0.0,0.0,0.0,0.0,0.0,0.0,0.0,0.0,0.22577317524360016,0.0,0.0,0.0,0.0,0.0,0.0,0.21067618968495705,0.29376506859060325,0.0,0.0,0.0,E6
5.0,0.0,2.0,43.0,0.0,0.23836634715786661,0.29376506859060325,0.0,0.2062718063434884,0.29376506859060325,0.0,0.0,0.0,0.0,0.0,0.0,0.0,0.0,0.0,0.0,0.0,0.0,0.0,0.23836634715786661,0.0,0.2184207112050361,0.6647221778892567,0.0,0.0,0.0,0.0,0.0,0.0,0.0,0.0,0.0,0.0,0.0,0.0,0.0,0.0,0.0,0.22577317524360016,0.0,0.0,0.0,0.0,0.0,0.0,0.21067618968495705,0.29376506859060325,0.0,0.0,0.0,E6
2.0,0.0,2.0,43.0,0.0,0.0,0.0,0.0,0.1661483052439899,0.0,0.0,0.0,0.0,0.0,0.24207202490079238,0.0,0.0,0.0,0.0,0.0,0.0,0.0,0.0,0.0,0.0,0.0,0.892370001764264,0.0,0.0,0.0,0.0,0.0,0.0,0.0,0.0,0.0,0.0,0.0,0.2426371573701316,0.0,0.0,0.0,0.0,0.24207202490079238,0.0,0.0,0.0,0.0,0.0,0.0,0.0,0.0,0.0,0.0,E6
3.0,0.0,2.0,43.0,0.0,0.0,0.0,0.0,0.2578159997202256,0.0,0.0,0.0,0.0,0.0,0.0,0.0,0.0,0.0,0.0,0.37650544316290596,0.0,0.0,0.0,0.0,0.0,0.0,0.6923551335276573,0.30280470815490756,0.0,0.0,0.0,0.0,0.0,0.0,0.0,0.0,0.0,0.37562851461197616,0.0,0.0,0.0,0.0,0.2821904646944785,0.0,0.0,0.0,0.0,0.0,0.0,0.0,0.0,0.0,0.0,0.0,E13
2.0,0.0,2.0,44.0,0.0,0.0,0.0,0.0,0.1661483052439899,0.0,0.0,0.0,0.0,0.0,0.24207202490079238,0.0,0.0,0.0,0.0,0.0,0.0,0.0,0.0,0.0,0.0,0.0,0.892370001764264,0.0,0.0,0.0,0.0,0.0,0.0,0.0,0.0,0.0,0.0,0.0,0.2426371573701316,0.0,0.0,0.0,0.0,0.24207202490079238,0.0,0.0,0.0,0.0,0.0,0.0,0.0,0.0,0.0,0.0,E11
5.0,0.0,2.0,44.0,0.41221558671081765,0.0,0.0,0.41221558671081765,0.2142875638625615,0.0,0.0,0.0,0.0,0.0,0.0,0.0,0.0,0.0,0.0,0.0,0.0,0.0,0.0,0.0,0.0,0.2269085772357799,0.23018446497095518,0.0,0.0,0.41221558671081765,0.0,0.0,0.0,0.0,0.0,0.0,0.0,0.0,0.0,0.41221558671081765,0.0,0.0,0.0,0.0,0.0,0.0,0.0,0.0,0.0,0.0,0.0,0.41221558671081765,0.0,0.0,E13
5.0,0.0,2.0,47.0,0.42065851888062217,0.0,0.0,0.42065851888062217,0.21867656666801216,0.0,0.0,0.0,0.0,0.0,0.0,0.0,0.0,0.0,0.0,0.0,0.0,0.0,0.0,0.0,0.0,0.231556081571157,0.11744953275134055,0.0,0.0,0.42065851888062217,0.0,0.0,0.0,0.0,0.0,0.0,0.0,0.0,0.0,0.42065851888062217,0.0,0.0,0.0,0.0,0.0,0.0,0.0,0.0,0.0,0.0,0.0,0.42065851888062217,0.0,0.0,E7
2.0,0.0,2.0,47.0,0.0,0.0,0.0,0.0,0.15378644268229635,0.0,0.0,0.0,0.0,0.0,0.22406124171850228,0.0,0.0,0.0,0.0,0.0,0.0,0.0,0.0,0.0,0.0,0.0,0.908572908515739,0.0,0.0,0.0,0.0,0.0,0.0,0.0,0.0,0.0,0.0,0.0,0.2245843268741186,0.0,0.0,0.0,0.0,0.22406124171850228,0.0,0.0,0.0,0.0,0.0,0.0,0.0,0.0,0.0,0.0,E7
5.0,0.0,2.0,48.0,0.0,0.23836634715786661,0.29376506859060325,0.0,0.2062718063434884,0.29376506859060325,0.0,0.0,0.0,0.0,0.0,0.0,0.0,0.0,0.0,0.0,0.0,0.0,0.0,0.23836634715786661,0.0,0.2184207112050361,0.6647221778892567,0.0,0.0,0.0,0.0,0.0,0.0,0.0,0.0,0.0,0.0,0.0,0.0,0.0,0.0,0.0,0.22577317524360016,0.0,0.0,0.0,0.0,0.0,0.0,0.21067618968495705,0.29376506859060325,0.0,0.0,0.0,E13
2.0,0.0,2.0,49.0,0.0,0.0,0.0,0.0,0.15378644268229635,0.0,0.0,0.0,0.0,0.0,0.22406124171850228,0.0,0.0,0.0,0.0,0.0,0.0,0.0,0.0,0.0,0.0,0.0,0.908572908515739,0.0,0.0,0.0,0.0,0.0,0.0,0.0,0.0,0.0,0.0,0.0,0.2245843268741186,0.0,0.0,0.0,0.0,0.22406124171850228,0.0,0.0,0.0,0.0,0.0,0.0,0.0,0.0,0.0,0.0,E6
5.0,0.0,2.0,49.0,0.0,0.23836634715786661,0.29376506859060325,0.0,0.2062718063434884,0.29376506859060325,0.0,0.0,0.0,0.0,0.0,0.0,0.0,0.0,0.0,0.0,0.0,0.0,0.0,0.23836634715786661,0.0,0.2184207112050361,0.6647221778892567,0.0,0.0,0.0,0.0,0.0,0.0,0.0,0.0,0.0,0.0,0.0,0.0,0.0,0.0,0.0,0.22577317524360016,0.0,0.0,0.0,0.0,0.0,0.0,0.21067618968495705,0.29376506859060325,0.0,0.0,0.0,E13
5.0,0.0,2.0,49.0,0.0,0.22135968273463763,0.27280588538225176,0.0,0.19155498313298006,0.27280588538225176,0.0,0.0,0.0,0.0,0.0,0.0,0.0,0.0,0.0,0.0,0.0,0.0,0.0,0.22135968273463763,0.0,0.20283710310415376,0.7201791451902878,0.0,0.0,0.0,0.0,0.0,0.0,0.0,0.0,0.0,0.0,0.0,0.0,0.0,0.0,0.0,0.20966499272154374,0.0,0.0,0.0,0.0,0.0,0.0,0.19564512803276962,0.27280588538225176,0.0,0.0,0.0,E6
3.0,0.0,2.0,51.0,0.0,0.0,0.0,0.0,0.2578159997202256,0.0,0.0,0.0,0.0,0.0,0.0,0.0,0.0,0.0,0.0,0.37650544316290596,0.0,0.0,0.0,0.0,0.0,0.0,0.6923551335276573,0.30280470815490756,0.0,0.0,0.0,0.0,0.0,0.0,0.0,0.0,0.0,0.37562851461197616,0.0,0.0,0.0,0.0,0.2821904646944785,0.0,0.0,0.0,0.0,0.0,0.0,0.0,0.0,0.0,0.0,0.0,E6
2.0,0.0,2.0,52.0,0.0,0.0,0.0,0.0,0.15378644268229635,0.0,0.0,0.0,0.0,0.0,0.22406124171850228,0.0,0.0,0.0,0.0,0.0,0.0,0.0,0.0,0.0,0.0,0.0,0.908572908515739,0.0,0.0,0.0,0.0,0.0,0.0,0.0,0.0,0.0,0.0,0.0,0.2245843268741186,0.0,0.0,0.0,0.0,0.22406124171850228,0.0,0.0,0.0,0.0,0.0,0.0,0.0,0.0,0.0,0.0,E11
3.0,0.0,2.0,53.0,0.0,0.0,0.0,0.0,0.3694506407597979,0.0,0.0,0.0,0.0,0.0,0.0,0.0,0.0,0.0,0.516449045413519,0.0,0.0,0.0,0.0,0.0,0.0,0.0,0.19842914946528173,0.0,0.5279263585842844,0.0,0.0,0.0,0.0,0.0,0.0,0.0,0.0,0.0,0.0,0.0,0.0,0.0,0.0,0.0,0.0,0.0,0.0,0.0,0.5279263585842844,0.0,0.0,0.0,0.0,0.0,E13
2.0,0.0,2.0,53.0,0.0,0.0,0.0,0.0,0.15378644268229635,0.0,0.0,0.0,0.0,0.0,0.22406124171850228,0.0,0.0,0.0,0.0,0.0,0.0,0.0,0.0,0.0,0.0,0.0,0.908572908515739,0.0,0.0,0.0,0.0,0.0,0.0,0.0,0.0,0.0,0.0,0.0,0.2245843268741186,0.0,0.0,0.0,0.0,0.22406124171850228,0.0,0.0,0.0,0.0,0.0,0.0,0.0,0.0,0.0,0.0,E10
3.0,0.0,2.0,53.0,0.0,0.0,0.0,0.0,0.23428947065061007,0.0,0.0,0.0,0.0,0.0,0.0,0.0,0.0,0.0,0.0,0.3421481252964706,0.0,0.0,0.0,0.0,0.0,0.0,0.7550106335330056,0.2751728165091075,0.0,0.0,0.0,0.0,0.0,0.0,0.0,0.0,0.0,0.34135121926186185,0.0,0.0,0.0,0.0,0.2564396882569906,0.0,0.0,0.0,0.0,0.0,0.0,0.0,0.0,0.0,0.0,0.0,E13
5.0,0.0,2.0,54.0,0.0,0.22135968273463763,0.27280588538225176,0.0,0.19155498313298006,0.27280588538225176,0.0,0.0,0.0,0.0,0.0,0.0,0.0,0.0,0.0,0.0,0.0,0.0,0.0,0.22135968273463763,0.0,0.20283710310415376,0.7201791451902878,0.0,0.0,0.0,0.0,0.0,0.0,0.0,0.0,0.0,0.0,0.0,0.0,0.0,0.0,0.0,0.20966499272154374,0.0,0.0,0.0,0.0,0.0,0.0,0.19564512803276962,0.27280588538225176,0.0,0.0,0.0,E11
3.0,0.0,2.0,56.0,0.0,0.0,0.0,0.0,0.3694506407597979,0.0,0.0,0.0,0.0,0.0,0.0,0.0,0.0,0.0,0.516449045413519,0.0,0.0,0.0,0.0,0.0,0.0,0.0,0.19842914946528173,0.0,0.5279263585842844,0.0,0.0,0.0,0.0,0.0,0.0,0.0,0.0,0.0,0.0,0.0,0.0,0.0,0.0,0.0,0.0,0.0,0.0,0.0,0.5279263585842844,0.0,0.0,0.0,0.0,0.0,E6
5.0,0.0,2.0,56.0,0.0,0.23836634715786661,0.29376506859060325,0.0,0.2062718063434884,0.29376506859060325,0.0,0.0,0.0,0.0,0.0,0.0,0.0,0.0,0.0,0.0,0.0,0.0,0.0,0.23836634715786661,0.0,0.2184207112050361,0.6647221778892567,0.0,0.0,0.0,0.0,0.0,0.0,0.0,0.0,0.0,0.0,0.0,0.0,0.0,0.0,0.0,0.22577317524360016,0.0,0.0,0.0,0.0,0.0,0.0,0.21067618968495705,0.29376506859060325,0.0,0.0,0.0,E10
5.0,0.0,2.0,56.0,0.0,0.22135968273463763,0.27280588538225176,0.0,0.19155498313298006,0.27280588538225176,0.0,0.0,0.0,0.0,0.0,0.0,0.0,0.0,0.0,0.0,0.0,0.0,0.0,0.22135968273463763,0.0,0.20283710310415376,0.7201791451902878,0.0,0.0,0.0,0.0,0.0,0.0,0.0,0.0,0.0,0.0,0.0,0.0,0.0,0.0,0.0,0.20966499272154374,0.0,0.0,0.0,0.0,0.0,0.0,0.19564512803276962,0.27280588538225176,0.0,0.0,0.0,E6
3.0,0.0,2.0,56.0,0.0,0.0,0.0,0.0,0.34939103204185995,0.0,0.0,0.0,0.0,0.0,0.0,0.0,0.0,0.0,0.48840804444937863,0.0,0.0,0.0,0.0,0.0,0.0,0.0,0.37531057018216657,0.0,0.4992621880111665,0.0,0.0,0.0,0.0,0.0,0.0,0.0,0.0,0.0,0.0,0.0,0.0,0.0,0.0,0.0,0.0,0.0,0.0,0.0,0.4992621880111665,0.0,0.0,0.0,0.0,0.0,E6
2.0,0.0,2.0,57.0,0.0,0.0,0.0,0.0,0.15378644268229635,0.0,0.0,0.0,0.0,0.0,0.22406124171850228,0.0,0.0,0.0,0.0,0.0,0.0,0.0,0.0,0.0,0.0,0.0,0.908572908515739,0.0,0.0,0.0,0.0,0.0,0.0,0.0,0.0,0.0,0.0,0.0,0.2245843268741186,0.0,0.0,0.0,0.0,0.22406124171850228,0.0,0.0,0.0,0.0,0.0,0.0,0.0,0.0,0.0,0.0,E10
2.0,0.0,2.0,58.0,0.0,0.0,0.0,0.0,0.15378644268229635,0.0,0.0,0.0,0.0,0.0,0.22406124171850228,0.0,0.0,0.0,0.0,0.0,0.0,0.0,0.0,0.0,0.0,0.0,0.908572908515739,0.0,0.0,0.0,0.0,0.0,0.0,0.0,0.0,0.0,0.0,0.0,0.2245843268741186,0.0,0.0,0.0,0.0,0.22406124171850228,0.0,0.0,0.0,0.0,0.0,0.0,0.0,0.0,0.0,0.0,E13
3.0,0.0,2.0,59.0,0.0,0.0,0.0,0.0,0.34939103204185995,0.0,0.0,0.0,0.0,0.0,0.0,0.0,0.0,0.0,0.48840804444937863,0.0,0.0,0.0,0.0,0.0,0.0,0.0,0.37531057018216657,0.0,0.4992621880111665,0.0,0.0,0.0,0.0,0.0,0.0,0.0,0.0,0.0,0.0,0.0,0.0,0.0,0.0,0.0,0.0,0.0,0.0,0.0,0.4992621880111665,0.0,0.0,0.0,0.0,0.0,E13
3.0,0.0,2.0,59.0,0.0,0.0,0.0,0.0,0.3694506407597979,0.0,0.0,0.0,0.0,0.0,0.0,0.0,0.0,0.0,0.516449045413519,0.0,0.0,0.0,0.0,0.0,0.0,0.0,0.19842914946528173,0.0,0.5279263585842844,0.0,0.0,0.0,0.0,0.0,0.0,0.0,0.0,0.0,0.0,0.0,0.0,0.0,0.0,0.0,0.0,0.0,0.0,0.0,0.5279263585842844,0.0,0.0,0.0,0.0,0.0,E10
3.0,0.0,2.0,59.0,0.0,0.0,0.0,0.0,0.3694506407597979,0.0,0.0,0.0,0.0,0.0,0.0,0.0,0.0,0.0,0.516449045413519,0.0,0.0,0.0,0.0,0.0,0.0,0.0,0.19842914946528173,0.0,0.5279263585842844,0.0,0.0,0.0,0.0,0.0,0.0,0.0,0.0,0.0,0.0,0.0,0.0,0.0,0.0,0.0,0.0,0.0,0.0,0.0,0.5279263585842844,0.0,0.0,0.0,0.0,0.0,E10
2.0,0.0,3.0,0.0,0.0,0.0,0.0,0.0,0.15378644268229635,0.0,0.0,0.0,0.0,0.0,0.22406124171850228,0.0,0.0,0.0,0.0,0.0,0.0,0.0,0.0,0.0,0.0,0.0,0.908572908515739,0.0,0.0,0.0,0.0,0.0,0.0,0.0,0.0,0.0,0.0,0.0,0.2245843268741186,0.0,0.0,0.0,0.0,0.22406124171850228,0.0,0.0,0.0,0.0,0.0,0.0,0.0,0.0,0.0,0.0,E10
5.0,0.0,3.0,0.0,0.0,0.22135968273463763,0.27280588538225176,0.0,0.19155498313298006,0.27280588538225176,0.0,0.0,0.0,0.0,0.0,0.0,0.0,0.0,0.0,0.0,0.0,0.0,0.0,0.22135968273463763,0.0,0.20283710310415376,0.7201791451902878,0.0,0.0,0.0,0.0,0.0,0.0,0.0,0.0,0.0,0.0,0.0,0.0,0.0,0.0,0.0,0.20966499272154374,0.0,0.0,0.0,0.0,0.0,0.0,0.19564512803276962,0.27280588538225176,0.0,0.0,0.0,E13
5.0,0.0,3.0,0.0,0.0,0.22135968273463763,0.27280588538225176,0.0,0.19155498313298006,0.27280588538225176,0.0,0.0,0.0,0.0,0.0,0.0,0.0,0.0,0.0,0.0,0.0,0.0,0.0,0.22135968273463763,0.0,0.20283710310415376,0.7201791451902878,0.0,0.0,0.0,0.0,0.0,0.0,0.0,0.0,0.0,0.0,0.0,0.0,0.0,0.0,0.0,0.20966499272154374,0.0,0.0,0.0,0.0,0.0,0.0,0.19564512803276962,0.27280588538225176,0.0,0.0,0.0,E6
5.0,0.0,3.0,1.0,0.0,0.23836634715786661,0.29376506859060325,0.0,0.2062718063434884,0.29376506859060325,0.0,0.0,0.0,0.0,0.0,0.0,0.0,0.0,0.0,0.0,0.0,0.0,0.0,0.23836634715786661,0.0,0.2184207112050361,0.6647221778892567,0.0,0.0,0.0,0.0,0.0,0.0,0.0,0.0,0.0,0.0,0.0,0.0,0.0,0.0,0.0,0.22577317524360016,0.0,0.0,0.0,0.0,0.0,0.0,0.21067618968495705,0.29376506859060325,0.0,0.0,0.0,E6
5.0,0.0,3.0,2.0,0.0,0.22135968273463763,0.27280588538225176,0.0,0.19155498313298006,0.27280588538225176,0.0,0.0,0.0,0.0,0.0,0.0,0.0,0.0,0.0,0.0,0.0,0.0,0.0,0.22135968273463763,0.0,0.20283710310415376,0.7201791451902878,0.0,0.0,0.0,0.0,0.0,0.0,0.0,0.0,0.0,0.0,0.0,0.0,0.0,0.0,0.0,0.20966499272154374,0.0,0.0,0.0,0.0,0.0,0.0,0.19564512803276962,0.27280588538225176,0.0,0.0,0.0,E6
2.0,0.0,3.0,2.0,0.0,0.0,0.0,0.0,0.1661483052439899,0.0,0.0,0.0,0.0,0.0,0.24207202490079238,0.0,0.0,0.0,0.0,0.0,0.0,0.0,0.0,0.0,0.0,0.0,0.892370001764264,0.0,0.0,0.0,0.0,0.0,0.0,0.0,0.0,0.0,0.0,0.0,0.2426371573701316,0.0,0.0,0.0,0.0,0.24207202490079238,0.0,0.0,0.0,0.0,0.0,0.0,0.0,0.0,0.0,0.0,E6
3.0,0.0,3.0,2.0,0.0,0.0,0.0,0.0,0.34939103204185995,0.0,0.0,0.0,0.0,0.0,0.0,0.0,0.0,0.0,0.48840804444937863,0.0,0.0,0.0,0.0,0.0,0.0,0.0,0.37531057018216657,0.0,0.4992621880111665,0.0,0.0,0.0,0.0,0.0,0.0,0.0,0.0,0.0,0.0,0.0,0.0,0.0,0.0,0.0,0.0,0.0,0.0,0.0,0.4992621880111665,0.0,0.0,0.0,0.0,0.0,E13
3.0,0.0,3.0,2.0,0.0,0.0,0.0,0.0,0.34939103204185995,0.0,0.0,0.0,0.0,0.0,0.0,0.0,0.0,0.0,0.48840804444937863,0.0,0.0,0.0,0.0,0.0,0.0,0.0,0.37531057018216657,0.0,0.4992621880111665,0.0,0.0,0.0,0.0,0.0,0.0,0.0,0.0,0.0,0.0,0.0,0.0,0.0,0.0,0.0,0.0,0.0,0.0,0.0,0.4992621880111665,0.0,0.0,0.0,0.0,0.0,E10
5.0,0.0,3.0,3.0,0.0,0.22135968273463763,0.27280588538225176,0.0,0.19155498313298006,0.27280588538225176,0.0,0.0,0.0,0.0,0.0,0.0,0.0,0.0,0.0,0.0,0.0,0.0,0.0,0.22135968273463763,0.0,0.20283710310415376,0.7201791451902878,0.0,0.0,0.0,0.0,0.0,0.0,0.0,0.0,0.0,0.0,0.0,0.0,0.0,0.0,0.0,0.20966499272154374,0.0,0.0,0.0,0.0,0.0,0.0,0.19564512803276962,0.27280588538225176,0.0,0.0,0.0,E10
2.0,0.0,3.0,3.0,0.0,0.0,0.0,0.0,0.1661483052439899,0.0,0.0,0.0,0.0,0.0,0.24207202490079238,0.0,0.0,0.0,0.0,0.0,0.0,0.0,0.0,0.0,0.0,0.0,0.892370001764264,0.0,0.0,0.0,0.0,0.0,0.0,0.0,0.0,0.0,0.0,0.0,0.2426371573701316,0.0,0.0,0.0,0.0,0.24207202490079238,0.0,0.0,0.0,0.0,0.0,0.0,0.0,0.0,0.0,0.0,E6
2.0,0.0,3.0,4.0,0.0,0.0,0.0,0.0,0.1661483052439899,0.0,0.0,0.0,0.0,0.0,0.24207202490079238,0.0,0.0,0.0,0.0,0.0,0.0,0.0,0.0,0.0,0.0,0.0,0.892370001764264,0.0,0.0,0.0,0.0,0.0,0.0,0.0,0.0,0.0,0.0,0.0,0.2426371573701316,0.0,0.0,0.0,0.0,0.24207202490079238,0.0,0.0,0.0,0.0,0.0,0.0,0.0,0.0,0.0,0.0,E13
2.0,0.0,3.0,4.0,0.0,0.0,0.0,0.0,0.1661483052439899,0.0,0.0,0.0,0.0,0.0,0.24207202490079238,0.0,0.0,0.0,0.0,0.0,0.0,0.0,0.0,0.0,0.0,0.0,0.892370001764264,0.0,0.0,0.0,0.0,0.0,0.0,0.0,0.0,0.0,0.0,0.0,0.2426371573701316,0.0,0.0,0.0,0.0,0.24207202490079238,0.0,0.0,0.0,0.0,0.0,0.0,0.0,0.0,0.0,0.0,E13
5.0,0.0,3.0,4.0,0.41221558671081765,0.0,0.0,0.41221558671081765,0.2142875638625615,0.0,0.0,0.0,0.0,0.0,0.0,0.0,0.0,0.0,0.0,0.0,0.0,0.0,0.0,0.0,0.0,0.2269085772357799,0.23018446497095518,0.0,0.0,0.41221558671081765,0.0,0.0,0.0,0.0,0.0,0.0,0.0,0.0,0.0,0.41221558671081765,0.0,0.0,0.0,0.0,0.0,0.0,0.0,0.0,0.0,0.0,0.0,0.41221558671081765,0.0,0.0,E13
5.0,0.0,3.0,5.0,0.0,0.22135968273463763,0.27280588538225176,0.0,0.19155498313298006,0.27280588538225176,0.0,0.0,0.0,0.0,0.0,0.0,0.0,0.0,0.0,0.0,0.0,0.0,0.0,0.22135968273463763,0.0,0.20283710310415376,0.7201791451902878,0.0,0.0,0.0,0.0,0.0,0.0,0.0,0.0,0.0,0.0,0.0,0.0,0.0,0.0,0.0,0.20966499272154374,0.0,0.0,0.0,0.0,0.0,0.0,0.19564512803276962,0.27280588538225176,0.0,0.0,0.0,E7
3.0,0.0,3.0,7.0,0.0,0.0,0.0,0.0,0.23428947065061007,0.0,0.0,0.0,0.0,0.0,0.0,0.0,0.0,0.0,0.0,0.3421481252964706,0.0,0.0,0.0,0.0,0.0,0.0,0.7550106335330056,0.2751728165091075,0.0,0.0,0.0,0.0,0.0,0.0,0.0,0.0,0.0,0.34135121926186185,0.0,0.0,0.0,0.0,0.2564396882569906,0.0,0.0,0.0,0.0,0.0,0.0,0.0,0.0,0.0,0.0,0.0,E6
3.0,0.0,3.0,7.0,0.0,0.0,0.0,0.0,0.34939103204185995,0.0,0.0,0.0,0.0,0.0,0.0,0.0,0.0,0.0,0.48840804444937863,0.0,0.0,0.0,0.0,0.0,0.0,0.0,0.37531057018216657,0.0,0.4992621880111665,0.0,0.0,0.0,0.0,0.0,0.0,0.0,0.0,0.0,0.0,0.0,0.0,0.0,0.0,0.0,0.0,0.0,0.0,0.0,0.4992621880111665,0.0,0.0,0.0,0.0,0.0,E11
2.0,0.0,3.0,7.0,0.0,0.0,0.0,0.0,0.1661483052439899,0.0,0.0,0.0,0.0,0.0,0.24207202490079238,0.0,0.0,0.0,0.0,0.0,0.0,0.0,0.0,0.0,0.0,0.0,0.892370001764264,0.0,0.0,0.0,0.0,0.0,0.0,0.0,0.0,0.0,0.0,0.0,0.2426371573701316,0.0,0.0,0.0,0.0,0.24207202490079238,0.0,0.0,0.0,0.0,0.0,0.0,0.0,0.0,0.0,0.0,E10
5.0,0.0,3.0,9.0,0.42065851888062217,0.0,0.0,0.42065851888062217,0.21867656666801216,0.0,0.0,0.0,0.0,0.0,0.0,0.0,0.0,0.0,0.0,0.0,0.0,0.0,0.0,0.0,0.0,0.231556081571157,0.11744953275134055,0.0,0.0,0.42065851888062217,0.0,0.0,0.0,0.0,0.0,0.0,0.0,0.0,0.0,0.42065851888062217,0.0,0.0,0.0,0.0,0.0,0.0,0.0,0.0,0.0,0.0,0.0,0.42065851888062217,0.0,0.0,E13
2.0,0.0,3.0,9.0,0.0,0.0,0.0,0.0,0.1661483052439899,0.0,0.0,0.0,0.0,0.0,0.24207202490079238,0.0,0.0,0.0,0.0,0.0,0.0,0.0,0.0,0.0,0.0,0.0,0.892370001764264,0.0,0.0,0.0,0.0,0.0,0.0,0.0,0.0,0.0,0.0,0.0,0.2426371573701316,0.0,0.0,0.0,0.0,0.24207202490079238,0.0,0.0,0.0,0.0,0.0,0.0,0.0,0.0,0.0,0.0,E7
3.0,0.0,3.0,9.0,0.0,0.0,0.0,0.0,0.23428947065061007,0.0,0.0,0.0,0.0,0.0,0.0,0.0,0.0,0.0,0.0,0.3421481252964706,0.0,0.0,0.0,0.0,0.0,0.0,0.7550106335330056,0.2751728165091075,0.0,0.0,0.0,0.0,0.0,0.0,0.0,0.0,0.0,0.34135121926186185,0.0,0.0,0.0,0.0,0.2564396882569906,0.0,0.0,0.0,0.0,0.0,0.0,0.0,0.0,0.0,0.0,0.0,E13
2.0,0.0,3.0,9.0,0.0,0.0,0.0,0.0,0.1661483052439899,0.0,0.0,0.0,0.0,0.0,0.24207202490079238,0.0,0.0,0.0,0.0,0.0,0.0,0.0,0.0,0.0,0.0,0.0,0.892370001764264,0.0,0.0,0.0,0.0,0.0,0.0,0.0,0.0,0.0,0.0,0.0,0.2426371573701316,0.0,0.0,0.0,0.0,0.24207202490079238,0.0,0.0,0.0,0.0,0.0,0.0,0.0,0.0,0.0,0.0,E11
2.0,0.0,3.0,11.0,0.0,0.0,0.0,0.0,0.15378644268229635,0.0,0.0,0.0,0.0,0.0,0.22406124171850228,0.0,0.0,0.0,0.0,0.0,0.0,0.0,0.0,0.0,0.0,0.0,0.908572908515739,0.0,0.0,0.0,0.0,0.0,0.0,0.0,0.0,0.0,0.0,0.0,0.2245843268741186,0.0,0.0,0.0,0.0,0.22406124171850228,0.0,0.0,0.0,0.0,0.0,0.0,0.0,0.0,0.0,0.0,E13
2.0,0.0,3.0,11.0,0.0,0.0,0.0,0.0,0.15378644268229635,0.0,0.0,0.0,0.0,0.0,0.22406124171850228,0.0,0.0,0.0,0.0,0.0,0.0,0.0,0.0,0.0,0.0,0.0,0.908572908515739,0.0,0.0,0.0,0.0,0.0,0.0,0.0,0.0,0.0,0.0,0.0,0.2245843268741186,0.0,0.0,0.0,0.0,0.22406124171850228,0.0,0.0,0.0,0.0,0.0,0.0,0.0,0.0,0.0,0.0,E13
2.0,0.0,3.0,12.0,0.0,0.0,0.0,0.0,0.15378644268229635,0.0,0.0,0.0,0.0,0.0,0.22406124171850228,0.0,0.0,0.0,0.0,0.0,0.0,0.0,0.0,0.0,0.0,0.0,0.908572908515739,0.0,0.0,0.0,0.0,0.0,0.0,0.0,0.0,0.0,0.0,0.0,0.2245843268741186,0.0,0.0,0.0,0.0,0.22406124171850228,0.0,0.0,0.0,0.0,0.0,0.0,0.0,0.0,0.0,0.0,E13
5.0,0.0,3.0,12.0,0.0,0.23836634715786661,0.29376506859060325,0.0,0.2062718063434884,0.29376506859060325,0.0,0.0,0.0,0.0,0.0,0.0,0.0,0.0,0.0,0.0,0.0,0.0,0.0,0.23836634715786661,0.0,0.2184207112050361,0.6647221778892567,0.0,0.0,0.0,0.0,0.0,0.0,0.0,0.0,0.0,0.0,0.0,0.0,0.0,0.0,0.0,0.22577317524360016,0.0,0.0,0.0,0.0,0.0,0.0,0.21067618968495705,0.29376506859060325,0.0,0.0,0.0,E13
3.0,0.0,3.0,13.0,0.0,0.0,0.0,0.0,0.34939103204185995,0.0,0.0,0.0,0.0,0.0,0.0,0.0,0.0,0.0,0.48840804444937863,0.0,0.0,0.0,0.0,0.0,0.0,0.0,0.37531057018216657,0.0,0.4992621880111665,0.0,0.0,0.0,0.0,0.0,0.0,0.0,0.0,0.0,0.0,0.0,0.0,0.0,0.0,0.0,0.0,0.0,0.0,0.0,0.4992621880111665,0.0,0.0,0.0,0.0,0.0,E6
5.0,0.0,3.0,13.0,0.0,0.22135968273463763,0.27280588538225176,0.0,0.19155498313298006,0.27280588538225176,0.0,0.0,0.0,0.0,0.0,0.0,0.0,0.0,0.0,0.0,0.0,0.0,0.0,0.22135968273463763,0.0,0.20283710310415376,0.7201791451902878,0.0,0.0,0.0,0.0,0.0,0.0,0.0,0.0,0.0,0.0,0.0,0.0,0.0,0.0,0.0,0.20966499272154374,0.0,0.0,0.0,0.0,0.0,0.0,0.19564512803276962,0.27280588538225176,0.0,0.0,0.0,E10
5.0,0.0,3.0,14.0,0.41221558671081765,0.0,0.0,0.41221558671081765,0.2142875638625615,0.0,0.0,0.0,0.0,0.0,0.0,0.0,0.0,0.0,0.0,0.0,0.0,0.0,0.0,0.0,0.0,0.2269085772357799,0.23018446497095518,0.0,0.0,0.41221558671081765,0.0,0.0,0.0,0.0,0.0,0.0,0.0,0.0,0.0,0.41221558671081765,0.0,0.0,0.0,0.0,0.0,0.0,0.0,0.0,0.0,0.0,0.0,0.41221558671081765,0.0,0.0,E6
3.0,0.0,3.0,15.0,0.0,0.0,0.0,0.0,0.2578159997202256,0.0,0.0,0.0,0.0,0.0,0.0,0.0,0.0,0.0,0.0,0.37650544316290596,0.0,0.0,0.0,0.0,0.0,0.0,0.6923551335276573,0.30280470815490756,0.0,0.0,0.0,0.0,0.0,0.0,0.0,0.0,0.0,0.37562851461197616,0.0,0.0,0.0,0.0,0.2821904646944785,0.0,0.0,0.0,0.0,0.0,0.0,0.0,0.0,0.0,0.0,0.0,E7
5.0,0.0,3.0,16.0,0.0,0.22135968273463763,0.27280588538225176,0.0,0.19155498313298006,0.27280588538225176,0.0,0.0,0.0,0.0,0.0,0.0,0.0,0.0,0.0,0.0,0.0,0.0,0.0,0.22135968273463763,0.0,0.20283710310415376,0.7201791451902878,0.0,0.0,0.0,0.0,0.0,0.0,0.0,0.0,0.0,0.0,0.0,0.0,0.0,0.0,0.0,0.20966499272154374,0.0,0.0,0.0,0.0,0.0,0.0,0.19564512803276962,0.27280588538225176,0.0,0.0,0.0,E11
3.0,0.0,3.0,16.0,0.0,0.0,0.0,0.0,0.2578159997202256,0.0,0.0,0.0,0.0,0.0,0.0,0.0,0.0,0.0,0.0,0.37650544316290596,0.0,0.0,0.0,0.0,0.0,0.0,0.6923551335276573,0.30280470815490756,0.0,0.0,0.0,0.0,0.0,0.0,0.0,0.0,0.0,0.37562851461197616,0.0,0.0,0.0,0.0,0.2821904646944785,0.0,0.0,0.0,0.0,0.0,0.0,0.0,0.0,0.0,0.0,0.0,E6
3.0,0.0,3.0,17.0,0.0,0.0,0.0,0.0,0.34939103204185995,0.0,0.0,0.0,0.0,0.0,0.0,0.0,0.0,0.0,0.48840804444937863,0.0,0.0,0.0,0.0,0.0,0.0,0.0,0.37531057018216657,0.0,0.4992621880111665,0.0,0.0,0.0,0.0,0.0,0.0,0.0,0.0,0.0,0.0,0.0,0.0,0.0,0.0,0.0,0.0,0.0,0.0,0.0,0.4992621880111665,0.0,0.0,0.0,0.0,0.0,E11
3.0,0.0,3.0,17.0,0.0,0.0,0.0,0.0,0.2578159997202256,0.0,0.0,0.0,0.0,0.0,0.0,0.0,0.0,0.0,0.0,0.37650544316290596,0.0,0.0,0.0,0.0,0.0,0.0,0.6923551335276573,0.30280470815490756,0.0,0.0,0.0,0.0,0.0,0.0,0.0,0.0,0.0,0.37562851461197616,0.0,0.0,0.0,0.0,0.2821904646944785,0.0,0.0,0.0,0.0,0.0,0.0,0.0,0.0,0.0,0.0,0.0,E10
3.0,0.0,3.0,18.0,0.0,0.0,0.0,0.0,0.3694506407597979,0.0,0.0,0.0,0.0,0.0,0.0,0.0,0.0,0.0,0.516449045413519,0.0,0.0,0.0,0.0,0.0,0.0,0.0,0.19842914946528173,0.0,0.5279263585842844,0.0,0.0,0.0,0.0,0.0,0.0,0.0,0.0,0.0,0.0,0.0,0.0,0.0,0.0,0.0,0.0,0.0,0.0,0.0,0.5279263585842844,0.0,0.0,0.0,0.0,0.0,E11
3.0,0.0,3.0,19.0,0.0,0.0,0.0,0.0,0.2578159997202256,0.0,0.0,0.0,0.0,0.0,0.0,0.0,0.0,0.0,0.0,0.37650544316290596,0.0,0.0,0.0,0.0,0.0,0.0,0.6923551335276573,0.30280470815490756,0.0,0.0,0.0,0.0,0.0,0.0,0.0,0.0,0.0,0.37562851461197616,0.0,0.0,0.0,0.0,0.2821904646944785,0.0,0.0,0.0,0.0,0.0,0.0,0.0,0.0,0.0,0.0,0.0,E10
3.0,0.0,3.0,19.0,0.0,0.0,0.0,0.0,0.3694506407597979,0.0,0.0,0.0,0.0,0.0,0.0,0.0,0.0,0.0,0.516449045413519,0.0,0.0,0.0,0.0,0.0,0.0,0.0,0.19842914946528173,0.0,0.5279263585842844,0.0,0.0,0.0,0.0,0.0,0.0,0.0,0.0,0.0,0.0,0.0,0.0,0.0,0.0,0.0,0.0,0.0,0.0,0.0,0.5279263585842844,0.0,0.0,0.0,0.0,0.0,E11
5.0,0.0,3.0,19.0,0.0,0.23836634715786661,0.29376506859060325,0.0,0.2062718063434884,0.29376506859060325,0.0,0.0,0.0,0.0,0.0,0.0,0.0,0.0,0.0,0.0,0.0,0.0,0.0,0.23836634715786661,0.0,0.2184207112050361,0.6647221778892567,0.0,0.0,0.0,0.0,0.0,0.0,0.0,0.0,0.0,0.0,0.0,0.0,0.0,0.0,0.0,0.22577317524360016,0.0,0.0,0.0,0.0,0.0,0.0,0.21067618968495705,0.29376506859060325,0.0,0.0,0.0,E10
5.0,0.0,3.0,20.0,0.42065851888062217,0.0,0.0,0.42065851888062217,0.21867656666801216,0.0,0.0,0.0,0.0,0.0,0.0,0.0,0.0,0.0,0.0,0.0,0.0,0.0,0.0,0.0,0.0,0.231556081571157,0.11744953275134055,0.0,0.0,0.42065851888062217,0.0,0.0,0.0,0.0,0.0,0.0,0.0,0.0,0.0,0.42065851888062217,0.0,0.0,0.0,0.0,0.0,0.0,0.0,0.0,0.0,0.0,0.0,0.42065851888062217,0.0,0.0,E6
5.0,0.0,3.0,21.0,0.0,0.23836634715786661,0.29376506859060325,0.0,0.2062718063434884,0.29376506859060325,0.0,0.0,0.0,0.0,0.0,0.0,0.0,0.0,0.0,0.0,0.0,0.0,0.0,0.23836634715786661,0.0,0.2184207112050361,0.6647221778892567,0.0,0.0,0.0,0.0,0.0,0.0,0.0,0.0,0.0,0.0,0.0,0.0,0.0,0.0,0.0,0.22577317524360016,0.0,0.0,0.0,0.0,0.0,0.0,0.21067618968495705,0.29376506859060325,0.0,0.0,0.0,E7
5.0,0.0,3.0,23.0,0.41221558671081765,0.0,0.0,0.41221558671081765,0.2142875638625615,0.0,0.0,0.0,0.0,0.0,0.0,0.0,0.0,0.0,0.0,0.0,0.0,0.0,0.0,0.0,0.0,0.2269085772357799,0.23018446497095518,0.0,0.0,0.41221558671081765,0.0,0.0,0.0,0.0,0.0,0.0,0.0,0.0,0.0,0.41221558671081765,0.0,0.0,0.0,0.0,0.0,0.0,0.0,0.0,0.0,0.0,0.0,0.41221558671081765,0.0,0.0,E6
3.0,0.0,3.0,24.0,0.0,0.0,0.0,0.0,0.3694506407597979,0.0,0.0,0.0,0.0,0.0,0.0,0.0,0.0,0.0,0.516449045413519,0.0,0.0,0.0,0.0,0.0,0.0,0.0,0.19842914946528173,0.0,0.5279263585842844,0.0,0.0,0.0,0.0,0.0,0.0,0.0,0.0,0.0,0.0,0.0,0.0,0.0,0.0,0.0,0.0,0.0,0.0,0.0,0.5279263585842844,0.0,0.0,0.0,0.0,0.0,E7
2.0,0.0,3.0,25.0,0.0,0.0,0.0,0.0,0.1661483052439899,0.0,0.0,0.0,0.0,0.0,0.24207202490079238,0.0,0.0,0.0,0.0,0.0,0.0,0.0,0.0,0.0,0.0,0.0,0.892370001764264,0.0,0.0,0.0,0.0,0.0,0.0,0.0,0.0,0.0,0.0,0.0,0.2426371573701316,0.0,0.0,0.0,0.0,0.24207202490079238,0.0,0.0,0.0,0.0,0.0,0.0,0.0,0.0,0.0,0.0,E10
5.0,0.0,3.0,25.0,0.0,0.23836634715786661,0.29376506859060325,0.0,0.2062718063434884,0.29376506859060325,0.0,0.0,0.0,0.0,0.0,0.0,0.0,0.0,0.0,0.0,0.0,0.0,0.0,0.23836634715786661,0.0,0.2184207112050361,0.6647221778892567,0.0,0.0,0.0,0.0,0.0,0.0,0.0,0.0,0.0,0.0,0.0,0.0,0.0,0.0,0.0,0.22577317524360016,0.0,0.0,0.0,0.0,0.0,0.0,0.21067618968495705,0.29376506859060325,0.0,0.0,0.0,E13
3.0,0.0,3.0,26.0,0.0,0.0,0.0,0.0,0.23428947065061007,0.0,0.0,0.0,0.0,0.0,0.0,0.0,0.0,0.0,0.0,0.3421481252964706,0.0,0.0,0.0,0.0,0.0,0.0,0.7550106335330056,0.2751728165091075,0.0,0.0,0.0,0.0,0.0,0.0,0.0,0.0,0.0,0.34135121926186185,0.0,0.0,0.0,0.0,0.2564396882569906,0.0,0.0,0.0,0.0,0.0,0.0,0.0,0.0,0.0,0.0,0.0,E6
3.0,0.0,3.0,26.0,0.0,0.0,0.0,0.0,0.23428947065061007,0.0,0.0,0.0,0.0,0.0,0.0,0.0,0.0,0.0,0.0,0.3421481252964706,0.0,0.0,0.0,0.0,0.0,0.0,0.7550106335330056,0.2751728165091075,0.0,0.0,0.0,0.0,0.0,0.0,0.0,0.0,0.0,0.34135121926186185,0.0,0.0,0.0,0.0,0.2564396882569906,0.0,0.0,0.0,0.0,0.0,0.0,0.0,0.0,0.0,0.0,0.0,E11
5.0,0.0,3.0,28.0,0.0,0.22135968273463763,0.27280588538225176,0.0,0.19155498313298006,0.27280588538225176,0.0,0.0,0.0,0.0,0.0,0.0,0.0,0.0,0.0,0.0,0.0,0.0,0.0,0.22135968273463763,0.0,0.20283710310415376,0.7201791451902878,0.0,0.0,0.0,0.0,0.0,0.0,0.0,0.0,0.0,0.0,0.0,0.0,0.0,0.0,0.0,0.20966499272154374,0.0,0.0,0.0,0.0,0.0,0.0,0.19564512803276962,0.27280588538225176,0.0,0.0,0.0,E11
3.0,0.0,3.0,28.0,0.0,0.0,0.0,0.0,0.34939103204185995,0.0,0.0,0.0,0.0,0.0,0.0,0.0,0.0,0.0,0.48840804444937863,0.0,0.0,0.0,0.0,0.0,0.0,0.0,0.37531057018216657,0.0,0.4992621880111665,0.0,0.0,0.0,0.0,0.0,0.0,0.0,0.0,0.0,0.0,0.0,0.0,0.0,0.0,0.0,0.0,0.0,0.0,0.0,0.4992621880111665,0.0,0.0,0.0,0.0,0.0,E6
3.0,0.0,3.0,28.0,0.0,0.0,0.0,0.0,0.34939103204185995,0.0,0.0,0.0,0.0,0.0,0.0,0.0,0.0,0.0,0.48840804444937863,0.0,0.0,0.0,0.0,0.0,0.0,0.0,0.37531057018216657,0.0,0.4992621880111665,0.0,0.0,0.0,0.0,0.0,0.0,0.0,0.0,0.0,0.0,0.0,0.0,0.0,0.0,0.0,0.0,0.0,0.0,0.0,0.4992621880111665,0.0,0.0,0.0,0.0,0.0,E10
2.0,0.0,3.0,29.0,0.0,0.0,0.0,0.0,0.1661483052439899,0.0,0.0,0.0,0.0,0.0,0.24207202490079238,0.0,0.0,0.0,0.0,0.0,0.0,0.0,0.0,0.0,0.0,0.0,0.892370001764264,0.0,0.0,0.0,0.0,0.0,0.0,0.0,0.0,0.0,0.0,0.0,0.2426371573701316,0.0,0.0,0.0,0.0,0.24207202490079238,0.0,0.0,0.0,0.0,0.0,0.0,0.0,0.0,0.0,0.0,E10
3.0,0.0,3.0,29.0,0.0,0.0,0.0,0.0,0.2578159997202256,0.0,0.0,0.0,0.0,0.0,0.0,0.0,0.0,0.0,0.0,0.37650544316290596,0.0,0.0,0.0,0.0,0.0,0.0,0.6923551335276573,0.30280470815490756,0.0,0.0,0.0,0.0,0.0,0.0,0.0,0.0,0.0,0.37562851461197616,0.0,0.0,0.0,0.0,0.2821904646944785,0.0,0.0,0.0,0.0,0.0,0.0,0.0,0.0,0.0,0.0,0.0,E13
5.0,0.0,3.0,31.0,0.0,0.23836634715786661,0.29376506859060325,0.0,0.2062718063434884,0.29376506859060325,0.0,0.0,0.0,0.0,0.0,0.0,0.0,0.0,0.0,0.0,0.0,0.0,0.0,0.23836634715786661,0.0,0.2184207112050361,0.6647221778892567,0.0,0.0,0.0,0.0,0.0,0.0,0.0,0.0,0.0,0.0,0.0,0.0,0.0,0.0,0.0,0.22577317524360016,0.0,0.0,0.0,0.0,0.0,0.0,0.21067618968495705,0.29376506859060325,0.0,0.0,0.0,E11
3.0,0.0,3.0,31.0,0.0,0.0,0.0,0.0,0.3694506407597979,0.0,0.0,0.0,0.0,0.0,0.0,0.0,0.0,0.0,0.516449045413519,0.0,0.0,0.0,0.0,0.0,0.0,0.0,0.19842914946528173,0.0,0.5279263585842844,0.0,0.0,0.0,0.0,0.0,0.0,0.0,0.0,0.0,0.0,0.0,0.0,0.0,0.0,0.0,0.0,0.0,0.0,0.0,0.5279263585842844,0.0,0.0,0.0,0.0,0.0,E6
5.0,0.0,3.0,32.0,0.0,0.23836634715786661,0.29376506859060325,0.0,0.2062718063434884,0.29376506859060325,0.0,0.0,0.0,0.0,0.0,0.0,0.0,0.0,0.0,0.0,0.0,0.0,0.0,0.23836634715786661,0.0,0.2184207112050361,0.6647221778892567,0.0,0.0,0.0,0.0,0.0,0.0,0.0,0.0,0.0,0.0,0.0,0.0,0.0,0.0,0.0,0.22577317524360016,0.0,0.0,0.0,0.0,0.0,0.0,0.21067618968495705,0.29376506859060325,0.0,0.0,0.0,E10
3.0,0.0,3.0,34.0,0.0,0.0,0.0,0.0,0.34939103204185995,0.0,0.0,0.0,0.0,0.0,0.0,0.0,0.0,0.0,0.48840804444937863,0.0,0.0,0.0,0.0,0.0,0.0,0.0,0.37531057018216657,0.0,0.4992621880111665,0.0,0.0,0.0,0.0,0.0,0.0,0.0,0.0,0.0,0.0,0.0,0.0,0.0,0.0,0.0,0.0,0.0,0.0,0.0,0.4992621880111665,0.0,0.0,0.0,0.0,0.0,E6
2.0,0.0,3.0,34.0,0.0,0.0,0.0,0.0,0.15378644268229635,0.0,0.0,0.0,0.0,0.0,0.22406124171850228,0.0,0.0,0.0,0.0,0.0,0.0,0.0,0.0,0.0,0.0,0.0,0.908572908515739,0.0,0.0,0.0,0.0,0.0,0.0,0.0,0.0,0.0,0.0,0.0,0.2245843268741186,0.0,0.0,0.0,0.0,0.22406124171850228,0.0,0.0,0.0,0.0,0.0,0.0,0.0,0.0,0.0,0.0,E10
3.0,0.0,3.0,35.0,0.0,0.0,0.0,0.0,0.3694506407597979,0.0,0.0,0.0,0.0,0.0,0.0,0.0,0.0,0.0,0.516449045413519,0.0,0.0,0.0,0.0,0.0,0.0,0.0,0.19842914946528173,0.0,0.5279263585842844,0.0,0.0,0.0,0.0,0.0,0.0,0.0,0.0,0.0,0.0,0.0,0.0,0.0,0.0,0.0,0.0,0.0,0.0,0.0,0.5279263585842844,0.0,0.0,0.0,0.0,0.0,E13
5.0,0.0,3.0,38.0,0.0,0.2428868481176099,0.0,0.0,0.21018365006497722,0.0,0.0,0.0,0.33238685715354443,0.0,0.0,0.0,0.0,0.0,0.0,0.0,0.0,0.0,0.33469666057283937,0.2428868481176099,0.0,0.22256295295351686,0.6773283082383573,0.2468605473900918,0.0,0.0,0.0,0.0,0.0,0.0,0.0,0.0,0.0,0.0,0.0,0.0,0.0,0.0,0.0,0.0,0.0,0.0,0.0,0.0,0.0,0.21467156037809929,0.0,0.0,0.0,0.0,E10
5.0,0.0,3.0,38.0,0.0,0.26193916470232276,0.0,0.0,0.22667069114193747,0.0,0.0,0.0,0.35845965475525166,0.0,0.0,0.0,0.0,0.0,0.0,0.0,0.0,0.0,0.3609506417434961,0.26193916470232276,0.0,0.24002104042330735,0.6087155832170444,0.26622456539930955,0.0,0.0,0.0,0.0,0.0,0.0,0.0,0.0,0.0,0.0,0.0,0.0,0.0,0.0,0.0,0.0,0.0,0.0,0.0,0.0,0.0,0.2315106381699005,0.0,0.0,0.0,0.0,E8
5.0,0.0,3.0,38.0,0.0,0.2428868481176099,0.0,0.0,0.21018365006497722,0.0,0.0,0.0,0.33238685715354443,0.0,0.0,0.0,0.0,0.0,0.0,0.0,0.0,0.0,0.33469666057283937,0.2428868481176099,0.0,0.22256295295351686,0.6773283082383573,0.2468605473900918,0.0,0.0,0.0,0.0,0.0,0.0,0.0,0.0,0.0,0.0,0.0,0.0,0.0,0.0,0.0,0.0,0.0,0.0,0.0,0.0,0.0,0.21467156037809929,0.0,0.0,0.0,0.0,E8
4.0,0.0,3.0,38.0,0.0,0.0,0.0,0.0,0.34040857727446816,0.0,0.34324002279077004,0.34324002279077004,0.0,0.34324002279077004,0.0,0.34324002279077004,0.0,0.34324002279077004,0.0,0.0,0.0,0.34324002279077004,0.0,0.0,0.34324002279077004,0.0,0.24377450194824343,0.0,0.0,0.0,0.0,0.0,0.0,0.0,0.0,0.0,0.0,0.0,0.0,0.0,0.0,0.0,0.0,0.0,0.0,0.0,0.0,0.0,0.0,0.0,0.0,0.0,0.0,0.0,E8
3.0,0.0,3.0,39.0,0.0,0.0,0.0,0.0,0.34939103204185995,0.0,0.0,0.0,0.0,0.0,0.0,0.0,0.0,0.0,0.48840804444937863,0.0,0.0,0.0,0.0,0.0,0.0,0.0,0.37531057018216657,0.0,0.4992621880111665,0.0,0.0,0.0,0.0,0.0,0.0,0.0,0.0,0.0,0.0,0.0,0.0,0.0,0.0,0.0,0.0,0.0,0.0,0.0,0.4992621880111665,0.0,0.0,0.0,0.0,0.0,E9
3.0,0.0,3.0,39.0,0.0,0.0,0.0,0.0,0.2578159997202256,0.0,0.0,0.0,0.0,0.0,0.0,0.0,0.0,0.0,0.0,0.37650544316290596,0.0,0.0,0.0,0.0,0.0,0.0,0.6923551335276573,0.30280470815490756,0.0,0.0,0.0,0.0,0.0,0.0,0.0,0.0,0.0,0.37562851461197616,0.0,0.0,0.0,0.0,0.2821904646944785,0.0,0.0,0.0,0.0,0.0,0.0,0.0,0.0,0.0,0.0,0.0,E10
2.0,0.0,3.0,39.0,0.0,0.0,0.0,0.0,0.1661483052439899,0.0,0.0,0.0,0.0,0.0,0.24207202490079238,0.0,0.0,0.0,0.0,0.0,0.0,0.0,0.0,0.0,0.0,0.0,0.892370001764264,0.0,0.0,0.0,0.0,0.0,0.0,0.0,0.0,0.0,0.0,0.0,0.2426371573701316,0.0,0.0,0.0,0.0,0.24207202490079238,0.0,0.0,0.0,0.0,0.0,0.0,0.0,0.0,0.0,0.0,E11
5.0,0.0,3.0,39.0,0.0,0.23836634715786661,0.29376506859060325,0.0,0.2062718063434884,0.29376506859060325,0.0,0.0,0.0,0.0,0.0,0.0,0.0,0.0,0.0,0.0,0.0,0.0,0.0,0.23836634715786661,0.0,0.2184207112050361,0.6647221778892567,0.0,0.0,0.0,0.0,0.0,0.0,0.0,0.0,0.0,0.0,0.0,0.0,0.0,0.0,0.0,0.22577317524360016,0.0,0.0,0.0,0.0,0.0,0.0,0.21067618968495705,0.29376506859060325,0.0,0.0,0.0,E13
3.0,0.0,3.0,41.0,0.0,0.0,0.0,0.0,0.3694506407597979,0.0,0.0,0.0,0.0,0.0,0.0,0.0,0.0,0.0,0.516449045413519,0.0,0.0,0.0,0.0,0.0,0.0,0.0,0.19842914946528173,0.0,0.5279263585842844,0.0,0.0,0.0,0.0,0.0,0.0,0.0,0.0,0.0,0.0,0.0,0.0,0.0,0.0,0.0,0.0,0.0,0.0,0.0,0.5279263585842844,0.0,0.0,0.0,0.0,0.0,E6
5.0,0.0,3.0,42.0,0.42065851888062217,0.0,0.0,0.42065851888062217,0.21867656666801216,0.0,0.0,0.0,0.0,0.0,0.0,0.0,0.0,0.0,0.0,0.0,0.0,0.0,0.0,0.0,0.0,0.231556081571157,0.11744953275134055,0.0,0.0,0.42065851888062217,0.0,0.0,0.0,0.0,0.0,0.0,0.0,0.0,0.0,0.42065851888062217,0.0,0.0,0.0,0.0,0.0,0.0,0.0,0.0,0.0,0.0,0.0,0.42065851888062217,0.0,0.0,E10
2.0,0.0,3.0,43.0,0.0,0.0,0.0,0.0,0.1661483052439899,0.0,0.0,0.0,0.0,0.0,0.24207202490079238,0.0,0.0,0.0,0.0,0.0,0.0,0.0,0.0,0.0,0.0,0.0,0.892370001764264,0.0,0.0,0.0,0.0,0.0,0.0,0.0,0.0,0.0,0.0,0.0,0.2426371573701316,0.0,0.0,0.0,0.0,0.24207202490079238,0.0,0.0,0.0,0.0,0.0,0.0,0.0,0.0,0.0,0.0,E7
3.0,0.0,3.0,43.0,0.0,0.0,0.0,0.0,0.23428947065061007,0.0,0.0,0.0,0.0,0.0,0.0,0.0,0.0,0.0,0.0,0.3421481252964706,0.0,0.0,0.0,0.0,0.0,0.0,0.7550106335330056,0.2751728165091075,0.0,0.0,0.0,0.0,0.0,0.0,0.0,0.0,0.0,0.34135121926186185,0.0,0.0,0.0,0.0,0.2564396882569906,0.0,0.0,0.0,0.0,0.0,0.0,0.0,0.0,0.0,0.0,0.0,E13
3.0,0.0,3.0,44.0,0.0,0.0,0.0,0.0,0.3694506407597979,0.0,0.0,0.0,0.0,0.0,0.0,0.0,0.0,0.0,0.516449045413519,0.0,0.0,0.0,0.0,0.0,0.0,0.0,0.19842914946528173,0.0,0.5279263585842844,0.0,0.0,0.0,0.0,0.0,0.0,0.0,0.0,0.0,0.0,0.0,0.0,0.0,0.0,0.0,0.0,0.0,0.0,0.0,0.5279263585842844,0.0,0.0,0.0,0.0,0.0,E11
5.0,0.0,3.0,46.0,0.0,0.22135968273463763,0.27280588538225176,0.0,0.19155498313298006,0.27280588538225176,0.0,0.0,0.0,0.0,0.0,0.0,0.0,0.0,0.0,0.0,0.0,0.0,0.0,0.22135968273463763,0.0,0.20283710310415376,0.7201791451902878,0.0,0.0,0.0,0.0,0.0,0.0,0.0,0.0,0.0,0.0,0.0,0.0,0.0,0.0,0.0,0.20966499272154374,0.0,0.0,0.0,0.0,0.0,0.0,0.19564512803276962,0.27280588538225176,0.0,0.0,0.0,E10
5.0,0.0,3.0,47.0,0.0,0.23836634715786661,0.29376506859060325,0.0,0.2062718063434884,0.29376506859060325,0.0,0.0,0.0,0.0,0.0,0.0,0.0,0.0,0.0,0.0,0.0,0.0,0.0,0.23836634715786661,0.0,0.2184207112050361,0.6647221778892567,0.0,0.0,0.0,0.0,0.0,0.0,0.0,0.0,0.0,0.0,0.0,0.0,0.0,0.0,0.0,0.22577317524360016,0.0,0.0,0.0,0.0,0.0,0.0,0.21067618968495705,0.29376506859060325,0.0,0.0,0.0,E6
3.0,0.0,3.0,47.0,0.0,0.0,0.0,0.0,0.23428947065061007,0.0,0.0,0.0,0.0,0.0,0.0,0.0,0.0,0.0,0.0,0.3421481252964706,0.0,0.0,0.0,0.0,0.0,0.0,0.7550106335330056,0.2751728165091075,0.0,0.0,0.0,0.0,0.0,0.0,0.0,0.0,0.0,0.34135121926186185,0.0,0.0,0.0,0.0,0.2564396882569906,0.0,0.0,0.0,0.0,0.0,0.0,0.0,0.0,0.0,0.0,0.0,E6
3.0,0.0,3.0,47.0,0.0,0.0,0.0,0.0,0.2578159997202256,0.0,0.0,0.0,0.0,0.0,0.0,0.0,0.0,0.0,0.0,0.37650544316290596,0.0,0.0,0.0,0.0,0.0,0.0,0.6923551335276573,0.30280470815490756,0.0,0.0,0.0,0.0,0.0,0.0,0.0,0.0,0.0,0.37562851461197616,0.0,0.0,0.0,0.0,0.2821904646944785,0.0,0.0,0.0,0.0,0.0,0.0,0.0,0.0,0.0,0.0,0.0,E11
3.0,0.0,3.0,49.0,0.0,0.0,0.0,0.0,0.3694506407597979,0.0,0.0,0.0,0.0,0.0,0.0,0.0,0.0,0.0,0.516449045413519,0.0,0.0,0.0,0.0,0.0,0.0,0.0,0.19842914946528173,0.0,0.5279263585842844,0.0,0.0,0.0,0.0,0.0,0.0,0.0,0.0,0.0,0.0,0.0,0.0,0.0,0.0,0.0,0.0,0.0,0.0,0.0,0.5279263585842844,0.0,0.0,0.0,0.0,0.0,E11
3.0,0.0,3.0,49.0,0.0,0.0,0.0,0.0,0.34939103204185995,0.0,0.0,0.0,0.0,0.0,0.0,0.0,0.0,0.0,0.48840804444937863,0.0,0.0,0.0,0.0,0.0,0.0,0.0,0.37531057018216657,0.0,0.4992621880111665,0.0,0.0,0.0,0.0,0.0,0.0,0.0,0.0,0.0,0.0,0.0,0.0,0.0,0.0,0.0,0.0,0.0,0.0,0.0,0.4992621880111665,0.0,0.0,0.0,0.0,0.0,E10
2.0,0.0,3.0,50.0,0.0,0.0,0.0,0.0,0.15378644268229635,0.0,0.0,0.0,0.0,0.0,0.22406124171850228,0.0,0.0,0.0,0.0,0.0,0.0,0.0,0.0,0.0,0.0,0.0,0.908572908515739,0.0,0.0,0.0,0.0,0.0,0.0,0.0,0.0,0.0,0.0,0.0,0.2245843268741186,0.0,0.0,0.0,0.0,0.22406124171850228,0.0,0.0,0.0,0.0,0.0,0.0,0.0,0.0,0.0,0.0,E10
2.0,0.0,3.0,51.0,0.0,0.0,0.0,0.0,0.1661483052439899,0.0,0.0,0.0,0.0,0.0,0.24207202490079238,0.0,0.0,0.0,0.0,0.0,0.0,0.0,0.0,0.0,0.0,0.0,0.892370001764264,0.0,0.0,0.0,0.0,0.0,0.0,0.0,0.0,0.0,0.0,0.0,0.2426371573701316,0.0,0.0,0.0,0.0,0.24207202490079238,0.0,0.0,0.0,0.0,0.0,0.0,0.0,0.0,0.0,0.0,E13
3.0,0.0,3.0,51.0,0.0,0.0,0.0,0.0,0.23428947065061007,0.0,0.0,0.0,0.0,0.0,0.0,0.0,0.0,0.0,0.0,0.3421481252964706,0.0,0.0,0.0,0.0,0.0,0.0,0.7550106335330056,0.2751728165091075,0.0,0.0,0.0,0.0,0.0,0.0,0.0,0.0,0.0,0.34135121926186185,0.0,0.0,0.0,0.0,0.2564396882569906,0.0,0.0,0.0,0.0,0.0,0.0,0.0,0.0,0.0,0.0,0.0,E13
5.0,0.0,3.0,51.0,0.0,0.23836634715786661,0.29376506859060325,0.0,0.2062718063434884,0.29376506859060325,0.0,0.0,0.0,0.0,0.0,0.0,0.0,0.0,0.0,0.0,0.0,0.0,0.0,0.23836634715786661,0.0,0.2184207112050361,0.6647221778892567,0.0,0.0,0.0,0.0,0.0,0.0,0.0,0.0,0.0,0.0,0.0,0.0,0.0,0.0,0.0,0.22577317524360016,0.0,0.0,0.0,0.0,0.0,0.0,0.21067618968495705,0.29376506859060325,0.0,0.0,0.0,E11
3.0,0.0,3.0,52.0,0.0,0.0,0.0,0.0,0.34939103204185995,0.0,0.0,0.0,0.0,0.0,0.0,0.0,0.0,0.0,0.48840804444937863,0.0,0.0,0.0,0.0,0.0,0.0,0.0,0.37531057018216657,0.0,0.4992621880111665,0.0,0.0,0.0,0.0,0.0,0.0,0.0,0.0,0.0,0.0,0.0,0.0,0.0,0.0,0.0,0.0,0.0,0.0,0.0,0.4992621880111665,0.0,0.0,0.0,0.0,0.0,E6
3.0,0.0,3.0,54.0,0.0,0.0,0.0,0.0,0.34939103204185995,0.0,0.0,0.0,0.0,0.0,0.0,0.0,0.0,0.0,0.48840804444937863,0.0,0.0,0.0,0.0,0.0,0.0,0.0,0.37531057018216657,0.0,0.4992621880111665,0.0,0.0,0.0,0.0,0.0,0.0,0.0,0.0,0.0,0.0,0.0,0.0,0.0,0.0,0.0,0.0,0.0,0.0,0.0,0.4992621880111665,0.0,0.0,0.0,0.0,0.0,E10
5.0,0.0,3.0,55.0,0.0,0.22135968273463763,0.27280588538225176,0.0,0.19155498313298006,0.27280588538225176,0.0,0.0,0.0,0.0,0.0,0.0,0.0,0.0,0.0,0.0,0.0,0.0,0.0,0.22135968273463763,0.0,0.20283710310415376,0.7201791451902878,0.0,0.0,0.0,0.0,0.0,0.0,0.0,0.0,0.0,0.0,0.0,0.0,0.0,0.0,0.0,0.20966499272154374,0.0,0.0,0.0,0.0,0.0,0.0,0.19564512803276962,0.27280588538225176,0.0,0.0,0.0,E10
5.0,0.0,3.0,56.0,0.0,0.23836634715786661,0.29376506859060325,0.0,0.2062718063434884,0.29376506859060325,0.0,0.0,0.0,0.0,0.0,0.0,0.0,0.0,0.0,0.0,0.0,0.0,0.0,0.23836634715786661,0.0,0.2184207112050361,0.6647221778892567,0.0,0.0,0.0,0.0,0.0,0.0,0.0,0.0,0.0,0.0,0.0,0.0,0.0,0.0,0.0,0.22577317524360016,0.0,0.0,0.0,0.0,0.0,0.0,0.21067618968495705,0.29376506859060325,0.0,0.0,0.0,E6
3.0,0.0,3.0,58.0,0.0,0.0,0.0,0.0,0.3694506407597979,0.0,0.0,0.0,0.0,0.0,0.0,0.0,0.0,0.0,0.516449045413519,0.0,0.0,0.0,0.0,0.0,0.0,0.0,0.19842914946528173,0.0,0.5279263585842844,0.0,0.0,0.0,0.0,0.0,0.0,0.0,0.0,0.0,0.0,0.0,0.0,0.0,0.0,0.0,0.0,0.0,0.0,0.0,0.5279263585842844,0.0,0.0,0.0,0.0,0.0,E6
5.0,0.0,3.0,59.0,0.0,0.22135968273463763,0.27280588538225176,0.0,0.19155498313298006,0.27280588538225176,0.0,0.0,0.0,0.0,0.0,0.0,0.0,0.0,0.0,0.0,0.0,0.0,0.0,0.22135968273463763,0.0,0.20283710310415376,0.7201791451902878,0.0,0.0,0.0,0.0,0.0,0.0,0.0,0.0,0.0,0.0,0.0,0.0,0.0,0.0,0.0,0.20966499272154374,0.0,0.0,0.0,0.0,0.0,0.0,0.19564512803276962,0.27280588538225176,0.0,0.0,0.0,E10
3.0,0.0,3.0,59.0,0.0,0.0,0.0,0.0,0.3694506407597979,0.0,0.0,0.0,0.0,0.0,0.0,0.0,0.0,0.0,0.516449045413519,0.0,0.0,0.0,0.0,0.0,0.0,0.0,0.19842914946528173,0.0,0.5279263585842844,0.0,0.0,0.0,0.0,0.0,0.0,0.0,0.0,0.0,0.0,0.0,0.0,0.0,0.0,0.0,0.0,0.0,0.0,0.0,0.5279263585842844,0.0,0.0,0.0,0.0,0.0,E6
3.0,0.0,3.0,59.0,0.0,0.0,0.0,0.0,0.34939103204185995,0.0,0.0,0.0,0.0,0.0,0.0,0.0,0.0,0.0,0.48840804444937863,0.0,0.0,0.0,0.0,0.0,0.0,0.0,0.37531057018216657,0.0,0.4992621880111665,0.0,0.0,0.0,0.0,0.0,0.0,0.0,0.0,0.0,0.0,0.0,0.0,0.0,0.0,0.0,0.0,0.0,0.0,0.0,0.4992621880111665,0.0,0.0,0.0,0.0,0.0,E10
3.0,0.0,3.0,59.0,0.0,0.0,0.0,0.0,0.23428947065061007,0.0,0.0,0.0,0.0,0.0,0.0,0.0,0.0,0.0,0.0,0.3421481252964706,0.0,0.0,0.0,0.0,0.0,0.0,0.7550106335330056,0.2751728165091075,0.0,0.0,0.0,0.0,0.0,0.0,0.0,0.0,0.0,0.34135121926186185,0.0,0.0,0.0,0.0,0.2564396882569906,0.0,0.0,0.0,0.0,0.0,0.0,0.0,0.0,0.0,0.0,0.0,E10
5.0,0.0,4.0,1.0,0.41221558671081765,0.0,0.0,0.41221558671081765,0.2142875638625615,0.0,0.0,0.0,0.0,0.0,0.0,0.0,0.0,0.0,0.0,0.0,0.0,0.0,0.0,0.0,0.0,0.2269085772357799,0.23018446497095518,0.0,0.0,0.41221558671081765,0.0,0.0,0.0,0.0,0.0,0.0,0.0,0.0,0.0,0.41221558671081765,0.0,0.0,0.0,0.0,0.0,0.0,0.0,0.0,0.0,0.0,0.0,0.41221558671081765,0.0,0.0,E11
3.0,0.0,4.0,2.0,0.0,0.0,0.0,0.0,0.34939103204185995,0.0,0.0,0.0,0.0,0.0,0.0,0.0,0.0,0.0,0.48840804444937863,0.0,0.0,0.0,0.0,0.0,0.0,0.0,0.37531057018216657,0.0,0.4992621880111665,0.0,0.0,0.0,0.0,0.0,0.0,0.0,0.0,0.0,0.0,0.0,0.0,0.0,0.0,0.0,0.0,0.0,0.0,0.0,0.4992621880111665,0.0,0.0,0.0,0.0,0.0,E7
3.0,0.0,4.0,2.0,0.0,0.0,0.0,0.0,0.34939103204185995,0.0,0.0,0.0,0.0,0.0,0.0,0.0,0.0,0.0,0.48840804444937863,0.0,0.0,0.0,0.0,0.0,0.0,0.0,0.37531057018216657,0.0,0.4992621880111665,0.0,0.0,0.0,0.0,0.0,0.0,0.0,0.0,0.0,0.0,0.0,0.0,0.0,0.0,0.0,0.0,0.0,0.0,0.0,0.4992621880111665,0.0,0.0,0.0,0.0,0.0,E10
5.0,0.0,4.0,4.0,0.0,0.22135968273463763,0.27280588538225176,0.0,0.19155498313298006,0.27280588538225176,0.0,0.0,0.0,0.0,0.0,0.0,0.0,0.0,0.0,0.0,0.0,0.0,0.0,0.22135968273463763,0.0,0.20283710310415376,0.7201791451902878,0.0,0.0,0.0,0.0,0.0,0.0,0.0,0.0,0.0,0.0,0.0,0.0,0.0,0.0,0.0,0.20966499272154374,0.0,0.0,0.0,0.0,0.0,0.0,0.19564512803276962,0.27280588538225176,0.0,0.0,0.0,E10
3.0,0.0,4.0,4.0,0.0,0.0,0.0,0.0,0.3694506407597979,0.0,0.0,0.0,0.0,0.0,0.0,0.0,0.0,0.0,0.516449045413519,0.0,0.0,0.0,0.0,0.0,0.0,0.0,0.19842914946528173,0.0,0.5279263585842844,0.0,0.0,0.0,0.0,0.0,0.0,0.0,0.0,0.0,0.0,0.0,0.0,0.0,0.0,0.0,0.0,0.0,0.0,0.0,0.5279263585842844,0.0,0.0,0.0,0.0,0.0,E6
2.0,0.0,4.0,4.0,0.0,0.0,0.0,0.0,0.15378644268229635,0.0,0.0,0.0,0.0,0.0,0.22406124171850228,0.0,0.0,0.0,0.0,0.0,0.0,0.0,0.0,0.0,0.0,0.0,0.908572908515739,0.0,0.0,0.0,0.0,0.0,0.0,0.0,0.0,0.0,0.0,0.0,0.2245843268741186,0.0,0.0,0.0,0.0,0.22406124171850228,0.0,0.0,0.0,0.0,0.0,0.0,0.0,0.0,0.0,0.0,E10
3.0,0.0,4.0,5.0,0.0,0.0,0.0,0.0,0.34939103204185995,0.0,0.0,0.0,0.0,0.0,0.0,0.0,0.0,0.0,0.48840804444937863,0.0,0.0,0.0,0.0,0.0,0.0,0.0,0.37531057018216657,0.0,0.4992621880111665,0.0,0.0,0.0,0.0,0.0,0.0,0.0,0.0,0.0,0.0,0.0,0.0,0.0,0.0,0.0,0.0,0.0,0.0,0.0,0.4992621880111665,0.0,0.0,0.0,0.0,0.0,E13
3.0,0.0,4.0,5.0,0.0,0.0,0.0,0.0,0.34939103204185995,0.0,0.0,0.0,0.0,0.0,0.0,0.0,0.0,0.0,0.48840804444937863,0.0,0.0,0.0,0.0,0.0,0.0,0.0,0.37531057018216657,0.0,0.4992621880111665,0.0,0.0,0.0,0.0,0.0,0.0,0.0,0.0,0.0,0.0,0.0,0.0,0.0,0.0,0.0,0.0,0.0,0.0,0.0,0.4992621880111665,0.0,0.0,0.0,0.0,0.0,E10
2.0,0.0,4.0,5.0,0.0,0.0,0.0,0.0,0.15378644268229635,0.0,0.0,0.0,0.0,0.0,0.22406124171850228,0.0,0.0,0.0,0.0,0.0,0.0,0.0,0.0,0.0,0.0,0.0,0.908572908515739,0.0,0.0,0.0,0.0,0.0,0.0,0.0,0.0,0.0,0.0,0.0,0.2245843268741186,0.0,0.0,0.0,0.0,0.22406124171850228,0.0,0.0,0.0,0.0,0.0,0.0,0.0,0.0,0.0,0.0,E10
2.0,0.0,4.0,5.0,0.0,0.0,0.0,0.0,0.15378644268229635,0.0,0.0,0.0,0.0,0.0,0.22406124171850228,0.0,0.0,0.0,0.0,0.0,0.0,0.0,0.0,0.0,0.0,0.0,0.908572908515739,0.0,0.0,0.0,0.0,0.0,0.0,0.0,0.0,0.0,0.0,0.0,0.2245843268741186,0.0,0.0,0.0,0.0,0.22406124171850228,0.0,0.0,0.0,0.0,0.0,0.0,0.0,0.0,0.0,0.0,E13
3.0,0.0,4.0,6.0,0.0,0.0,0.0,0.0,0.2578159997202256,0.0,0.0,0.0,0.0,0.0,0.0,0.0,0.0,0.0,0.0,0.37650544316290596,0.0,0.0,0.0,0.0,0.0,0.0,0.6923551335276573,0.30280470815490756,0.0,0.0,0.0,0.0,0.0,0.0,0.0,0.0,0.0,0.37562851461197616,0.0,0.0,0.0,0.0,0.2821904646944785,0.0,0.0,0.0,0.0,0.0,0.0,0.0,0.0,0.0,0.0,0.0,E13
3.0,0.0,4.0,6.0,0.0,0.0,0.0,0.0,0.3694506407597979,0.0,0.0,0.0,0.0,0.0,0.0,0.0,0.0,0.0,0.516449045413519,0.0,0.0,0.0,0.0,0.0,0.0,0.0,0.19842914946528173,0.0,0.5279263585842844,0.0,0.0,0.0,0.0,0.0,0.0,0.0,0.0,0.0,0.0,0.0,0.0,0.0,0.0,0.0,0.0,0.0,0.0,0.0,0.5279263585842844,0.0,0.0,0.0,0.0,0.0,E11
5.0,0.0,4.0,6.0,0.0,0.23836634715786661,0.29376506859060325,0.0,0.2062718063434884,0.29376506859060325,0.0,0.0,0.0,0.0,0.0,0.0,0.0,0.0,0.0,0.0,0.0,0.0,0.0,0.23836634715786661,0.0,0.2184207112050361,0.6647221778892567,0.0,0.0,0.0,0.0,0.0,0.0,0.0,0.0,0.0,0.0,0.0,0.0,0.0,0.0,0.0,0.22577317524360016,0.0,0.0,0.0,0.0,0.0,0.0,0.21067618968495705,0.29376506859060325,0.0,0.0,0.0,E10
5.0,0.0,4.0,6.0,0.0,0.23836634715786661,0.29376506859060325,0.0,0.2062718063434884,0.29376506859060325,0.0,0.0,0.0,0.0,0.0,0.0,0.0,0.0,0.0,0.0,0.0,0.0,0.0,0.23836634715786661,0.0,0.2184207112050361,0.6647221778892567,0.0,0.0,0.0,0.0,0.0,0.0,0.0,0.0,0.0,0.0,0.0,0.0,0.0,0.0,0.0,0.22577317524360016,0.0,0.0,0.0,0.0,0.0,0.0,0.21067618968495705,0.29376506859060325,0.0,0.0,0.0,E6
5.0,0.0,4.0,7.0,0.0,0.23836634715786661,0.29376506859060325,0.0,0.2062718063434884,0.29376506859060325,0.0,0.0,0.0,0.0,0.0,0.0,0.0,0.0,0.0,0.0,0.0,0.0,0.0,0.23836634715786661,0.0,0.2184207112050361,0.6647221778892567,0.0,0.0,0.0,0.0,0.0,0.0,0.0,0.0,0.0,0.0,0.0,0.0,0.0,0.0,0.0,0.22577317524360016,0.0,0.0,0.0,0.0,0.0,0.0,0.21067618968495705,0.29376506859060325,0.0,0.0,0.0,E6
3.0,0.0,4.0,7.0,0.0,0.0,0.0,0.0,0.23428947065061007,0.0,0.0,0.0,0.0,0.0,0.0,0.0,0.0,0.0,0.0,0.3421481252964706,0.0,0.0,0.0,0.0,0.0,0.0,0.7550106335330056,0.2751728165091075,0.0,0.0,0.0,0.0,0.0,0.0,0.0,0.0,0.0,0.34135121926186185,0.0,0.0,0.0,0.0,0.2564396882569906,0.0,0.0,0.0,0.0,0.0,0.0,0.0,0.0,0.0,0.0,0.0,E6
5.0,0.0,4.0,7.0,0.0,0.22135968273463763,0.27280588538225176,0.0,0.19155498313298006,0.27280588538225176,0.0,0.0,0.0,0.0,0.0,0.0,0.0,0.0,0.0,0.0,0.0,0.0,0.0,0.22135968273463763,0.0,0.20283710310415376,0.7201791451902878,0.0,0.0,0.0,0.0,0.0,0.0,0.0,0.0,0.0,0.0,0.0,0.0,0.0,0.0,0.0,0.20966499272154374,0.0,0.0,0.0,0.0,0.0,0.0,0.19564512803276962,0.27280588538225176,0.0,0.0,0.0,E11
3.0,0.0,4.0,8.0,0.0,0.0,0.0,0.0,0.34939103204185995,0.0,0.0,0.0,0.0,0.0,0.0,0.0,0.0,0.0,0.48840804444937863,0.0,0.0,0.0,0.0,0.0,0.0,0.0,0.37531057018216657,0.0,0.4992621880111665,0.0,0.0,0.0,0.0,0.0,0.0,0.0,0.0,0.0,0.0,0.0,0.0,0.0,0.0,0.0,0.0,0.0,0.0,0.0,0.4992621880111665,0.0,0.0,0.0,0.0,0.0,E6
5.0,0.0,4.0,10.0,0.0,0.22135968273463763,0.27280588538225176,0.0,0.19155498313298006,0.27280588538225176,0.0,0.0,0.0,0.0,0.0,0.0,0.0,0.0,0.0,0.0,0.0,0.0,0.0,0.22135968273463763,0.0,0.20283710310415376,0.7201791451902878,0.0,0.0,0.0,0.0,0.0,0.0,0.0,0.0,0.0,0.0,0.0,0.0,0.0,0.0,0.0,0.20966499272154374,0.0,0.0,0.0,0.0,0.0,0.0,0.19564512803276962,0.27280588538225176,0.0,0.0,0.0,E10
5.0,0.0,4.0,10.0,0.0,0.23836634715786661,0.29376506859060325,0.0,0.2062718063434884,0.29376506859060325,0.0,0.0,0.0,0.0,0.0,0.0,0.0,0.0,0.0,0.0,0.0,0.0,0.0,0.23836634715786661,0.0,0.2184207112050361,0.6647221778892567,0.0,0.0,0.0,0.0,0.0,0.0,0.0,0.0,0.0,0.0,0.0,0.0,0.0,0.0,0.0,0.22577317524360016,0.0,0.0,0.0,0.0,0.0,0.0,0.21067618968495705,0.29376506859060325,0.0,0.0,0.0,E6
5.0,0.0,4.0,11.0,0.0,0.22135968273463763,0.27280588538225176,0.0,0.19155498313298006,0.27280588538225176,0.0,0.0,0.0,0.0,0.0,0.0,0.0,0.0,0.0,0.0,0.0,0.0,0.0,0.22135968273463763,0.0,0.20283710310415376,0.7201791451902878,0.0,0.0,0.0,0.0,0.0,0.0,0.0,0.0,0.0,0.0,0.0,0.0,0.0,0.0,0.0,0.20966499272154374,0.0,0.0,0.0,0.0,0.0,0.0,0.19564512803276962,0.27280588538225176,0.0,0.0,0.0,E6
3.0,0.0,4.0,12.0,0.0,0.0,0.0,0.0,0.2578159997202256,0.0,0.0,0.0,0.0,0.0,0.0,0.0,0.0,0.0,0.0,0.37650544316290596,0.0,0.0,0.0,0.0,0.0,0.0,0.6923551335276573,0.30280470815490756,0.0,0.0,0.0,0.0,0.0,0.0,0.0,0.0,0.0,0.37562851461197616,0.0,0.0,0.0,0.0,0.2821904646944785,0.0,0.0,0.0,0.0,0.0,0.0,0.0,0.0,0.0,0.0,0.0,E6
3.0,0.0,4.0,12.0,0.0,0.0,0.0,0.0,0.3694506407597979,0.0,0.0,0.0,0.0,0.0,0.0,0.0,0.0,0.0,0.516449045413519,0.0,0.0,0.0,0.0,0.0,0.0,0.0,0.19842914946528173,0.0,0.5279263585842844,0.0,0.0,0.0,0.0,0.0,0.0,0.0,0.0,0.0,0.0,0.0,0.0,0.0,0.0,0.0,0.0,0.0,0.0,0.0,0.5279263585842844,0.0,0.0,0.0,0.0,0.0,E11
2.0,0.0,4.0,12.0,0.0,0.0,0.0,0.0,0.15378644268229635,0.0,0.0,0.0,0.0,0.0,0.22406124171850228,0.0,0.0,0.0,0.0,0.0,0.0,0.0,0.0,0.0,0.0,0.0,0.908572908515739,0.0,0.0,0.0,0.0,0.0,0.0,0.0,0.0,0.0,0.0,0.0,0.2245843268741186,0.0,0.0,0.0,0.0,0.22406124171850228,0.0,0.0,0.0,0.0,0.0,0.0,0.0,0.0,0.0,0.0,E10
5.0,0.0,4.0,13.0,0.0,0.23836634715786661,0.29376506859060325,0.0,0.2062718063434884,0.29376506859060325,0.0,0.0,0.0,0.0,0.0,0.0,0.0,0.0,0.0,0.0,0.0,0.0,0.0,0.23836634715786661,0.0,0.2184207112050361,0.6647221778892567,0.0,0.0,0.0,0.0,0.0,0.0,0.0,0.0,0.0,0.0,0.0,0.0,0.0,0.0,0.0,0.22577317524360016,0.0,0.0,0.0,0.0,0.0,0.0,0.21067618968495705,0.29376506859060325,0.0,0.0,0.0,E13
3.0,0.0,4.0,14.0,0.0,0.0,0.0,0.0,0.3694506407597979,0.0,0.0,0.0,0.0,0.0,0.0,0.0,0.0,0.0,0.516449045413519,0.0,0.0,0.0,0.0,0.0,0.0,0.0,0.19842914946528173,0.0,0.5279263585842844,0.0,0.0,0.0,0.0,0.0,0.0,0.0,0.0,0.0,0.0,0.0,0.0,0.0,0.0,0.0,0.0,0.0,0.0,0.0,0.5279263585842844,0.0,0.0,0.0,0.0,0.0,E6
3.0,0.0,4.0,14.0,0.0,0.0,0.0,0.0,0.34939103204185995,0.0,0.0,0.0,0.0,0.0,0.0,0.0,0.0,0.0,0.48840804444937863,0.0,0.0,0.0,0.0,0.0,0.0,0.0,0.37531057018216657,0.0,0.4992621880111665,0.0,0.0,0.0,0.0,0.0,0.0,0.0,0.0,0.0,0.0,0.0,0.0,0.0,0.0,0.0,0.0,0.0,0.0,0.0,0.4992621880111665,0.0,0.0,0.0,0.0,0.0,E10
3.0,0.0,4.0,15.0,0.0,0.0,0.0,0.0,0.23428947065061007,0.0,0.0,0.0,0.0,0.0,0.0,0.0,0.0,0.0,0.0,0.3421481252964706,0.0,0.0,0.0,0.0,0.0,0.0,0.7550106335330056,0.2751728165091075,0.0,0.0,0.0,0.0,0.0,0.0,0.0,0.0,0.0,0.34135121926186185,0.0,0.0,0.0,0.0,0.2564396882569906,0.0,0.0,0.0,0.0,0.0,0.0,0.0,0.0,0.0,0.0,0.0,E10
2.0,0.0,4.0,15.0,0.0,0.0,0.0,0.0,0.1661483052439899,0.0,0.0,0.0,0.0,0.0,0.24207202490079238,0.0,0.0,0.0,0.0,0.0,0.0,0.0,0.0,0.0,0.0,0.0,0.892370001764264,0.0,0.0,0.0,0.0,0.0,0.0,0.0,0.0,0.0,0.0,0.0,0.2426371573701316,0.0,0.0,0.0,0.0,0.24207202490079238,0.0,0.0,0.0,0.0,0.0,0.0,0.0,0.0,0.0,0.0,E11
2.0,0.0,4.0,15.0,0.0,0.0,0.0,0.0,0.15378644268229635,0.0,0.0,0.0,0.0,0.0,0.22406124171850228,0.0,0.0,0.0,0.0,0.0,0.0,0.0,0.0,0.0,0.0,0.0,0.908572908515739,0.0,0.0,0.0,0.0,0.0,0.0,0.0,0.0,0.0,0.0,0.0,0.2245843268741186,0.0,0.0,0.0,0.0,0.22406124171850228,0.0,0.0,0.0,0.0,0.0,0.0,0.0,0.0,0.0,0.0,E13
3.0,0.0,4.0,17.0,0.0,0.0,0.0,0.0,0.34939103204185995,0.0,0.0,0.0,0.0,0.0,0.0,0.0,0.0,0.0,0.48840804444937863,0.0,0.0,0.0,0.0,0.0,0.0,0.0,0.37531057018216657,0.0,0.4992621880111665,0.0,0.0,0.0,0.0,0.0,0.0,0.0,0.0,0.0,0.0,0.0,0.0,0.0,0.0,0.0,0.0,0.0,0.0,0.0,0.4992621880111665,0.0,0.0,0.0,0.0,0.0,E13
3.0,0.0,4.0,17.0,0.0,0.0,0.0,0.0,0.3694506407597979,0.0,0.0,0.0,0.0,0.0,0.0,0.0,0.0,0.0,0.516449045413519,0.0,0.0,0.0,0.0,0.0,0.0,0.0,0.19842914946528173,0.0,0.5279263585842844,0.0,0.0,0.0,0.0,0.0,0.0,0.0,0.0,0.0,0.0,0.0,0.0,0.0,0.0,0.0,0.0,0.0,0.0,0.0,0.5279263585842844,0.0,0.0,0.0,0.0,0.0,E10
2.0,0.0,4.0,18.0,0.0,0.0,0.0,0.0,0.1661483052439899,0.0,0.0,0.0,0.0,0.0,0.24207202490079238,0.0,0.0,0.0,0.0,0.0,0.0,0.0,0.0,0.0,0.0,0.0,0.892370001764264,0.0,0.0,0.0,0.0,0.0,0.0,0.0,0.0,0.0,0.0,0.0,0.2426371573701316,0.0,0.0,0.0,0.0,0.24207202490079238,0.0,0.0,0.0,0.0,0.0,0.0,0.0,0.0,0.0,0.0,E10
2.0,0.0,4.0,19.0,0.0,0.0,0.0,0.0,0.15378644268229635,0.0,0.0,0.0,0.0,0.0,0.22406124171850228,0.0,0.0,0.0,0.0,0.0,0.0,0.0,0.0,0.0,0.0,0.0,0.908572908515739,0.0,0.0,0.0,0.0,0.0,0.0,0.0,0.0,0.0,0.0,0.0,0.2245843268741186,0.0,0.0,0.0,0.0,0.22406124171850228,0.0,0.0,0.0,0.0,0.0,0.0,0.0,0.0,0.0,0.0,E13
3.0,0.0,4.0,20.0,0.0,0.0,0.0,0.0,0.3694506407597979,0.0,0.0,0.0,0.0,0.0,0.0,0.0,0.0,0.0,0.516449045413519,0.0,0.0,0.0,0.0,0.0,0.0,0.0,0.19842914946528173,0.0,0.5279263585842844,0.0,0.0,0.0,0.0,0.0,0.0,0.0,0.0,0.0,0.0,0.0,0.0,0.0,0.0,0.0,0.0,0.0,0.0,0.0,0.5279263585842844,0.0,0.0,0.0,0.0,0.0,E13
5.0,0.0,4.0,20.0,0.0,0.22135968273463763,0.27280588538225176,0.0,0.19155498313298006,0.27280588538225176,0.0,0.0,0.0,0.0,0.0,0.0,0.0,0.0,0.0,0.0,0.0,0.0,0.0,0.22135968273463763,0.0,0.20283710310415376,0.7201791451902878,0.0,0.0,0.0,0.0,0.0,0.0,0.0,0.0,0.0,0.0,0.0,0.0,0.0,0.0,0.0,0.20966499272154374,0.0,0.0,0.0,0.0,0.0,0.0,0.19564512803276962,0.27280588538225176,0.0,0.0,0.0,E10
3.0,0.0,4.0,20.0,0.0,0.0,0.0,0.0,0.3694506407597979,0.0,0.0,0.0,0.0,0.0,0.0,0.0,0.0,0.0,0.516449045413519,0.0,0.0,0.0,0.0,0.0,0.0,0.0,0.19842914946528173,0.0,0.5279263585842844,0.0,0.0,0.0,0.0,0.0,0.0,0.0,0.0,0.0,0.0,0.0,0.0,0.0,0.0,0.0,0.0,0.0,0.0,0.0,0.5279263585842844,0.0,0.0,0.0,0.0,0.0,E6
2.0,0.0,4.0,21.0,0.0,0.0,0.0,0.0,0.15378644268229635,0.0,0.0,0.0,0.0,0.0,0.22406124171850228,0.0,0.0,0.0,0.0,0.0,0.0,0.0,0.0,0.0,0.0,0.0,0.908572908515739,0.0,0.0,0.0,0.0,0.0,0.0,0.0,0.0,0.0,0.0,0.0,0.2245843268741186,0.0,0.0,0.0,0.0,0.22406124171850228,0.0,0.0,0.0,0.0,0.0,0.0,0.0,0.0,0.0,0.0,E10
5.0,0.0,4.0,21.0,0.0,0.23836634715786661,0.29376506859060325,0.0,0.2062718063434884,0.29376506859060325,0.0,0.0,0.0,0.0,0.0,0.0,0.0,0.0,0.0,0.0,0.0,0.0,0.0,0.23836634715786661,0.0,0.2184207112050361,0.6647221778892567,0.0,0.0,0.0,0.0,0.0,0.0,0.0,0.0,0.0,0.0,0.0,0.0,0.0,0.0,0.0,0.22577317524360016,0.0,0.0,0.0,0.0,0.0,0.0,0.21067618968495705,0.29376506859060325,0.0,0.0,0.0,E13
3.0,0.0,4.0,23.0,0.0,0.0,0.0,0.0,0.3694506407597979,0.0,0.0,0.0,0.0,0.0,0.0,0.0,0.0,0.0,0.516449045413519,0.0,0.0,0.0,0.0,0.0,0.0,0.0,0.19842914946528173,0.0,0.5279263585842844,0.0,0.0,0.0,0.0,0.0,0.0,0.0,0.0,0.0,0.0,0.0,0.0,0.0,0.0,0.0,0.0,0.0,0.0,0.0,0.5279263585842844,0.0,0.0,0.0,0.0,0.0,E6
2.0,0.0,4.0,24.0,0.0,0.0,0.0,0.0,0.1661483052439899,0.0,0.0,0.0,0.0,0.0,0.24207202490079238,0.0,0.0,0.0,0.0,0.0,0.0,0.0,0.0,0.0,0.0,0.0,0.892370001764264,0.0,0.0,0.0,0.0,0.0,0.0,0.0,0.0,0.0,0.0,0.0,0.2426371573701316,0.0,0.0,0.0,0.0,0.24207202490079238,0.0,0.0,0.0,0.0,0.0,0.0,0.0,0.0,0.0,0.0,E10
5.0,0.0,4.0,24.0,0.0,0.23836634715786661,0.29376506859060325,0.0,0.2062718063434884,0.29376506859060325,0.0,0.0,0.0,0.0,0.0,0.0,0.0,0.0,0.0,0.0,0.0,0.0,0.0,0.23836634715786661,0.0,0.2184207112050361,0.6647221778892567,0.0,0.0,0.0,0.0,0.0,0.0,0.0,0.0,0.0,0.0,0.0,0.0,0.0,0.0,0.0,0.22577317524360016,0.0,0.0,0.0,0.0,0.0,0.0,0.21067618968495705,0.29376506859060325,0.0,0.0,0.0,E13
2.0,0.0,4.0,24.0,0.0,0.0,0.0,0.0,0.15378644268229635,0.0,0.0,0.0,0.0,0.0,0.22406124171850228,0.0,0.0,0.0,0.0,0.0,0.0,0.0,0.0,0.0,0.0,0.0,0.908572908515739,0.0,0.0,0.0,0.0,0.0,0.0,0.0,0.0,0.0,0.0,0.0,0.2245843268741186,0.0,0.0,0.0,0.0,0.22406124171850228,0.0,0.0,0.0,0.0,0.0,0.0,0.0,0.0,0.0,0.0,E6
3.0,0.0,4.0,24.0,0.0,0.0,0.0,0.0,0.34939103204185995,0.0,0.0,0.0,0.0,0.0,0.0,0.0,0.0,0.0,0.48840804444937863,0.0,0.0,0.0,0.0,0.0,0.0,0.0,0.37531057018216657,0.0,0.4992621880111665,0.0,0.0,0.0,0.0,0.0,0.0,0.0,0.0,0.0,0.0,0.0,0.0,0.0,0.0,0.0,0.0,0.0,0.0,0.0,0.4992621880111665,0.0,0.0,0.0,0.0,0.0,E13
2.0,0.0,4.0,26.0,0.0,0.0,0.0,0.0,0.15378644268229635,0.0,0.0,0.0,0.0,0.0,0.22406124171850228,0.0,0.0,0.0,0.0,0.0,0.0,0.0,0.0,0.0,0.0,0.0,0.908572908515739,0.0,0.0,0.0,0.0,0.0,0.0,0.0,0.0,0.0,0.0,0.0,0.2245843268741186,0.0,0.0,0.0,0.0,0.22406124171850228,0.0,0.0,0.0,0.0,0.0,0.0,0.0,0.0,0.0,0.0,E10
3.0,0.0,4.0,27.0,0.0,0.0,0.0,0.0,0.23428947065061007,0.0,0.0,0.0,0.0,0.0,0.0,0.0,0.0,0.0,0.0,0.3421481252964706,0.0,0.0,0.0,0.0,0.0,0.0,0.7550106335330056,0.2751728165091075,0.0,0.0,0.0,0.0,0.0,0.0,0.0,0.0,0.0,0.34135121926186185,0.0,0.0,0.0,0.0,0.2564396882569906,0.0,0.0,0.0,0.0,0.0,0.0,0.0,0.0,0.0,0.0,0.0,E13
3.0,0.0,4.0,28.0,0.0,0.0,0.0,0.0,0.3694506407597979,0.0,0.0,0.0,0.0,0.0,0.0,0.0,0.0,0.0,0.516449045413519,0.0,0.0,0.0,0.0,0.0,0.0,0.0,0.19842914946528173,0.0,0.5279263585842844,0.0,0.0,0.0,0.0,0.0,0.0,0.0,0.0,0.0,0.0,0.0,0.0,0.0,0.0,0.0,0.0,0.0,0.0,0.0,0.5279263585842844,0.0,0.0,0.0,0.0,0.0,E11
3.0,0.0,4.0,30.0,0.0,0.0,0.0,0.0,0.34939103204185995,0.0,0.0,0.0,0.0,0.0,0.0,0.0,0.0,0.0,0.48840804444937863,0.0,0.0,0.0,0.0,0.0,0.0,0.0,0.37531057018216657,0.0,0.4992621880111665,0.0,0.0,0.0,0.0,0.0,0.0,0.0,0.0,0.0,0.0,0.0,0.0,0.0,0.0,0.0,0.0,0.0,0.0,0.0,0.4992621880111665,0.0,0.0,0.0,0.0,0.0,E10
2.0,0.0,4.0,30.0,0.0,0.0,0.0,0.0,0.1661483052439899,0.0,0.0,0.0,0.0,0.0,0.24207202490079238,0.0,0.0,0.0,0.0,0.0,0.0,0.0,0.0,0.0,0.0,0.0,0.892370001764264,0.0,0.0,0.0,0.0,0.0,0.0,0.0,0.0,0.0,0.0,0.0,0.2426371573701316,0.0,0.0,0.0,0.0,0.24207202490079238,0.0,0.0,0.0,0.0,0.0,0.0,0.0,0.0,0.0,0.0,E10
5.0,0.0,4.0,31.0,0.0,0.23836634715786661,0.29376506859060325,0.0,0.2062718063434884,0.29376506859060325,0.0,0.0,0.0,0.0,0.0,0.0,0.0,0.0,0.0,0.0,0.0,0.0,0.0,0.23836634715786661,0.0,0.2184207112050361,0.6647221778892567,0.0,0.0,0.0,0.0,0.0,0.0,0.0,0.0,0.0,0.0,0.0,0.0,0.0,0.0,0.0,0.22577317524360016,0.0,0.0,0.0,0.0,0.0,0.0,0.21067618968495705,0.29376506859060325,0.0,0.0,0.0,E13
5.0,0.0,4.0,31.0,0.41221558671081765,0.0,0.0,0.41221558671081765,0.2142875638625615,0.0,0.0,0.0,0.0,0.0,0.0,0.0,0.0,0.0,0.0,0.0,0.0,0.0,0.0,0.0,0.0,0.2269085772357799,0.23018446497095518,0.0,0.0,0.41221558671081765,0.0,0.0,0.0,0.0,0.0,0.0,0.0,0.0,0.0,0.41221558671081765,0.0,0.0,0.0,0.0,0.0,0.0,0.0,0.0,0.0,0.0,0.0,0.41221558671081765,0.0,0.0,E6
3.0,0.0,4.0,31.0,0.0,0.0,0.0,0.0,0.34939103204185995,0.0,0.0,0.0,0.0,0.0,0.0,0.0,0.0,0.0,0.48840804444937863,0.0,0.0,0.0,0.0,0.0,0.0,0.0,0.37531057018216657,0.0,0.4992621880111665,0.0,0.0,0.0,0.0,0.0,0.0,0.0,0.0,0.0,0.0,0.0,0.0,0.0,0.0,0.0,0.0,0.0,0.0,0.0,0.4992621880111665,0.0,0.0,0.0,0.0,0.0,E7
2.0,0.0,4.0,32.0,0.0,0.0,0.0,0.0,0.15378644268229635,0.0,0.0,0.0,0.0,0.0,0.22406124171850228,0.0,0.0,0.0,0.0,0.0,0.0,0.0,0.0,0.0,0.0,0.0,0.908572908515739,0.0,0.0,0.0,0.0,0.0,0.0,0.0,0.0,0.0,0.0,0.0,0.2245843268741186,0.0,0.0,0.0,0.0,0.22406124171850228,0.0,0.0,0.0,0.0,0.0,0.0,0.0,0.0,0.0,0.0,E10
2.0,0.0,4.0,33.0,0.0,0.0,0.0,0.0,0.15378644268229635,0.0,0.0,0.0,0.0,0.0,0.22406124171850228,0.0,0.0,0.0,0.0,0.0,0.0,0.0,0.0,0.0,0.0,0.0,0.908572908515739,0.0,0.0,0.0,0.0,0.0,0.0,0.0,0.0,0.0,0.0,0.0,0.2245843268741186,0.0,0.0,0.0,0.0,0.22406124171850228,0.0,0.0,0.0,0.0,0.0,0.0,0.0,0.0,0.0,0.0,E13
5.0,0.0,4.0,33.0,0.0,0.22135968273463763,0.27280588538225176,0.0,0.19155498313298006,0.27280588538225176,0.0,0.0,0.0,0.0,0.0,0.0,0.0,0.0,0.0,0.0,0.0,0.0,0.0,0.22135968273463763,0.0,0.20283710310415376,0.7201791451902878,0.0,0.0,0.0,0.0,0.0,0.0,0.0,0.0,0.0,0.0,0.0,0.0,0.0,0.0,0.0,0.20966499272154374,0.0,0.0,0.0,0.0,0.0,0.0,0.19564512803276962,0.27280588538225176,0.0,0.0,0.0,E13
3.0,0.0,4.0,35.0,0.0,0.0,0.0,0.0,0.2578159997202256,0.0,0.0,0.0,0.0,0.0,0.0,0.0,0.0,0.0,0.0,0.37650544316290596,0.0,0.0,0.0,0.0,0.0,0.0,0.6923551335276573,0.30280470815490756,0.0,0.0,0.0,0.0,0.0,0.0,0.0,0.0,0.0,0.37562851461197616,0.0,0.0,0.0,0.0,0.2821904646944785,0.0,0.0,0.0,0.0,0.0,0.0,0.0,0.0,0.0,0.0,0.0,E6
3.0,0.0,4.0,36.0,0.0,0.0,0.0,0.0,0.2578159997202256,0.0,0.0,0.0,0.0,0.0,0.0,0.0,0.0,0.0,0.0,0.37650544316290596,0.0,0.0,0.0,0.0,0.0,0.0,0.6923551335276573,0.30280470815490756,0.0,0.0,0.0,0.0,0.0,0.0,0.0,0.0,0.0,0.37562851461197616,0.0,0.0,0.0,0.0,0.2821904646944785,0.0,0.0,0.0,0.0,0.0,0.0,0.0,0.0,0.0,0.0,0.0,E11
2.0,0.0,4.0,37.0,0.0,0.0,0.0,0.0,0.1661483052439899,0.0,0.0,0.0,0.0,0.0,0.24207202490079238,0.0,0.0,0.0,0.0,0.0,0.0,0.0,0.0,0.0,0.0,0.0,0.892370001764264,0.0,0.0,0.0,0.0,0.0,0.0,0.0,0.0,0.0,0.0,0.0,0.2426371573701316,0.0,0.0,0.0,0.0,0.24207202490079238,0.0,0.0,0.0,0.0,0.0,0.0,0.0,0.0,0.0,0.0,E11
3.0,0.0,4.0,38.0,0.0,0.0,0.0,0.0,0.23428947065061007,0.0,0.0,0.0,0.0,0.0,0.0,0.0,0.0,0.0,0.0,0.3421481252964706,0.0,0.0,0.0,0.0,0.0,0.0,0.7550106335330056,0.2751728165091075,0.0,0.0,0.0,0.0,0.0,0.0,0.0,0.0,0.0,0.34135121926186185,0.0,0.0,0.0,0.0,0.2564396882569906,0.0,0.0,0.0,0.0,0.0,0.0,0.0,0.0,0.0,0.0,0.0,E13
3.0,0.0,4.0,39.0,0.0,0.0,0.0,0.0,0.34939103204185995,0.0,0.0,0.0,0.0,0.0,0.0,0.0,0.0,0.0,0.48840804444937863,0.0,0.0,0.0,0.0,0.0,0.0,0.0,0.37531057018216657,0.0,0.4992621880111665,0.0,0.0,0.0,0.0,0.0,0.0,0.0,0.0,0.0,0.0,0.0,0.0,0.0,0.0,0.0,0.0,0.0,0.0,0.0,0.4992621880111665,0.0,0.0,0.0,0.0,0.0,E11
5.0,0.0,4.0,40.0,0.0,0.23836634715786661,0.29376506859060325,0.0,0.2062718063434884,0.29376506859060325,0.0,0.0,0.0,0.0,0.0,0.0,0.0,0.0,0.0,0.0,0.0,0.0,0.0,0.23836634715786661,0.0,0.2184207112050361,0.6647221778892567,0.0,0.0,0.0,0.0,0.0,0.0,0.0,0.0,0.0,0.0,0.0,0.0,0.0,0.0,0.0,0.22577317524360016,0.0,0.0,0.0,0.0,0.0,0.0,0.21067618968495705,0.29376506859060325,0.0,0.0,0.0,E10
5.0,0.0,4.0,43.0,0.0,0.26193916470232276,0.0,0.0,0.22667069114193747,0.0,0.0,0.0,0.35845965475525166,0.0,0.0,0.0,0.0,0.0,0.0,0.0,0.0,0.0,0.3609506417434961,0.26193916470232276,0.0,0.24002104042330735,0.6087155832170444,0.26622456539930955,0.0,0.0,0.0,0.0,0.0,0.0,0.0,0.0,0.0,0.0,0.0,0.0,0.0,0.0,0.0,0.0,0.0,0.0,0.0,0.0,0.0,0.2315106381699005,0.0,0.0,0.0,0.0,E6
5.0,0.0,4.0,43.0,0.0,0.2428868481176099,0.0,0.0,0.21018365006497722,0.0,0.0,0.0,0.33238685715354443,0.0,0.0,0.0,0.0,0.0,0.0,0.0,0.0,0.0,0.33469666057283937,0.2428868481176099,0.0,0.22256295295351686,0.6773283082383573,0.2468605473900918,0.0,0.0,0.0,0.0,0.0,0.0,0.0,0.0,0.0,0.0,0.0,0.0,0.0,0.0,0.0,0.0,0.0,0.0,0.0,0.0,0.0,0.21467156037809929,0.0,0.0,0.0,0.0,E8
5.0,0.0,4.0,43.0,0.0,0.2428868481176099,0.0,0.0,0.21018365006497722,0.0,0.0,0.0,0.33238685715354443,0.0,0.0,0.0,0.0,0.0,0.0,0.0,0.0,0.0,0.33469666057283937,0.2428868481176099,0.0,0.22256295295351686,0.6773283082383573,0.2468605473900918,0.0,0.0,0.0,0.0,0.0,0.0,0.0,0.0,0.0,0.0,0.0,0.0,0.0,0.0,0.0,0.0,0.0,0.0,0.0,0.0,0.0,0.21467156037809929,0.0,0.0,0.0,0.0,E8
5.0,0.0,4.0,43.0,0.0,0.26193916470232276,0.0,0.0,0.22667069114193747,0.0,0.0,0.0,0.35845965475525166,0.0,0.0,0.0,0.0,0.0,0.0,0.0,0.0,0.0,0.3609506417434961,0.26193916470232276,0.0,0.24002104042330735,0.6087155832170444,0.26622456539930955,0.0,0.0,0.0,0.0,0.0,0.0,0.0,0.0,0.0,0.0,0.0,0.0,0.0,0.0,0.0,0.0,0.0,0.0,0.0,0.0,0.0,0.2315106381699005,0.0,0.0,0.0,0.0,E8
5.0,0.0,4.0,43.0,0.0,0.26193916470232276,0.0,0.0,0.22667069114193747,0.0,0.0,0.0,0.35845965475525166,0.0,0.0,0.0,0.0,0.0,0.0,0.0,0.0,0.0,0.3609506417434961,0.26193916470232276,0.0,0.24002104042330735,0.6087155832170444,0.26622456539930955,0.0,0.0,0.0,0.0,0.0,0.0,0.0,0.0,0.0,0.0,0.0,0.0,0.0,0.0,0.0,0.0,0.0,0.0,0.0,0.0,0.0,0.2315106381699005,0.0,0.0,0.0,0.0,E8
5.0,0.0,4.0,43.0,0.0,0.2428868481176099,0.0,0.0,0.21018365006497722,0.0,0.0,0.0,0.33238685715354443,0.0,0.0,0.0,0.0,0.0,0.0,0.0,0.0,0.0,0.33469666057283937,0.2428868481176099,0.0,0.22256295295351686,0.6773283082383573,0.2468605473900918,0.0,0.0,0.0,0.0,0.0,0.0,0.0,0.0,0.0,0.0,0.0,0.0,0.0,0.0,0.0,0.0,0.0,0.0,0.0,0.0,0.0,0.21467156037809929,0.0,0.0,0.0,0.0,E8
5.0,0.0,4.0,43.0,0.0,0.2428868481176099,0.0,0.0,0.21018365006497722,0.0,0.0,0.0,0.33238685715354443,0.0,0.0,0.0,0.0,0.0,0.0,0.0,0.0,0.0,0.33469666057283937,0.2428868481176099,0.0,0.22256295295351686,0.6773283082383573,0.2468605473900918,0.0,0.0,0.0,0.0,0.0,0.0,0.0,0.0,0.0,0.0,0.0,0.0,0.0,0.0,0.0,0.0,0.0,0.0,0.0,0.0,0.0,0.21467156037809929,0.0,0.0,0.0,0.0,E8
5.0,0.0,4.0,43.0,0.0,0.26193916470232276,0.0,0.0,0.22667069114193747,0.0,0.0,0.0,0.35845965475525166,0.0,0.0,0.0,0.0,0.0,0.0,0.0,0.0,0.0,0.3609506417434961,0.26193916470232276,0.0,0.24002104042330735,0.6087155832170444,0.26622456539930955,0.0,0.0,0.0,0.0,0.0,0.0,0.0,0.0,0.0,0.0,0.0,0.0,0.0,0.0,0.0,0.0,0.0,0.0,0.0,0.0,0.0,0.2315106381699005,0.0,0.0,0.0,0.0,E8
5.0,0.0,4.0,43.0,0.0,0.26193916470232276,0.0,0.0,0.22667069114193747,0.0,0.0,0.0,0.35845965475525166,0.0,0.0,0.0,0.0,0.0,0.0,0.0,0.0,0.0,0.3609506417434961,0.26193916470232276,0.0,0.24002104042330735,0.6087155832170444,0.26622456539930955,0.0,0.0,0.0,0.0,0.0,0.0,0.0,0.0,0.0,0.0,0.0,0.0,0.0,0.0,0.0,0.0,0.0,0.0,0.0,0.0,0.0,0.2315106381699005,0.0,0.0,0.0,0.0,E8
5.0,0.0,4.0,43.0,0.0,0.2428868481176099,0.0,0.0,0.21018365006497722,0.0,0.0,0.0,0.33238685715354443,0.0,0.0,0.0,0.0,0.0,0.0,0.0,0.0,0.0,0.33469666057283937,0.2428868481176099,0.0,0.22256295295351686,0.6773283082383573,0.2468605473900918,0.0,0.0,0.0,0.0,0.0,0.0,0.0,0.0,0.0,0.0,0.0,0.0,0.0,0.0,0.0,0.0,0.0,0.0,0.0,0.0,0.0,0.21467156037809929,0.0,0.0,0.0,0.0,E8
5.0,0.0,4.0,43.0,0.0,0.2428868481176099,0.0,0.0,0.21018365006497722,0.0,0.0,0.0,0.33238685715354443,0.0,0.0,0.0,0.0,0.0,0.0,0.0,0.0,0.0,0.33469666057283937,0.2428868481176099,0.0,0.22256295295351686,0.6773283082383573,0.2468605473900918,0.0,0.0,0.0,0.0,0.0,0.0,0.0,0.0,0.0,0.0,0.0,0.0,0.0,0.0,0.0,0.0,0.0,0.0,0.0,0.0,0.0,0.21467156037809929,0.0,0.0,0.0,0.0,E8
5.0,0.0,4.0,43.0,0.0,0.2428868481176099,0.0,0.0,0.21018365006497722,0.0,0.0,0.0,0.33238685715354443,0.0,0.0,0.0,0.0,0.0,0.0,0.0,0.0,0.0,0.33469666057283937,0.2428868481176099,0.0,0.22256295295351686,0.6773283082383573,0.2468605473900918,0.0,0.0,0.0,0.0,0.0,0.0,0.0,0.0,0.0,0.0,0.0,0.0,0.0,0.0,0.0,0.0,0.0,0.0,0.0,0.0,0.0,0.21467156037809929,0.0,0.0,0.0,0.0,E8
5.0,0.0,4.0,43.0,0.0,0.2428868481176099,0.0,0.0,0.21018365006497722,0.0,0.0,0.0,0.33238685715354443,0.0,0.0,0.0,0.0,0.0,0.0,0.0,0.0,0.0,0.33469666057283937,0.2428868481176099,0.0,0.22256295295351686,0.6773283082383573,0.2468605473900918,0.0,0.0,0.0,0.0,0.0,0.0,0.0,0.0,0.0,0.0,0.0,0.0,0.0,0.0,0.0,0.0,0.0,0.0,0.0,0.0,0.0,0.21467156037809929,0.0,0.0,0.0,0.0,E8
5.0,0.0,4.0,43.0,0.0,0.2428868481176099,0.0,0.0,0.21018365006497722,0.0,0.0,0.0,0.33238685715354443,0.0,0.0,0.0,0.0,0.0,0.0,0.0,0.0,0.0,0.33469666057283937,0.2428868481176099,0.0,0.22256295295351686,0.6773283082383573,0.2468605473900918,0.0,0.0,0.0,0.0,0.0,0.0,0.0,0.0,0.0,0.0,0.0,0.0,0.0,0.0,0.0,0.0,0.0,0.0,0.0,0.0,0.0,0.21467156037809929,0.0,0.0,0.0,0.0,E8
5.0,0.0,4.0,43.0,0.0,0.2428868481176099,0.0,0.0,0.21018365006497722,0.0,0.0,0.0,0.33238685715354443,0.0,0.0,0.0,0.0,0.0,0.0,0.0,0.0,0.0,0.33469666057283937,0.2428868481176099,0.0,0.22256295295351686,0.6773283082383573,0.2468605473900918,0.0,0.0,0.0,0.0,0.0,0.0,0.0,0.0,0.0,0.0,0.0,0.0,0.0,0.0,0.0,0.0,0.0,0.0,0.0,0.0,0.0,0.21467156037809929,0.0,0.0,0.0,0.0,E8
5.0,0.0,4.0,43.0,0.0,0.26193916470232276,0.0,0.0,0.22667069114193747,0.0,0.0,0.0,0.35845965475525166,0.0,0.0,0.0,0.0,0.0,0.0,0.0,0.0,0.0,0.3609506417434961,0.26193916470232276,0.0,0.24002104042330735,0.6087155832170444,0.26622456539930955,0.0,0.0,0.0,0.0,0.0,0.0,0.0,0.0,0.0,0.0,0.0,0.0,0.0,0.0,0.0,0.0,0.0,0.0,0.0,0.0,0.0,0.2315106381699005,0.0,0.0,0.0,0.0,E8
5.0,0.0,4.0,43.0,0.0,0.26193916470232276,0.0,0.0,0.22667069114193747,0.0,0.0,0.0,0.35845965475525166,0.0,0.0,0.0,0.0,0.0,0.0,0.0,0.0,0.0,0.3609506417434961,0.26193916470232276,0.0,0.24002104042330735,0.6087155832170444,0.26622456539930955,0.0,0.0,0.0,0.0,0.0,0.0,0.0,0.0,0.0,0.0,0.0,0.0,0.0,0.0,0.0,0.0,0.0,0.0,0.0,0.0,0.0,0.2315106381699005,0.0,0.0,0.0,0.0,E8
0.0,0.0,4.0,43.0,0.0,0.0,0.0,0.0,0.11808350202038123,0.0,0.0,0.0,0.0,0.0,0.0,0.0,0.0,0.0,0.3301340161278035,0.0,0.0,0.0,0.0,0.0,0.0,0.0,0.12684351459560828,0.0,0.0,0.0,0.0,0.0,0.0,0.0,0.0,0.0,0.0,0.0,0.0,0.0,0.0,0.0,0.0,0.0,0.0,0.0,0.0,0.6561168115324296,0.0,0.0,0.0,0.0,0.6561168115324296,0.0,E8
5.0,0.0,4.0,43.0,0.0,0.26193916470232276,0.0,0.0,0.22667069114193747,0.0,0.0,0.0,0.35845965475525166,0.0,0.0,0.0,0.0,0.0,0.0,0.0,0.0,0.0,0.3609506417434961,0.26193916470232276,0.0,0.24002104042330735,0.6087155832170444,0.26622456539930955,0.0,0.0,0.0,0.0,0.0,0.0,0.0,0.0,0.0,0.0,0.0,0.0,0.0,0.0,0.0,0.0,0.0,0.0,0.0,0.0,0.0,0.2315106381699005,0.0,0.0,0.0,0.0,E14
5.0,0.0,4.0,43.0,0.0,0.26193916470232276,0.0,0.0,0.22667069114193747,0.0,0.0,0.0,0.35845965475525166,0.0,0.0,0.0,0.0,0.0,0.0,0.0,0.0,0.0,0.3609506417434961,0.26193916470232276,0.0,0.24002104042330735,0.6087155832170444,0.26622456539930955,0.0,0.0,0.0,0.0,0.0,0.0,0.0,0.0,0.0,0.0,0.0,0.0,0.0,0.0,0.0,0.0,0.0,0.0,0.0,0.0,0.0,0.2315106381699005,0.0,0.0,0.0,0.0,E8
5.0,0.0,4.0,43.0,0.0,0.26193916470232276,0.0,0.0,0.22667069114193747,0.0,0.0,0.0,0.35845965475525166,0.0,0.0,0.0,0.0,0.0,0.0,0.0,0.0,0.0,0.3609506417434961,0.26193916470232276,0.0,0.24002104042330735,0.6087155832170444,0.26622456539930955,0.0,0.0,0.0,0.0,0.0,0.0,0.0,0.0,0.0,0.0,0.0,0.0,0.0,0.0,0.0,0.0,0.0,0.0,0.0,0.0,0.0,0.2315106381699005,0.0,0.0,0.0,0.0,E8
5.0,0.0,4.0,43.0,0.0,0.26193916470232276,0.0,0.0,0.22667069114193747,0.0,0.0,0.0,0.35845965475525166,0.0,0.0,0.0,0.0,0.0,0.0,0.0,0.0,0.0,0.3609506417434961,0.26193916470232276,0.0,0.24002104042330735,0.6087155832170444,0.26622456539930955,0.0,0.0,0.0,0.0,0.0,0.0,0.0,0.0,0.0,0.0,0.0,0.0,0.0,0.0,0.0,0.0,0.0,0.0,0.0,0.0,0.0,0.2315106381699005,0.0,0.0,0.0,0.0,E8
5.0,0.0,4.0,43.0,0.0,0.2428868481176099,0.0,0.0,0.21018365006497722,0.0,0.0,0.0,0.33238685715354443,0.0,0.0,0.0,0.0,0.0,0.0,0.0,0.0,0.0,0.33469666057283937,0.2428868481176099,0.0,0.22256295295351686,0.6773283082383573,0.2468605473900918,0.0,0.0,0.0,0.0,0.0,0.0,0.0,0.0,0.0,0.0,0.0,0.0,0.0,0.0,0.0,0.0,0.0,0.0,0.0,0.0,0.0,0.21467156037809929,0.0,0.0,0.0,0.0,E8
5.0,0.0,4.0,43.0,0.0,0.2428868481176099,0.0,0.0,0.21018365006497722,0.0,0.0,0.0,0.33238685715354443,0.0,0.0,0.0,0.0,0.0,0.0,0.0,0.0,0.0,0.33469666057283937,0.2428868481176099,0.0,0.22256295295351686,0.6773283082383573,0.2468605473900918,0.0,0.0,0.0,0.0,0.0,0.0,0.0,0.0,0.0,0.0,0.0,0.0,0.0,0.0,0.0,0.0,0.0,0.0,0.0,0.0,0.0,0.21467156037809929,0.0,0.0,0.0,0.0,E8
5.0,0.0,4.0,43.0,0.0,0.2428868481176099,0.0,0.0,0.21018365006497722,0.0,0.0,0.0,0.33238685715354443,0.0,0.0,0.0,0.0,0.0,0.0,0.0,0.0,0.0,0.33469666057283937,0.2428868481176099,0.0,0.22256295295351686,0.6773283082383573,0.2468605473900918,0.0,0.0,0.0,0.0,0.0,0.0,0.0,0.0,0.0,0.0,0.0,0.0,0.0,0.0,0.0,0.0,0.0,0.0,0.0,0.0,0.0,0.21467156037809929,0.0,0.0,0.0,0.0,E8
5.0,0.0,4.0,43.0,0.0,0.2428868481176099,0.0,0.0,0.21018365006497722,0.0,0.0,0.0,0.33238685715354443,0.0,0.0,0.0,0.0,0.0,0.0,0.0,0.0,0.0,0.33469666057283937,0.2428868481176099,0.0,0.22256295295351686,0.6773283082383573,0.2468605473900918,0.0,0.0,0.0,0.0,0.0,0.0,0.0,0.0,0.0,0.0,0.0,0.0,0.0,0.0,0.0,0.0,0.0,0.0,0.0,0.0,0.0,0.21467156037809929,0.0,0.0,0.0,0.0,E8
4.0,0.0,4.0,43.0,0.0,0.0,0.0,0.0,0.34040857727446816,0.0,0.34324002279077004,0.34324002279077004,0.0,0.34324002279077004,0.0,0.34324002279077004,0.0,0.34324002279077004,0.0,0.0,0.0,0.34324002279077004,0.0,0.0,0.34324002279077004,0.0,0.24377450194824343,0.0,0.0,0.0,0.0,0.0,0.0,0.0,0.0,0.0,0.0,0.0,0.0,0.0,0.0,0.0,0.0,0.0,0.0,0.0,0.0,0.0,0.0,0.0,0.0,0.0,0.0,0.0,E8
2.0,0.0,4.0,44.0,0.0,0.0,0.0,0.0,0.1661483052439899,0.0,0.0,0.0,0.0,0.0,0.24207202490079238,0.0,0.0,0.0,0.0,0.0,0.0,0.0,0.0,0.0,0.0,0.0,0.892370001764264,0.0,0.0,0.0,0.0,0.0,0.0,0.0,0.0,0.0,0.0,0.0,0.2426371573701316,0.0,0.0,0.0,0.0,0.24207202490079238,0.0,0.0,0.0,0.0,0.0,0.0,0.0,0.0,0.0,0.0,E9
4.0,0.0,4.0,45.0,0.0,0.0,0.0,0.0,0.34040857727446816,0.0,0.34324002279077004,0.34324002279077004,0.0,0.34324002279077004,0.0,0.34324002279077004,0.0,0.34324002279077004,0.0,0.0,0.0,0.34324002279077004,0.0,0.0,0.34324002279077004,0.0,0.24377450194824343,0.0,0.0,0.0,0.0,0.0,0.0,0.0,0.0,0.0,0.0,0.0,0.0,0.0,0.0,0.0,0.0,0.0,0.0,0.0,0.0,0.0,0.0,0.0,0.0,0.0,0.0,0.0,E13
4.0,0.0,4.0,45.0,0.0,0.0,0.0,0.0,0.34040857727446816,0.0,0.34324002279077004,0.34324002279077004,0.0,0.34324002279077004,0.0,0.34324002279077004,0.0,0.34324002279077004,0.0,0.0,0.0,0.34324002279077004,0.0,0.0,0.34324002279077004,0.0,0.24377450194824343,0.0,0.0,0.0,0.0,0.0,0.0,0.0,0.0,0.0,0.0,0.0,0.0,0.0,0.0,0.0,0.0,0.0,0.0,0.0,0.0,0.0,0.0,0.0,0.0,0.0,0.0,0.0,E9
4.0,0.0,4.0,45.0,0.0,0.0,0.0,0.0,0.2753858782225747,0.0,0.27767647887779107,0.27767647887779107,0.0,0.27767647887779107,0.0,0.27767647887779107,0.0,0.27767647887779107,0.0,0.0,0.0,0.27767647887779107,0.0,0.0,0.27767647887779107,0.0,0.19721023437420568,0.0,0.0,0.0,0.0,0.0,0.0,0.0,0.0,0.0,0.0,0.0,0.0,0.0,0.0,0.0,0.0,0.0,0.5878274858152464,0.0,0.0,0.0,0.0,0.0,0.0,0.0,0.0,0.0,E9
3.0,0.0,4.0,45.0,0.0,0.0,0.0,0.0,0.23428947065061007,0.0,0.0,0.0,0.0,0.0,0.0,0.0,0.0,0.0,0.0,0.3421481252964706,0.0,0.0,0.0,0.0,0.0,0.0,0.7550106335330056,0.2751728165091075,0.0,0.0,0.0,0.0,0.0,0.0,0.0,0.0,0.0,0.34135121926186185,0.0,0.0,0.0,0.0,0.2564396882569906,0.0,0.0,0.0,0.0,0.0,0.0,0.0,0.0,0.0,0.0,0.0,E9
4.0,0.0,4.0,45.0,0.0,0.0,0.0,0.0,0.34040857727446816,0.0,0.34324002279077004,0.34324002279077004,0.0,0.34324002279077004,0.0,0.34324002279077004,0.0,0.34324002279077004,0.0,0.0,0.0,0.34324002279077004,0.0,0.0,0.34324002279077004,0.0,0.24377450194824343,0.0,0.0,0.0,0.0,0.0,0.0,0.0,0.0,0.0,0.0,0.0,0.0,0.0,0.0,0.0,0.0,0.0,0.0,0.0,0.0,0.0,0.0,0.0,0.0,0.0,0.0,0.0,E11
4.0,0.0,4.0,45.0,0.0,0.0,0.0,0.0,0.2753858782225747,0.0,0.27767647887779107,0.27767647887779107,0.0,0.27767647887779107,0.0,0.27767647887779107,0.0,0.27767647887779107,0.0,0.0,0.0,0.27767647887779107,0.0,0.0,0.27767647887779107,0.0,0.19721023437420568,0.0,0.0,0.0,0.0,0.0,0.0,0.0,0.0,0.0,0.0,0.0,0.0,0.0,0.0,0.0,0.0,0.0,0.0,0.0,0.5878274858152464,0.0,0.0,0.0,0.0,0.0,0.0,0.0,E9
4.0,0.0,4.0,45.0,0.0,0.0,0.0,0.0,0.27966233292132264,0.0,0.281988504209275,0.281988504209275,0.0,0.281988504209275,0.0,0.281988504209275,0.0,0.281988504209275,0.0,0.0,0.0,0.281988504209275,0.0,0.0,0.281988504209275,0.0,0.200272703077663,0.0,0.0,0.0,0.0,0.0,0.0,0.0,0.0,0.0,0.0,0.0,0.0,0.0,0.0,0.0,0.0,0.0,0.0,0.5701378854309535,0.0,0.0,0.0,0.0,0.0,0.0,0.0,0.0,E9
4.0,0.0,4.0,46.0,0.0,0.0,0.0,0.0,0.34040857727446816,0.0,0.34324002279077004,0.34324002279077004,0.0,0.34324002279077004,0.0,0.34324002279077004,0.0,0.34324002279077004,0.0,0.0,0.0,0.34324002279077004,0.0,0.0,0.34324002279077004,0.0,0.24377450194824343,0.0,0.0,0.0,0.0,0.0,0.0,0.0,0.0,0.0,0.0,0.0,0.0,0.0,0.0,0.0,0.0,0.0,0.0,0.0,0.0,0.0,0.0,0.0,0.0,0.0,0.0,0.0,E9
4.0,0.0,4.0,46.0,0.0,0.0,0.0,0.0,0.34040857727446816,0.0,0.34324002279077004,0.34324002279077004,0.0,0.34324002279077004,0.0,0.34324002279077004,0.0,0.34324002279077004,0.0,0.0,0.0,0.34324002279077004,0.0,0.0,0.34324002279077004,0.0,0.24377450194824343,0.0,0.0,0.0,0.0,0.0,0.0,0.0,0.0,0.0,0.0,0.0,0.0,0.0,0.0,0.0,0.0,0.0,0.0,0.0,0.0,0.0,0.0,0.0,0.0,0.0,0.0,0.0,E9
3.0,0.0,4.0,46.0,0.0,0.0,0.0,0.0,0.23428947065061007,0.0,0.0,0.0,0.0,0.0,0.0,0.0,0.0,0.0,0.0,0.3421481252964706,0.0,0.0,0.0,0.0,0.0,0.0,0.7550106335330056,0.2751728165091075,0.0,0.0,0.0,0.0,0.0,0.0,0.0,0.0,0.0,0.34135121926186185,0.0,0.0,0.0,0.0,0.2564396882569906,0.0,0.0,0.0,0.0,0.0,0.0,0.0,0.0,0.0,0.0,0.0,E9
4.0,0.0,4.0,46.0,0.0,0.0,0.0,0.0,0.34040857727446816,0.0,0.34324002279077004,0.34324002279077004,0.0,0.34324002279077004,0.0,0.34324002279077004,0.0,0.34324002279077004,0.0,0.0,0.0,0.34324002279077004,0.0,0.0,0.34324002279077004,0.0,0.24377450194824343,0.0,0.0,0.0,0.0,0.0,0.0,0.0,0.0,0.0,0.0,0.0,0.0,0.0,0.0,0.0,0.0,0.0,0.0,0.0,0.0,0.0,0.0,0.0,0.0,0.0,0.0,0.0,E11
4.0,0.0,4.0,46.0,0.0,0.0,0.0,0.0,0.34040857727446816,0.0,0.34324002279077004,0.34324002279077004,0.0,0.34324002279077004,0.0,0.34324002279077004,0.0,0.34324002279077004,0.0,0.0,0.0,0.34324002279077004,0.0,0.0,0.34324002279077004,0.0,0.24377450194824343,0.0,0.0,0.0,0.0,0.0,0.0,0.0,0.0,0.0,0.0,0.0,0.0,0.0,0.0,0.0,0.0,0.0,0.0,0.0,0.0,0.0,0.0,0.0,0.0,0.0,0.0,0.0,E9
4.0,0.0,4.0,46.0,0.0,0.0,0.0,0.0,0.27966233292132264,0.0,0.281988504209275,0.281988504209275,0.0,0.281988504209275,0.0,0.281988504209275,0.0,0.281988504209275,0.0,0.0,0.0,0.281988504209275,0.0,0.0,0.281988504209275,0.0,0.200272703077663,0.0,0.0,0.0,0.0,0.0,0.0,0.0,0.0,0.0,0.0,0.0,0.0,0.0,0.0,0.0,0.0,0.0,0.0,0.5701378854309535,0.0,0.0,0.0,0.0,0.0,0.0,0.0,0.0,E9
4.0,0.0,4.0,46.0,0.0,0.0,0.0,0.0,0.3509974905653215,0.0,0.3539170123906868,0.3539170123906868,0.0,0.3539170123906868,0.0,0.3539170123906868,0.0,0.3539170123906868,0.0,0.0,0.0,0.3539170123906868,0.0,0.0,0.3539170123906868,0.0,0.0,0.0,0.0,0.0,0.0,0.0,0.0,0.0,0.0,0.0,0.0,0.0,0.0,0.0,0.0,0.0,0.0,0.0,0.0,0.0,0.0,0.0,0.0,0.0,0.0,0.0,0.0,0.0,E9
4.0,0.0,4.0,46.0,0.0,0.0,0.0,0.0,0.34040857727446816,0.0,0.34324002279077004,0.34324002279077004,0.0,0.34324002279077004,0.0,0.34324002279077004,0.0,0.34324002279077004,0.0,0.0,0.0,0.34324002279077004,0.0,0.0,0.34324002279077004,0.0,0.24377450194824343,0.0,0.0,0.0,0.0,0.0,0.0,0.0,0.0,0.0,0.0,0.0,0.0,0.0,0.0,0.0,0.0,0.0,0.0,0.0,0.0,0.0,0.0,0.0,0.0,0.0,0.0,0.0,E9
4.0,0.0,4.0,46.0,0.0,0.0,0.0,0.0,0.34040857727446816,0.0,0.34324002279077004,0.34324002279077004,0.0,0.34324002279077004,0.0,0.34324002279077004,0.0,0.34324002279077004,0.0,0.0,0.0,0.34324002279077004,0.0,0.0,0.34324002279077004,0.0,0.24377450194824343,0.0,0.0,0.0,0.0,0.0,0.0,0.0,0.0,0.0,0.0,0.0,0.0,0.0,0.0,0.0,0.0,0.0,0.0,0.0,0.0,0.0,0.0,0.0,0.0,0.0,0.0,0.0,E9
4.0,0.0,4.0,46.0,0.0,0.0,0.0,0.0,0.34040857727446816,0.0,0.34324002279077004,0.34324002279077004,0.0,0.34324002279077004,0.0,0.34324002279077004,0.0,0.34324002279077004,0.0,0.0,0.0,0.34324002279077004,0.0,0.0,0.34324002279077004,0.0,0.24377450194824343,0.0,0.0,0.0,0.0,0.0,0.0,0.0,0.0,0.0,0.0,0.0,0.0,0.0,0.0,0.0,0.0,0.0,0.0,0.0,0.0,0.0,0.0,0.0,0.0,0.0,0.0,0.0,E9
4.0,0.0,4.0,47.0,0.0,0.0,0.0,0.0,0.34040857727446816,0.0,0.34324002279077004,0.34324002279077004,0.0,0.34324002279077004,0.0,0.34324002279077004,0.0,0.34324002279077004,0.0,0.0,0.0,0.34324002279077004,0.0,0.0,0.34324002279077004,0.0,0.24377450194824343,0.0,0.0,0.0,0.0,0.0,0.0,0.0,0.0,0.0,0.0,0.0,0.0,0.0,0.0,0.0,0.0,0.0,0.0,0.0,0.0,0.0,0.0,0.0,0.0,0.0,0.0,0.0,E9
4.0,0.0,4.0,47.0,0.0,0.0,0.0,0.0,0.34040857727446816,0.0,0.34324002279077004,0.34324002279077004,0.0,0.34324002279077004,0.0,0.34324002279077004,0.0,0.34324002279077004,0.0,0.0,0.0,0.34324002279077004,0.0,0.0,0.34324002279077004,0.0,0.24377450194824343,0.0,0.0,0.0,0.0,0.0,0.0,0.0,0.0,0.0,0.0,0.0,0.0,0.0,0.0,0.0,0.0,0.0,0.0,0.0,0.0,0.0,0.0,0.0,0.0,0.0,0.0,0.0,E9
4.0,0.0,4.0,47.0,0.0,0.0,0.0,0.0,0.3509974905653215,0.0,0.3539170123906868,0.3539170123906868,0.0,0.3539170123906868,0.0,0.3539170123906868,0.0,0.3539170123906868,0.0,0.0,0.0,0.3539170123906868,0.0,0.0,0.3539170123906868,0.0,0.0,0.0,0.0,0.0,0.0,0.0,0.0,0.0,0.0,0.0,0.0,0.0,0.0,0.0,0.0,0.0,0.0,0.0,0.0,0.0,0.0,0.0,0.0,0.0,0.0,0.0,0.0,0.0,E9
4.0,0.0,4.0,47.0,0.0,0.0,0.0,0.0,0.3509974905653215,0.0,0.3539170123906868,0.3539170123906868,0.0,0.3539170123906868,0.0,0.3539170123906868,0.0,0.3539170123906868,0.0,0.0,0.0,0.3539170123906868,0.0,0.0,0.3539170123906868,0.0,0.0,0.0,0.0,0.0,0.0,0.0,0.0,0.0,0.0,0.0,0.0,0.0,0.0,0.0,0.0,0.0,0.0,0.0,0.0,0.0,0.0,0.0,0.0,0.0,0.0,0.0,0.0,0.0,E9
4.0,0.0,4.0,47.0,0.0,0.0,0.0,0.0,0.34040857727446816,0.0,0.34324002279077004,0.34324002279077004,0.0,0.34324002279077004,0.0,0.34324002279077004,0.0,0.34324002279077004,0.0,0.0,0.0,0.34324002279077004,0.0,0.0,0.34324002279077004,0.0,0.24377450194824343,0.0,0.0,0.0,0.0,0.0,0.0,0.0,0.0,0.0,0.0,0.0,0.0,0.0,0.0,0.0,0.0,0.0,0.0,0.0,0.0,0.0,0.0,0.0,0.0,0.0,0.0,0.0,E9
4.0,0.0,4.0,47.0,0.0,0.0,0.0,0.0,0.3509974905653215,0.0,0.3539170123906868,0.3539170123906868,0.0,0.3539170123906868,0.0,0.3539170123906868,0.0,0.3539170123906868,0.0,0.0,0.0,0.3539170123906868,0.0,0.0,0.3539170123906868,0.0,0.0,0.0,0.0,0.0,0.0,0.0,0.0,0.0,0.0,0.0,0.0,0.0,0.0,0.0,0.0,0.0,0.0,0.0,0.0,0.0,0.0,0.0,0.0,0.0,0.0,0.0,0.0,0.0,E9
4.0,0.0,4.0,47.0,0.0,0.0,0.0,0.0,0.3509974905653215,0.0,0.3539170123906868,0.3539170123906868,0.0,0.3539170123906868,0.0,0.3539170123906868,0.0,0.3539170123906868,0.0,0.0,0.0,0.3539170123906868,0.0,0.0,0.3539170123906868,0.0,0.0,0.0,0.0,0.0,0.0,0.0,0.0,0.0,0.0,0.0,0.0,0.0,0.0,0.0,0.0,0.0,0.0,0.0,0.0,0.0,0.0,0.0,0.0,0.0,0.0,0.0,0.0,0.0,E9
2.0,0.0,4.0,47.0,0.0,0.0,0.0,0.0,0.15378644268229635,0.0,0.0,0.0,0.0,0.0,0.22406124171850228,0.0,0.0,0.0,0.0,0.0,0.0,0.0,0.0,0.0,0.0,0.0,0.908572908515739,0.0,0.0,0.0,0.0,0.0,0.0,0.0,0.0,0.0,0.0,0.0,0.2245843268741186,0.0,0.0,0.0,0.0,0.22406124171850228,0.0,0.0,0.0,0.0,0.0,0.0,0.0,0.0,0.0,0.0,E9
4.0,0.0,4.0,47.0,0.0,0.0,0.0,0.0,0.3509974905653215,0.0,0.3539170123906868,0.3539170123906868,0.0,0.3539170123906868,0.0,0.3539170123906868,0.0,0.3539170123906868,0.0,0.0,0.0,0.3539170123906868,0.0,0.0,0.3539170123906868,0.0,0.0,0.0,0.0,0.0,0.0,0.0,0.0,0.0,0.0,0.0,0.0,0.0,0.0,0.0,0.0,0.0,0.0,0.0,0.0,0.0,0.0,0.0,0.0,0.0,0.0,0.0,0.0,0.0,E13
4.0,0.0,4.0,47.0,0.0,0.0,0.0,0.0,0.3509974905653215,0.0,0.3539170123906868,0.3539170123906868,0.0,0.3539170123906868,0.0,0.3539170123906868,0.0,0.3539170123906868,0.0,0.0,0.0,0.3539170123906868,0.0,0.0,0.3539170123906868,0.0,0.0,0.0,0.0,0.0,0.0,0.0,0.0,0.0,0.0,0.0,0.0,0.0,0.0,0.0,0.0,0.0,0.0,0.0,0.0,0.0,0.0,0.0,0.0,0.0,0.0,0.0,0.0,0.0,E9
4.0,0.0,4.0,47.0,0.0,0.0,0.0,0.0,0.34040857727446816,0.0,0.34324002279077004,0.34324002279077004,0.0,0.34324002279077004,0.0,0.34324002279077004,0.0,0.34324002279077004,0.0,0.0,0.0,0.34324002279077004,0.0,0.0,0.34324002279077004,0.0,0.24377450194824343,0.0,0.0,0.0,0.0,0.0,0.0,0.0,0.0,0.0,0.0,0.0,0.0,0.0,0.0,0.0,0.0,0.0,0.0,0.0,0.0,0.0,0.0,0.0,0.0,0.0,0.0,0.0,E9
4.0,0.0,4.0,47.0,0.0,0.0,0.0,0.0,0.3509974905653215,0.0,0.3539170123906868,0.3539170123906868,0.0,0.3539170123906868,0.0,0.3539170123906868,0.0,0.3539170123906868,0.0,0.0,0.0,0.3539170123906868,0.0,0.0,0.3539170123906868,0.0,0.0,0.0,0.0,0.0,0.0,0.0,0.0,0.0,0.0,0.0,0.0,0.0,0.0,0.0,0.0,0.0,0.0,0.0,0.0,0.0,0.0,0.0,0.0,0.0,0.0,0.0,0.0,0.0,E9
4.0,0.0,4.0,48.0,0.0,0.0,0.0,0.0,0.3509974905653215,0.0,0.3539170123906868,0.3539170123906868,0.0,0.3539170123906868,0.0,0.3539170123906868,0.0,0.3539170123906868,0.0,0.0,0.0,0.3539170123906868,0.0,0.0,0.3539170123906868,0.0,0.0,0.0,0.0,0.0,0.0,0.0,0.0,0.0,0.0,0.0,0.0,0.0,0.0,0.0,0.0,0.0,0.0,0.0,0.0,0.0,0.0,0.0,0.0,0.0,0.0,0.0,0.0,0.0,E9
4.0,0.0,4.0,48.0,0.0,0.0,0.0,0.0,0.3509974905653215,0.0,0.3539170123906868,0.3539170123906868,0.0,0.3539170123906868,0.0,0.3539170123906868,0.0,0.3539170123906868,0.0,0.0,0.0,0.3539170123906868,0.0,0.0,0.3539170123906868,0.0,0.0,0.0,0.0,0.0,0.0,0.0,0.0,0.0,0.0,0.0,0.0,0.0,0.0,0.0,0.0,0.0,0.0,0.0,0.0,0.0,0.0,0.0,0.0,0.0,0.0,0.0,0.0,0.0,E9
4.0,0.0,4.0,48.0,0.0,0.0,0.0,0.0,0.3509974905653215,0.0,0.3539170123906868,0.3539170123906868,0.0,0.3539170123906868,0.0,0.3539170123906868,0.0,0.3539170123906868,0.0,0.0,0.0,0.3539170123906868,0.0,0.0,0.3539170123906868,0.0,0.0,0.0,0.0,0.0,0.0,0.0,0.0,0.0,0.0,0.0,0.0,0.0,0.0,0.0,0.0,0.0,0.0,0.0,0.0,0.0,0.0,0.0,0.0,0.0,0.0,0.0,0.0,0.0,E9
4.0,0.0,4.0,48.0,0.0,0.0,0.0,0.0,0.3509974905653215,0.0,0.3539170123906868,0.3539170123906868,0.0,0.3539170123906868,0.0,0.3539170123906868,0.0,0.3539170123906868,0.0,0.0,0.0,0.3539170123906868,0.0,0.0,0.3539170123906868,0.0,0.0,0.0,0.0,0.0,0.0,0.0,0.0,0.0,0.0,0.0,0.0,0.0,0.0,0.0,0.0,0.0,0.0,0.0,0.0,0.0,0.0,0.0,0.0,0.0,0.0,0.0,0.0,0.0,E9
2.0,0.0,4.0,48.0,0.0,0.0,0.0,0.0,0.15378644268229635,0.0,0.0,0.0,0.0,0.0,0.22406124171850228,0.0,0.0,0.0,0.0,0.0,0.0,0.0,0.0,0.0,0.0,0.0,0.908572908515739,0.0,0.0,0.0,0.0,0.0,0.0,0.0,0.0,0.0,0.0,0.0,0.2245843268741186,0.0,0.0,0.0,0.0,0.22406124171850228,0.0,0.0,0.0,0.0,0.0,0.0,0.0,0.0,0.0,0.0,E9
4.0,0.0,4.0,48.0,0.0,0.0,0.0,0.0,0.3509974905653215,0.0,0.3539170123906868,0.3539170123906868,0.0,0.3539170123906868,0.0,0.3539170123906868,0.0,0.3539170123906868,0.0,0.0,0.0,0.3539170123906868,0.0,0.0,0.3539170123906868,0.0,0.0,0.0,0.0,0.0,0.0,0.0,0.0,0.0,0.0,0.0,0.0,0.0,0.0,0.0,0.0,0.0,0.0,0.0,0.0,0.0,0.0,0.0,0.0,0.0,0.0,0.0,0.0,0.0,E13
4.0,0.0,4.0,49.0,0.0,0.0,0.0,0.0,0.3509974905653215,0.0,0.3539170123906868,0.3539170123906868,0.0,0.3539170123906868,0.0,0.3539170123906868,0.0,0.3539170123906868,0.0,0.0,0.0,0.3539170123906868,0.0,0.0,0.3539170123906868,0.0,0.0,0.0,0.0,0.0,0.0,0.0,0.0,0.0,0.0,0.0,0.0,0.0,0.0,0.0,0.0,0.0,0.0,0.0,0.0,0.0,0.0,0.0,0.0,0.0,0.0,0.0,0.0,0.0,E9
5.0,0.0,4.0,51.0,0.0,0.23836634715786661,0.29376506859060325,0.0,0.2062718063434884,0.29376506859060325,0.0,0.0,0.0,0.0,0.0,0.0,0.0,0.0,0.0,0.0,0.0,0.0,0.0,0.23836634715786661,0.0,0.2184207112050361,0.6647221778892567,0.0,0.0,0.0,0.0,0.0,0.0,0.0,0.0,0.0,0.0,0.0,0.0,0.0,0.0,0.0,0.22577317524360016,0.0,0.0,0.0,0.0,0.0,0.0,0.21067618968495705,0.29376506859060325,0.0,0.0,0.0,E9
5.0,0.0,4.0,51.0,0.0,0.23836634715786661,0.29376506859060325,0.0,0.2062718063434884,0.29376506859060325,0.0,0.0,0.0,0.0,0.0,0.0,0.0,0.0,0.0,0.0,0.0,0.0,0.0,0.23836634715786661,0.0,0.2184207112050361,0.6647221778892567,0.0,0.0,0.0,0.0,0.0,0.0,0.0,0.0,0.0,0.0,0.0,0.0,0.0,0.0,0.0,0.22577317524360016,0.0,0.0,0.0,0.0,0.0,0.0,0.21067618968495705,0.29376506859060325,0.0,0.0,0.0,E6
2.0,0.0,4.0,52.0,0.0,0.0,0.0,0.0,0.1661483052439899,0.0,0.0,0.0,0.0,0.0,0.24207202490079238,0.0,0.0,0.0,0.0,0.0,0.0,0.0,0.0,0.0,0.0,0.0,0.892370001764264,0.0,0.0,0.0,0.0,0.0,0.0,0.0,0.0,0.0,0.0,0.0,0.2426371573701316,0.0,0.0,0.0,0.0,0.24207202490079238,0.0,0.0,0.0,0.0,0.0,0.0,0.0,0.0,0.0,0.0,E6
3.0,0.0,4.0,52.0,0.0,0.0,0.0,0.0,0.2578159997202256,0.0,0.0,0.0,0.0,0.0,0.0,0.0,0.0,0.0,0.0,0.37650544316290596,0.0,0.0,0.0,0.0,0.0,0.0,0.6923551335276573,0.30280470815490756,0.0,0.0,0.0,0.0,0.0,0.0,0.0,0.0,0.0,0.37562851461197616,0.0,0.0,0.0,0.0,0.2821904646944785,0.0,0.0,0.0,0.0,0.0,0.0,0.0,0.0,0.0,0.0,0.0,E13
3.0,0.0,4.0,52.0,0.0,0.0,0.0,0.0,0.34939103204185995,0.0,0.0,0.0,0.0,0.0,0.0,0.0,0.0,0.0,0.48840804444937863,0.0,0.0,0.0,0.0,0.0,0.0,0.0,0.37531057018216657,0.0,0.4992621880111665,0.0,0.0,0.0,0.0,0.0,0.0,0.0,0.0,0.0,0.0,0.0,0.0,0.0,0.0,0.0,0.0,0.0,0.0,0.0,0.4992621880111665,0.0,0.0,0.0,0.0,0.0,E11
5.0,0.0,4.0,54.0,0.0,0.23836634715786661,0.29376506859060325,0.0,0.2062718063434884,0.29376506859060325,0.0,0.0,0.0,0.0,0.0,0.0,0.0,0.0,0.0,0.0,0.0,0.0,0.0,0.23836634715786661,0.0,0.2184207112050361,0.6647221778892567,0.0,0.0,0.0,0.0,0.0,0.0,0.0,0.0,0.0,0.0,0.0,0.0,0.0,0.0,0.0,0.22577317524360016,0.0,0.0,0.0,0.0,0.0,0.0,0.21067618968495705,0.29376506859060325,0.0,0.0,0.0,E10
2.0,0.0,4.0,56.0,0.0,0.0,0.0,0.0,0.1661483052439899,0.0,0.0,0.0,0.0,0.0,0.24207202490079238,0.0,0.0,0.0,0.0,0.0,0.0,0.0,0.0,0.0,0.0,0.0,0.892370001764264,0.0,0.0,0.0,0.0,0.0,0.0,0.0,0.0,0.0,0.0,0.0,0.2426371573701316,0.0,0.0,0.0,0.0,0.24207202490079238,0.0,0.0,0.0,0.0,0.0,0.0,0.0,0.0,0.0,0.0,E6
5.0,0.0,4.0,56.0,0.42065851888062217,0.0,0.0,0.42065851888062217,0.21867656666801216,0.0,0.0,0.0,0.0,0.0,0.0,0.0,0.0,0.0,0.0,0.0,0.0,0.0,0.0,0.0,0.0,0.231556081571157,0.11744953275134055,0.0,0.0,0.42065851888062217,0.0,0.0,0.0,0.0,0.0,0.0,0.0,0.0,0.0,0.42065851888062217,0.0,0.0,0.0,0.0,0.0,0.0,0.0,0.0,0.0,0.0,0.0,0.42065851888062217,0.0,0.0,E13
5.0,0.0,4.0,56.0,0.0,0.22135968273463763,0.27280588538225176,0.0,0.19155498313298006,0.27280588538225176,0.0,0.0,0.0,0.0,0.0,0.0,0.0,0.0,0.0,0.0,0.0,0.0,0.0,0.22135968273463763,0.0,0.20283710310415376,0.7201791451902878,0.0,0.0,0.0,0.0,0.0,0.0,0.0,0.0,0.0,0.0,0.0,0.0,0.0,0.0,0.0,0.20966499272154374,0.0,0.0,0.0,0.0,0.0,0.0,0.19564512803276962,0.27280588538225176,0.0,0.0,0.0,E7
5.0,0.0,4.0,57.0,0.0,0.22135968273463763,0.27280588538225176,0.0,0.19155498313298006,0.27280588538225176,0.0,0.0,0.0,0.0,0.0,0.0,0.0,0.0,0.0,0.0,0.0,0.0,0.0,0.22135968273463763,0.0,0.20283710310415376,0.7201791451902878,0.0,0.0,0.0,0.0,0.0,0.0,0.0,0.0,0.0,0.0,0.0,0.0,0.0,0.0,0.0,0.20966499272154374,0.0,0.0,0.0,0.0,0.0,0.0,0.19564512803276962,0.27280588538225176,0.0,0.0,0.0,E6
3.0,0.0,4.0,58.0,0.0,0.0,0.0,0.0,0.23428947065061007,0.0,0.0,0.0,0.0,0.0,0.0,0.0,0.0,0.0,0.0,0.3421481252964706,0.0,0.0,0.0,0.0,0.0,0.0,0.7550106335330056,0.2751728165091075,0.0,0.0,0.0,0.0,0.0,0.0,0.0,0.0,0.0,0.34135121926186185,0.0,0.0,0.0,0.0,0.2564396882569906,0.0,0.0,0.0,0.0,0.0,0.0,0.0,0.0,0.0,0.0,0.0,E6
3.0,0.0,4.0,58.0,0.0,0.0,0.0,0.0,0.34939103204185995,0.0,0.0,0.0,0.0,0.0,0.0,0.0,0.0,0.0,0.48840804444937863,0.0,0.0,0.0,0.0,0.0,0.0,0.0,0.37531057018216657,0.0,0.4992621880111665,0.0,0.0,0.0,0.0,0.0,0.0,0.0,0.0,0.0,0.0,0.0,0.0,0.0,0.0,0.0,0.0,0.0,0.0,0.0,0.4992621880111665,0.0,0.0,0.0,0.0,0.0,E11
2.0,0.0,4.0,59.0,0.0,0.0,0.0,0.0,0.15378644268229635,0.0,0.0,0.0,0.0,0.0,0.22406124171850228,0.0,0.0,0.0,0.0,0.0,0.0,0.0,0.0,0.0,0.0,0.0,0.908572908515739,0.0,0.0,0.0,0.0,0.0,0.0,0.0,0.0,0.0,0.0,0.0,0.2245843268741186,0.0,0.0,0.0,0.0,0.22406124171850228,0.0,0.0,0.0,0.0,0.0,0.0,0.0,0.0,0.0,0.0,E10
3.0,0.0,4.0,59.0,0.0,0.0,0.0,0.0,0.34939103204185995,0.0,0.0,0.0,0.0,0.0,0.0,0.0,0.0,0.0,0.48840804444937863,0.0,0.0,0.0,0.0,0.0,0.0,0.0,0.37531057018216657,0.0,0.4992621880111665,0.0,0.0,0.0,0.0,0.0,0.0,0.0,0.0,0.0,0.0,0.0,0.0,0.0,0.0,0.0,0.0,0.0,0.0,0.0,0.4992621880111665,0.0,0.0,0.0,0.0,0.0,E13
5.0,0.0,4.0,59.0,0.0,0.22135968273463763,0.27280588538225176,0.0,0.19155498313298006,0.27280588538225176,0.0,0.0,0.0,0.0,0.0,0.0,0.0,0.0,0.0,0.0,0.0,0.0,0.0,0.22135968273463763,0.0,0.20283710310415376,0.7201791451902878,0.0,0.0,0.0,0.0,0.0,0.0,0.0,0.0,0.0,0.0,0.0,0.0,0.0,0.0,0.0,0.20966499272154374,0.0,0.0,0.0,0.0,0.0,0.0,0.19564512803276962,0.27280588538225176,0.0,0.0,0.0,E10
5.0,0.0,5.0,0.0,0.41221558671081765,0.0,0.0,0.41221558671081765,0.2142875638625615,0.0,0.0,0.0,0.0,0.0,0.0,0.0,0.0,0.0,0.0,0.0,0.0,0.0,0.0,0.0,0.0,0.2269085772357799,0.23018446497095518,0.0,0.0,0.41221558671081765,0.0,0.0,0.0,0.0,0.0,0.0,0.0,0.0,0.0,0.41221558671081765,0.0,0.0,0.0,0.0,0.0,0.0,0.0,0.0,0.0,0.0,0.0,0.41221558671081765,0.0,0.0,E6
3.0,0.0,5.0,1.0,0.0,0.0,0.0,0.0,0.2578159997202256,0.0,0.0,0.0,0.0,0.0,0.0,0.0,0.0,0.0,0.0,0.37650544316290596,0.0,0.0,0.0,0.0,0.0,0.0,0.6923551335276573,0.30280470815490756,0.0,0.0,0.0,0.0,0.0,0.0,0.0,0.0,0.0,0.37562851461197616,0.0,0.0,0.0,0.0,0.2821904646944785,0.0,0.0,0.0,0.0,0.0,0.0,0.0,0.0,0.0,0.0,0.0,E7
2.0,0.0,5.0,3.0,0.0,0.0,0.0,0.0,0.1661483052439899,0.0,0.0,0.0,0.0,0.0,0.24207202490079238,0.0,0.0,0.0,0.0,0.0,0.0,0.0,0.0,0.0,0.0,0.0,0.892370001764264,0.0,0.0,0.0,0.0,0.0,0.0,0.0,0.0,0.0,0.0,0.0,0.2426371573701316,0.0,0.0,0.0,0.0,0.24207202490079238,0.0,0.0,0.0,0.0,0.0,0.0,0.0,0.0,0.0,0.0,E11
5.0,0.0,5.0,3.0,0.0,0.22135968273463763,0.27280588538225176,0.0,0.19155498313298006,0.27280588538225176,0.0,0.0,0.0,0.0,0.0,0.0,0.0,0.0,0.0,0.0,0.0,0.0,0.0,0.22135968273463763,0.0,0.20283710310415376,0.7201791451902878,0.0,0.0,0.0,0.0,0.0,0.0,0.0,0.0,0.0,0.0,0.0,0.0,0.0,0.0,0.0,0.20966499272154374,0.0,0.0,0.0,0.0,0.0,0.0,0.19564512803276962,0.27280588538225176,0.0,0.0,0.0,E13
2.0,0.0,5.0,3.0,0.0,0.0,0.0,0.0,0.13936671859748026,0.0,0.0,0.0,0.0,0.0,0.20305222930278025,0.0,0.0,0.0,0.0,0.0,0.0,0.0,0.0,0.0,0.0,0.0,0.898233746565731,0.16368611178985137,0.0,0.0,0.0,0.0,0.0,0.0,0.0,0.0,0.0,0.20305222930278025,0.0,0.0,0.0,0.0,0.1525427402746343,0.20305222930278025,0.0,0.0,0.0,0.0,0.0,0.0,0.0,0.0,0.0,0.0,E6
5.0,0.0,5.0,3.0,0.0,0.22135968273463763,0.27280588538225176,0.0,0.19155498313298006,0.27280588538225176,0.0,0.0,0.0,0.0,0.0,0.0,0.0,0.0,0.0,0.0,0.0,0.0,0.0,0.22135968273463763,0.0,0.20283710310415376,0.7201791451902878,0.0,0.0,0.0,0.0,0.0,0.0,0.0,0.0,0.0,0.0,0.0,0.0,0.0,0.0,0.0,0.20966499272154374,0.0,0.0,0.0,0.0,0.0,0.0,0.19564512803276962,0.27280588538225176,0.0,0.0,0.0,E12
2.0,0.0,5.0,4.0,0.0,0.0,0.0,0.0,0.15378644268229635,0.0,0.0,0.0,0.0,0.0,0.22406124171850228,0.0,0.0,0.0,0.0,0.0,0.0,0.0,0.0,0.0,0.0,0.0,0.908572908515739,0.0,0.0,0.0,0.0,0.0,0.0,0.0,0.0,0.0,0.0,0.0,0.2245843268741186,0.0,0.0,0.0,0.0,0.22406124171850228,0.0,0.0,0.0,0.0,0.0,0.0,0.0,0.0,0.0,0.0,E6
5.0,0.0,5.0,4.0,0.0,0.22135968273463763,0.27280588538225176,0.0,0.19155498313298006,0.27280588538225176,0.0,0.0,0.0,0.0,0.0,0.0,0.0,0.0,0.0,0.0,0.0,0.0,0.0,0.22135968273463763,0.0,0.20283710310415376,0.7201791451902878,0.0,0.0,0.0,0.0,0.0,0.0,0.0,0.0,0.0,0.0,0.0,0.0,0.0,0.0,0.0,0.20966499272154374,0.0,0.0,0.0,0.0,0.0,0.0,0.19564512803276962,0.27280588538225176,0.0,0.0,0.0,E13
3.0,0.0,5.0,5.0,0.0,0.0,0.0,0.0,0.2578159997202256,0.0,0.0,0.0,0.0,0.0,0.0,0.0,0.0,0.0,0.0,0.37650544316290596,0.0,0.0,0.0,0.0,0.0,0.0,0.6923551335276573,0.30280470815490756,0.0,0.0,0.0,0.0,0.0,0.0,0.0,0.0,0.0,0.37562851461197616,0.0,0.0,0.0,0.0,0.2821904646944785,0.0,0.0,0.0,0.0,0.0,0.0,0.0,0.0,0.0,0.0,0.0,E6
3.0,0.0,5.0,7.0,0.0,0.0,0.0,0.0,0.34939103204185995,0.0,0.0,0.0,0.0,0.0,0.0,0.0,0.0,0.0,0.48840804444937863,0.0,0.0,0.0,0.0,0.0,0.0,0.0,0.37531057018216657,0.0,0.4992621880111665,0.0,0.0,0.0,0.0,0.0,0.0,0.0,0.0,0.0,0.0,0.0,0.0,0.0,0.0,0.0,0.0,0.0,0.0,0.0,0.4992621880111665,0.0,0.0,0.0,0.0,0.0,E11
5.0,0.0,5.0,10.0,0.0,0.22135968273463763,0.27280588538225176,0.0,0.19155498313298006,0.27280588538225176,0.0,0.0,0.0,0.0,0.0,0.0,0.0,0.0,0.0,0.0,0.0,0.0,0.0,0.22135968273463763,0.0,0.20283710310415376,0.7201791451902878,0.0,0.0,0.0,0.0,0.0,0.0,0.0,0.0,0.0,0.0,0.0,0.0,0.0,0.0,0.0,0.20966499272154374,0.0,0.0,0.0,0.0,0.0,0.0,0.19564512803276962,0.27280588538225176,0.0,0.0,0.0,E10
2.0,0.0,5.0,10.0,0.0,0.0,0.0,0.0,0.15378644268229635,0.0,0.0,0.0,0.0,0.0,0.22406124171850228,0.0,0.0,0.0,0.0,0.0,0.0,0.0,0.0,0.0,0.0,0.0,0.908572908515739,0.0,0.0,0.0,0.0,0.0,0.0,0.0,0.0,0.0,0.0,0.0,0.2245843268741186,0.0,0.0,0.0,0.0,0.22406124171850228,0.0,0.0,0.0,0.0,0.0,0.0,0.0,0.0,0.0,0.0,E6
3.0,0.0,5.0,11.0,0.0,0.0,0.0,0.0,0.23428947065061007,0.0,0.0,0.0,0.0,0.0,0.0,0.0,0.0,0.0,0.0,0.3421481252964706,0.0,0.0,0.0,0.0,0.0,0.0,0.7550106335330056,0.2751728165091075,0.0,0.0,0.0,0.0,0.0,0.0,0.0,0.0,0.0,0.34135121926186185,0.0,0.0,0.0,0.0,0.2564396882569906,0.0,0.0,0.0,0.0,0.0,0.0,0.0,0.0,0.0,0.0,0.0,E13
5.0,0.0,5.0,11.0,0.0,0.23836634715786661,0.29376506859060325,0.0,0.2062718063434884,0.29376506859060325,0.0,0.0,0.0,0.0,0.0,0.0,0.0,0.0,0.0,0.0,0.0,0.0,0.0,0.23836634715786661,0.0,0.2184207112050361,0.6647221778892567,0.0,0.0,0.0,0.0,0.0,0.0,0.0,0.0,0.0,0.0,0.0,0.0,0.0,0.0,0.0,0.22577317524360016,0.0,0.0,0.0,0.0,0.0,0.0,0.21067618968495705,0.29376506859060325,0.0,0.0,0.0,E11
3.0,0.0,5.0,11.0,0.0,0.0,0.0,0.0,0.2578159997202256,0.0,0.0,0.0,0.0,0.0,0.0,0.0,0.0,0.0,0.0,0.37650544316290596,0.0,0.0,0.0,0.0,0.0,0.0,0.6923551335276573,0.30280470815490756,0.0,0.0,0.0,0.0,0.0,0.0,0.0,0.0,0.0,0.37562851461197616,0.0,0.0,0.0,0.0,0.2821904646944785,0.0,0.0,0.0,0.0,0.0,0.0,0.0,0.0,0.0,0.0,0.0,E6
3.0,0.0,5.0,13.0,0.0,0.0,0.0,0.0,0.34939103204185995,0.0,0.0,0.0,0.0,0.0,0.0,0.0,0.0,0.0,0.48840804444937863,0.0,0.0,0.0,0.0,0.0,0.0,0.0,0.37531057018216657,0.0,0.4992621880111665,0.0,0.0,0.0,0.0,0.0,0.0,0.0,0.0,0.0,0.0,0.0,0.0,0.0,0.0,0.0,0.0,0.0,0.0,0.0,0.4992621880111665,0.0,0.0,0.0,0.0,0.0,E11
5.0,0.0,5.0,14.0,0.0,0.23836634715786661,0.29376506859060325,0.0,0.2062718063434884,0.29376506859060325,0.0,0.0,0.0,0.0,0.0,0.0,0.0,0.0,0.0,0.0,0.0,0.0,0.0,0.23836634715786661,0.0,0.2184207112050361,0.6647221778892567,0.0,0.0,0.0,0.0,0.0,0.0,0.0,0.0,0.0,0.0,0.0,0.0,0.0,0.0,0.0,0.22577317524360016,0.0,0.0,0.0,0.0,0.0,0.0,0.21067618968495705,0.29376506859060325,0.0,0.0,0.0,E10
2.0,0.0,5.0,15.0,0.0,0.0,0.0,0.0,0.1661483052439899,0.0,0.0,0.0,0.0,0.0,0.24207202490079238,0.0,0.0,0.0,0.0,0.0,0.0,0.0,0.0,0.0,0.0,0.0,0.892370001764264,0.0,0.0,0.0,0.0,0.0,0.0,0.0,0.0,0.0,0.0,0.0,0.2426371573701316,0.0,0.0,0.0,0.0,0.24207202490079238,0.0,0.0,0.0,0.0,0.0,0.0,0.0,0.0,0.0,0.0,E6
2.0,0.0,5.0,15.0,0.0,0.0,0.0,0.0,0.15378644268229635,0.0,0.0,0.0,0.0,0.0,0.22406124171850228,0.0,0.0,0.0,0.0,0.0,0.0,0.0,0.0,0.0,0.0,0.0,0.908572908515739,0.0,0.0,0.0,0.0,0.0,0.0,0.0,0.0,0.0,0.0,0.0,0.2245843268741186,0.0,0.0,0.0,0.0,0.22406124171850228,0.0,0.0,0.0,0.0,0.0,0.0,0.0,0.0,0.0,0.0,E13
5.0,0.0,5.0,15.0,0.0,0.22135968273463763,0.27280588538225176,0.0,0.19155498313298006,0.27280588538225176,0.0,0.0,0.0,0.0,0.0,0.0,0.0,0.0,0.0,0.0,0.0,0.0,0.0,0.22135968273463763,0.0,0.20283710310415376,0.7201791451902878,0.0,0.0,0.0,0.0,0.0,0.0,0.0,0.0,0.0,0.0,0.0,0.0,0.0,0.0,0.0,0.20966499272154374,0.0,0.0,0.0,0.0,0.0,0.0,0.19564512803276962,0.27280588538225176,0.0,0.0,0.0,E13
3.0,0.0,5.0,17.0,0.0,0.0,0.0,0.0,0.23428947065061007,0.0,0.0,0.0,0.0,0.0,0.0,0.0,0.0,0.0,0.0,0.3421481252964706,0.0,0.0,0.0,0.0,0.0,0.0,0.7550106335330056,0.2751728165091075,0.0,0.0,0.0,0.0,0.0,0.0,0.0,0.0,0.0,0.34135121926186185,0.0,0.0,0.0,0.0,0.2564396882569906,0.0,0.0,0.0,0.0,0.0,0.0,0.0,0.0,0.0,0.0,0.0,E6
5.0,0.0,5.0,17.0,0.0,0.23836634715786661,0.29376506859060325,0.0,0.2062718063434884,0.29376506859060325,0.0,0.0,0.0,0.0,0.0,0.0,0.0,0.0,0.0,0.0,0.0,0.0,0.0,0.23836634715786661,0.0,0.2184207112050361,0.6647221778892567,0.0,0.0,0.0,0.0,0.0,0.0,0.0,0.0,0.0,0.0,0.0,0.0,0.0,0.0,0.0,0.22577317524360016,0.0,0.0,0.0,0.0,0.0,0.0,0.21067618968495705,0.29376506859060325,0.0,0.0,0.0,E11
3.0,0.0,5.0,18.0,0.0,0.0,0.0,0.0,0.23428947065061007,0.0,0.0,0.0,0.0,0.0,0.0,0.0,0.0,0.0,0.0,0.3421481252964706,0.0,0.0,0.0,0.0,0.0,0.0,0.7550106335330056,0.2751728165091075,0.0,0.0,0.0,0.0,0.0,0.0,0.0,0.0,0.0,0.34135121926186185,0.0,0.0,0.0,0.0,0.2564396882569906,0.0,0.0,0.0,0.0,0.0,0.0,0.0,0.0,0.0,0.0,0.0,E6
3.0,0.0,5.0,19.0,0.0,0.0,0.0,0.0,0.34939103204185995,0.0,0.0,0.0,0.0,0.0,0.0,0.0,0.0,0.0,0.48840804444937863,0.0,0.0,0.0,0.0,0.0,0.0,0.0,0.37531057018216657,0.0,0.4992621880111665,0.0,0.0,0.0,0.0,0.0,0.0,0.0,0.0,0.0,0.0,0.0,0.0,0.0,0.0,0.0,0.0,0.0,0.0,0.0,0.4992621880111665,0.0,0.0,0.0,0.0,0.0,E11
3.0,0.0,5.0,20.0,0.0,0.0,0.0,0.0,0.2578159997202256,0.0,0.0,0.0,0.0,0.0,0.0,0.0,0.0,0.0,0.0,0.37650544316290596,0.0,0.0,0.0,0.0,0.0,0.0,0.6923551335276573,0.30280470815490756,0.0,0.0,0.0,0.0,0.0,0.0,0.0,0.0,0.0,0.37562851461197616,0.0,0.0,0.0,0.0,0.2821904646944785,0.0,0.0,0.0,0.0,0.0,0.0,0.0,0.0,0.0,0.0,0.0,E10
2.0,0.0,5.0,21.0,0.0,0.0,0.0,0.0,0.1661483052439899,0.0,0.0,0.0,0.0,0.0,0.24207202490079238,0.0,0.0,0.0,0.0,0.0,0.0,0.0,0.0,0.0,0.0,0.0,0.892370001764264,0.0,0.0,0.0,0.0,0.0,0.0,0.0,0.0,0.0,0.0,0.0,0.2426371573701316,0.0,0.0,0.0,0.0,0.24207202490079238,0.0,0.0,0.0,0.0,0.0,0.0,0.0,0.0,0.0,0.0,E11
5.0,0.0,5.0,23.0,0.0,0.22135968273463763,0.27280588538225176,0.0,0.19155498313298006,0.27280588538225176,0.0,0.0,0.0,0.0,0.0,0.0,0.0,0.0,0.0,0.0,0.0,0.0,0.0,0.22135968273463763,0.0,0.20283710310415376,0.7201791451902878,0.0,0.0,0.0,0.0,0.0,0.0,0.0,0.0,0.0,0.0,0.0,0.0,0.0,0.0,0.0,0.20966499272154374,0.0,0.0,0.0,0.0,0.0,0.0,0.19564512803276962,0.27280588538225176,0.0,0.0,0.0,E13
3.0,0.0,5.0,25.0,0.0,0.0,0.0,0.0,0.34939103204185995,0.0,0.0,0.0,0.0,0.0,0.0,0.0,0.0,0.0,0.48840804444937863,0.0,0.0,0.0,0.0,0.0,0.0,0.0,0.37531057018216657,0.0,0.4992621880111665,0.0,0.0,0.0,0.0,0.0,0.0,0.0,0.0,0.0,0.0,0.0,0.0,0.0,0.0,0.0,0.0,0.0,0.0,0.0,0.4992621880111665,0.0,0.0,0.0,0.0,0.0,E6
3.0,0.0,5.0,26.0,0.0,0.0,0.0,0.0,0.3694506407597979,0.0,0.0,0.0,0.0,0.0,0.0,0.0,0.0,0.0,0.516449045413519,0.0,0.0,0.0,0.0,0.0,0.0,0.0,0.19842914946528173,0.0,0.5279263585842844,0.0,0.0,0.0,0.0,0.0,0.0,0.0,0.0,0.0,0.0,0.0,0.0,0.0,0.0,0.0,0.0,0.0,0.0,0.0,0.5279263585842844,0.0,0.0,0.0,0.0,0.0,E10
2.0,0.0,5.0,27.0,0.0,0.0,0.0,0.0,0.15378644268229635,0.0,0.0,0.0,0.0,0.0,0.22406124171850228,0.0,0.0,0.0,0.0,0.0,0.0,0.0,0.0,0.0,0.0,0.0,0.908572908515739,0.0,0.0,0.0,0.0,0.0,0.0,0.0,0.0,0.0,0.0,0.0,0.2245843268741186,0.0,0.0,0.0,0.0,0.22406124171850228,0.0,0.0,0.0,0.0,0.0,0.0,0.0,0.0,0.0,0.0,E10
2.0,0.0,5.0,28.0,0.0,0.0,0.0,0.0,0.15378644268229635,0.0,0.0,0.0,0.0,0.0,0.22406124171850228,0.0,0.0,0.0,0.0,0.0,0.0,0.0,0.0,0.0,0.0,0.0,0.908572908515739,0.0,0.0,0.0,0.0,0.0,0.0,0.0,0.0,0.0,0.0,0.0,0.2245843268741186,0.0,0.0,0.0,0.0,0.22406124171850228,0.0,0.0,0.0,0.0,0.0,0.0,0.0,0.0,0.0,0.0,E13
2.0,0.0,5.0,28.0,0.0,0.0,0.0,0.0,0.15378644268229635,0.0,0.0,0.0,0.0,0.0,0.22406124171850228,0.0,0.0,0.0,0.0,0.0,0.0,0.0,0.0,0.0,0.0,0.0,0.908572908515739,0.0,0.0,0.0,0.0,0.0,0.0,0.0,0.0,0.0,0.0,0.0,0.2245843268741186,0.0,0.0,0.0,0.0,0.22406124171850228,0.0,0.0,0.0,0.0,0.0,0.0,0.0,0.0,0.0,0.0,E13
3.0,0.0,5.0,28.0,0.0,0.0,0.0,0.0,0.3694506407597979,0.0,0.0,0.0,0.0,0.0,0.0,0.0,0.0,0.0,0.516449045413519,0.0,0.0,0.0,0.0,0.0,0.0,0.0,0.19842914946528173,0.0,0.5279263585842844,0.0,0.0,0.0,0.0,0.0,0.0,0.0,0.0,0.0,0.0,0.0,0.0,0.0,0.0,0.0,0.0,0.0,0.0,0.0,0.5279263585842844,0.0,0.0,0.0,0.0,0.0,E13
3.0,0.0,5.0,28.0,0.0,0.0,0.0,0.0,0.2578159997202256,0.0,0.0,0.0,0.0,0.0,0.0,0.0,0.0,0.0,0.0,0.37650544316290596,0.0,0.0,0.0,0.0,0.0,0.0,0.6923551335276573,0.30280470815490756,0.0,0.0,0.0,0.0,0.0,0.0,0.0,0.0,0.0,0.37562851461197616,0.0,0.0,0.0,0.0,0.2821904646944785,0.0,0.0,0.0,0.0,0.0,0.0,0.0,0.0,0.0,0.0,0.0,E10
3.0,0.0,5.0,28.0,0.0,0.0,0.0,0.0,0.2578159997202256,0.0,0.0,0.0,0.0,0.0,0.0,0.0,0.0,0.0,0.0,0.37650544316290596,0.0,0.0,0.0,0.0,0.0,0.0,0.6923551335276573,0.30280470815490756,0.0,0.0,0.0,0.0,0.0,0.0,0.0,0.0,0.0,0.37562851461197616,0.0,0.0,0.0,0.0,0.2821904646944785,0.0,0.0,0.0,0.0,0.0,0.0,0.0,0.0,0.0,0.0,0.0,E11
3.0,0.0,5.0,30.0,0.0,0.0,0.0,0.0,0.2578159997202256,0.0,0.0,0.0,0.0,0.0,0.0,0.0,0.0,0.0,0.0,0.37650544316290596,0.0,0.0,0.0,0.0,0.0,0.0,0.6923551335276573,0.30280470815490756,0.0,0.0,0.0,0.0,0.0,0.0,0.0,0.0,0.0,0.37562851461197616,0.0,0.0,0.0,0.0,0.2821904646944785,0.0,0.0,0.0,0.0,0.0,0.0,0.0,0.0,0.0,0.0,0.0,E11
5.0,0.0,5.0,30.0,0.42065851888062217,0.0,0.0,0.42065851888062217,0.21867656666801216,0.0,0.0,0.0,0.0,0.0,0.0,0.0,0.0,0.0,0.0,0.0,0.0,0.0,0.0,0.0,0.0,0.231556081571157,0.11744953275134055,0.0,0.0,0.42065851888062217,0.0,0.0,0.0,0.0,0.0,0.0,0.0,0.0,0.0,0.42065851888062217,0.0,0.0,0.0,0.0,0.0,0.0,0.0,0.0,0.0,0.0,0.0,0.42065851888062217,0.0,0.0,E11
2.0,0.0,5.0,31.0,0.0,0.0,0.0,0.0,0.15378644268229635,0.0,0.0,0.0,0.0,0.0,0.22406124171850228,0.0,0.0,0.0,0.0,0.0,0.0,0.0,0.0,0.0,0.0,0.0,0.908572908515739,0.0,0.0,0.0,0.0,0.0,0.0,0.0,0.0,0.0,0.0,0.0,0.2245843268741186,0.0,0.0,0.0,0.0,0.22406124171850228,0.0,0.0,0.0,0.0,0.0,0.0,0.0,0.0,0.0,0.0,E7
2.0,0.0,5.0,32.0,0.0,0.0,0.0,0.0,0.15378644268229635,0.0,0.0,0.0,0.0,0.0,0.22406124171850228,0.0,0.0,0.0,0.0,0.0,0.0,0.0,0.0,0.0,0.0,0.0,0.908572908515739,0.0,0.0,0.0,0.0,0.0,0.0,0.0,0.0,0.0,0.0,0.0,0.2245843268741186,0.0,0.0,0.0,0.0,0.22406124171850228,0.0,0.0,0.0,0.0,0.0,0.0,0.0,0.0,0.0,0.0,E13
5.0,0.0,5.0,33.0,0.0,0.23836634715786661,0.29376506859060325,0.0,0.2062718063434884,0.29376506859060325,0.0,0.0,0.0,0.0,0.0,0.0,0.0,0.0,0.0,0.0,0.0,0.0,0.0,0.23836634715786661,0.0,0.2184207112050361,0.6647221778892567,0.0,0.0,0.0,0.0,0.0,0.0,0.0,0.0,0.0,0.0,0.0,0.0,0.0,0.0,0.0,0.22577317524360016,0.0,0.0,0.0,0.0,0.0,0.0,0.21067618968495705,0.29376506859060325,0.0,0.0,0.0,E13
3.0,0.0,5.0,33.0,0.0,0.0,0.0,0.0,0.2578159997202256,0.0,0.0,0.0,0.0,0.0,0.0,0.0,0.0,0.0,0.0,0.37650544316290596,0.0,0.0,0.0,0.0,0.0,0.0,0.6923551335276573,0.30280470815490756,0.0,0.0,0.0,0.0,0.0,0.0,0.0,0.0,0.0,0.37562851461197616,0.0,0.0,0.0,0.0,0.2821904646944785,0.0,0.0,0.0,0.0,0.0,0.0,0.0,0.0,0.0,0.0,0.0,E6
5.0,0.0,5.0,33.0,0.42065851888062217,0.0,0.0,0.42065851888062217,0.21867656666801216,0.0,0.0,0.0,0.0,0.0,0.0,0.0,0.0,0.0,0.0,0.0,0.0,0.0,0.0,0.0,0.0,0.231556081571157,0.11744953275134055,0.0,0.0,0.42065851888062217,0.0,0.0,0.0,0.0,0.0,0.0,0.0,0.0,0.0,0.42065851888062217,0.0,0.0,0.0,0.0,0.0,0.0,0.0,0.0,0.0,0.0,0.0,0.42065851888062217,0.0,0.0,E11
2.0,0.0,5.0,34.0,0.0,0.0,0.0,0.0,0.1661483052439899,0.0,0.0,0.0,0.0,0.0,0.24207202490079238,0.0,0.0,0.0,0.0,0.0,0.0,0.0,0.0,0.0,0.0,0.0,0.892370001764264,0.0,0.0,0.0,0.0,0.0,0.0,0.0,0.0,0.0,0.0,0.0,0.2426371573701316,0.0,0.0,0.0,0.0,0.24207202490079238,0.0,0.0,0.0,0.0,0.0,0.0,0.0,0.0,0.0,0.0,E7
3.0,0.0,5.0,34.0,0.0,0.0,0.0,0.0,0.2578159997202256,0.0,0.0,0.0,0.0,0.0,0.0,0.0,0.0,0.0,0.0,0.37650544316290596,0.0,0.0,0.0,0.0,0.0,0.0,0.6923551335276573,0.30280470815490756,0.0,0.0,0.0,0.0,0.0,0.0,0.0,0.0,0.0,0.37562851461197616,0.0,0.0,0.0,0.0,0.2821904646944785,0.0,0.0,0.0,0.0,0.0,0.0,0.0,0.0,0.0,0.0,0.0,E13
2.0,0.0,5.0,36.0,0.0,0.0,0.0,0.0,0.15378644268229635,0.0,0.0,0.0,0.0,0.0,0.22406124171850228,0.0,0.0,0.0,0.0,0.0,0.0,0.0,0.0,0.0,0.0,0.0,0.908572908515739,0.0,0.0,0.0,0.0,0.0,0.0,0.0,0.0,0.0,0.0,0.0,0.2245843268741186,0.0,0.0,0.0,0.0,0.22406124171850228,0.0,0.0,0.0,0.0,0.0,0.0,0.0,0.0,0.0,0.0,E11
3.0,0.0,5.0,39.0,0.0,0.0,0.0,0.0,0.34939103204185995,0.0,0.0,0.0,0.0,0.0,0.0,0.0,0.0,0.0,0.48840804444937863,0.0,0.0,0.0,0.0,0.0,0.0,0.0,0.37531057018216657,0.0,0.4992621880111665,0.0,0.0,0.0,0.0,0.0,0.0,0.0,0.0,0.0,0.0,0.0,0.0,0.0,0.0,0.0,0.0,0.0,0.0,0.0,0.4992621880111665,0.0,0.0,0.0,0.0,0.0,E13
3.0,0.0,5.0,39.0,0.0,0.0,0.0,0.0,0.3694506407597979,0.0,0.0,0.0,0.0,0.0,0.0,0.0,0.0,0.0,0.516449045413519,0.0,0.0,0.0,0.0,0.0,0.0,0.0,0.19842914946528173,0.0,0.5279263585842844,0.0,0.0,0.0,0.0,0.0,0.0,0.0,0.0,0.0,0.0,0.0,0.0,0.0,0.0,0.0,0.0,0.0,0.0,0.0,0.5279263585842844,0.0,0.0,0.0,0.0,0.0,E10
2.0,0.0,5.0,39.0,0.0,0.0,0.0,0.0,0.1661483052439899,0.0,0.0,0.0,0.0,0.0,0.24207202490079238,0.0,0.0,0.0,0.0,0.0,0.0,0.0,0.0,0.0,0.0,0.0,0.892370001764264,0.0,0.0,0.0,0.0,0.0,0.0,0.0,0.0,0.0,0.0,0.0,0.2426371573701316,0.0,0.0,0.0,0.0,0.24207202490079238,0.0,0.0,0.0,0.0,0.0,0.0,0.0,0.0,0.0,0.0,E10
3.0,0.0,5.0,40.0,0.0,0.0,0.0,0.0,0.23428947065061007,0.0,0.0,0.0,0.0,0.0,0.0,0.0,0.0,0.0,0.0,0.3421481252964706,0.0,0.0,0.0,0.0,0.0,0.0,0.7550106335330056,0.2751728165091075,0.0,0.0,0.0,0.0,0.0,0.0,0.0,0.0,0.0,0.34135121926186185,0.0,0.0,0.0,0.0,0.2564396882569906,0.0,0.0,0.0,0.0,0.0,0.0,0.0,0.0,0.0,0.0,0.0,E13
5.0,0.0,5.0,40.0,0.0,0.22135968273463763,0.27280588538225176,0.0,0.19155498313298006,0.27280588538225176,0.0,0.0,0.0,0.0,0.0,0.0,0.0,0.0,0.0,0.0,0.0,0.0,0.0,0.22135968273463763,0.0,0.20283710310415376,0.7201791451902878,0.0,0.0,0.0,0.0,0.0,0.0,0.0,0.0,0.0,0.0,0.0,0.0,0.0,0.0,0.0,0.20966499272154374,0.0,0.0,0.0,0.0,0.0,0.0,0.19564512803276962,0.27280588538225176,0.0,0.0,0.0,E11
3.0,0.0,5.0,41.0,0.0,0.0,0.0,0.0,0.2578159997202256,0.0,0.0,0.0,0.0,0.0,0.0,0.0,0.0,0.0,0.0,0.37650544316290596,0.0,0.0,0.0,0.0,0.0,0.0,0.6923551335276573,0.30280470815490756,0.0,0.0,0.0,0.0,0.0,0.0,0.0,0.0,0.0,0.37562851461197616,0.0,0.0,0.0,0.0,0.2821904646944785,0.0,0.0,0.0,0.0,0.0,0.0,0.0,0.0,0.0,0.0,0.0,E6
3.0,0.0,5.0,43.0,0.0,0.0,0.0,0.0,0.2578159997202256,0.0,0.0,0.0,0.0,0.0,0.0,0.0,0.0,0.0,0.0,0.37650544316290596,0.0,0.0,0.0,0.0,0.0,0.0,0.6923551335276573,0.30280470815490756,0.0,0.0,0.0,0.0,0.0,0.0,0.0,0.0,0.0,0.37562851461197616,0.0,0.0,0.0,0.0,0.2821904646944785,0.0,0.0,0.0,0.0,0.0,0.0,0.0,0.0,0.0,0.0,0.0,E11
5.0,0.0,5.0,43.0,0.0,0.22135968273463763,0.27280588538225176,0.0,0.19155498313298006,0.27280588538225176,0.0,0.0,0.0,0.0,0.0,0.0,0.0,0.0,0.0,0.0,0.0,0.0,0.0,0.22135968273463763,0.0,0.20283710310415376,0.7201791451902878,0.0,0.0,0.0,0.0,0.0,0.0,0.0,0.0,0.0,0.0,0.0,0.0,0.0,0.0,0.0,0.20966499272154374,0.0,0.0,0.0,0.0,0.0,0.0,0.19564512803276962,0.27280588538225176,0.0,0.0,0.0,E11
3.0,0.0,5.0,43.0,0.0,0.0,0.0,0.0,0.34939103204185995,0.0,0.0,0.0,0.0,0.0,0.0,0.0,0.0,0.0,0.48840804444937863,0.0,0.0,0.0,0.0,0.0,0.0,0.0,0.37531057018216657,0.0,0.4992621880111665,0.0,0.0,0.0,0.0,0.0,0.0,0.0,0.0,0.0,0.0,0.0,0.0,0.0,0.0,0.0,0.0,0.0,0.0,0.0,0.4992621880111665,0.0,0.0,0.0,0.0,0.0,E6
3.0,0.0,5.0,44.0,0.0,0.0,0.0,0.0,0.34939103204185995,0.0,0.0,0.0,0.0,0.0,0.0,0.0,0.0,0.0,0.48840804444937863,0.0,0.0,0.0,0.0,0.0,0.0,0.0,0.37531057018216657,0.0,0.4992621880111665,0.0,0.0,0.0,0.0,0.0,0.0,0.0,0.0,0.0,0.0,0.0,0.0,0.0,0.0,0.0,0.0,0.0,0.0,0.0,0.4992621880111665,0.0,0.0,0.0,0.0,0.0,E10
5.0,0.0,5.0,44.0,0.0,0.22135968273463763,0.27280588538225176,0.0,0.19155498313298006,0.27280588538225176,0.0,0.0,0.0,0.0,0.0,0.0,0.0,0.0,0.0,0.0,0.0,0.0,0.0,0.22135968273463763,0.0,0.20283710310415376,0.7201791451902878,0.0,0.0,0.0,0.0,0.0,0.0,0.0,0.0,0.0,0.0,0.0,0.0,0.0,0.0,0.0,0.20966499272154374,0.0,0.0,0.0,0.0,0.0,0.0,0.19564512803276962,0.27280588538225176,0.0,0.0,0.0,E10
3.0,0.0,5.0,45.0,0.0,0.0,0.0,0.0,0.3694506407597979,0.0,0.0,0.0,0.0,0.0,0.0,0.0,0.0,0.0,0.516449045413519,0.0,0.0,0.0,0.0,0.0,0.0,0.0,0.19842914946528173,0.0,0.5279263585842844,0.0,0.0,0.0,0.0,0.0,0.0,0.0,0.0,0.0,0.0,0.0,0.0,0.0,0.0,0.0,0.0,0.0,0.0,0.0,0.5279263585842844,0.0,0.0,0.0,0.0,0.0,E6
5.0,0.0,5.0,47.0,0.0,0.26193916470232276,0.0,0.0,0.22667069114193747,0.0,0.0,0.0,0.35845965475525166,0.0,0.0,0.0,0.0,0.0,0.0,0.0,0.0,0.0,0.3609506417434961,0.26193916470232276,0.0,0.24002104042330735,0.6087155832170444,0.26622456539930955,0.0,0.0,0.0,0.0,0.0,0.0,0.0,0.0,0.0,0.0,0.0,0.0,0.0,0.0,0.0,0.0,0.0,0.0,0.0,0.0,0.0,0.2315106381699005,0.0,0.0,0.0,0.0,E10
3.0,0.0,5.0,48.0,0.0,0.0,0.0,0.0,0.34939103204185995,0.0,0.0,0.0,0.0,0.0,0.0,0.0,0.0,0.0,0.48840804444937863,0.0,0.0,0.0,0.0,0.0,0.0,0.0,0.37531057018216657,0.0,0.4992621880111665,0.0,0.0,0.0,0.0,0.0,0.0,0.0,0.0,0.0,0.0,0.0,0.0,0.0,0.0,0.0,0.0,0.0,0.0,0.0,0.4992621880111665,0.0,0.0,0.0,0.0,0.0,E8
3.0,0.0,5.0,49.0,0.0,0.0,0.0,0.0,0.2578159997202256,0.0,0.0,0.0,0.0,0.0,0.0,0.0,0.0,0.0,0.0,0.37650544316290596,0.0,0.0,0.0,0.0,0.0,0.0,0.6923551335276573,0.30280470815490756,0.0,0.0,0.0,0.0,0.0,0.0,0.0,0.0,0.0,0.37562851461197616,0.0,0.0,0.0,0.0,0.2821904646944785,0.0,0.0,0.0,0.0,0.0,0.0,0.0,0.0,0.0,0.0,0.0,E10
5.0,0.0,5.0,51.0,0.0,0.22135968273463763,0.27280588538225176,0.0,0.19155498313298006,0.27280588538225176,0.0,0.0,0.0,0.0,0.0,0.0,0.0,0.0,0.0,0.0,0.0,0.0,0.0,0.22135968273463763,0.0,0.20283710310415376,0.7201791451902878,0.0,0.0,0.0,0.0,0.0,0.0,0.0,0.0,0.0,0.0,0.0,0.0,0.0,0.0,0.0,0.20966499272154374,0.0,0.0,0.0,0.0,0.0,0.0,0.19564512803276962,0.27280588538225176,0.0,0.0,0.0,E11
5.0,0.0,5.0,52.0,0.0,0.23836634715786661,0.29376506859060325,0.0,0.2062718063434884,0.29376506859060325,0.0,0.0,0.0,0.0,0.0,0.0,0.0,0.0,0.0,0.0,0.0,0.0,0.0,0.23836634715786661,0.0,0.2184207112050361,0.6647221778892567,0.0,0.0,0.0,0.0,0.0,0.0,0.0,0.0,0.0,0.0,0.0,0.0,0.0,0.0,0.0,0.22577317524360016,0.0,0.0,0.0,0.0,0.0,0.0,0.21067618968495705,0.29376506859060325,0.0,0.0,0.0,E6
3.0,0.0,5.0,54.0,0.0,0.0,0.0,0.0,0.34939103204185995,0.0,0.0,0.0,0.0,0.0,0.0,0.0,0.0,0.0,0.48840804444937863,0.0,0.0,0.0,0.0,0.0,0.0,0.0,0.37531057018216657,0.0,0.4992621880111665,0.0,0.0,0.0,0.0,0.0,0.0,0.0,0.0,0.0,0.0,0.0,0.0,0.0,0.0,0.0,0.0,0.0,0.0,0.0,0.4992621880111665,0.0,0.0,0.0,0.0,0.0,E6
3.0,0.0,5.0,55.0,0.0,0.0,0.0,0.0,0.2578159997202256,0.0,0.0,0.0,0.0,0.0,0.0,0.0,0.0,0.0,0.0,0.37650544316290596,0.0,0.0,0.0,0.0,0.0,0.0,0.6923551335276573,0.30280470815490756,0.0,0.0,0.0,0.0,0.0,0.0,0.0,0.0,0.0,0.37562851461197616,0.0,0.0,0.0,0.0,0.2821904646944785,0.0,0.0,0.0,0.0,0.0,0.0,0.0,0.0,0.0,0.0,0.0,E10
5.0,0.0,5.0,56.0,0.0,0.22135968273463763,0.27280588538225176,0.0,0.19155498313298006,0.27280588538225176,0.0,0.0,0.0,0.0,0.0,0.0,0.0,0.0,0.0,0.0,0.0,0.0,0.0,0.22135968273463763,0.0,0.20283710310415376,0.7201791451902878,0.0,0.0,0.0,0.0,0.0,0.0,0.0,0.0,0.0,0.0,0.0,0.0,0.0,0.0,0.0,0.20966499272154374,0.0,0.0,0.0,0.0,0.0,0.0,0.19564512803276962,0.27280588538225176,0.0,0.0,0.0,E11
5.0,0.0,5.0,59.0,0.0,0.22135968273463763,0.27280588538225176,0.0,0.19155498313298006,0.27280588538225176,0.0,0.0,0.0,0.0,0.0,0.0,0.0,0.0,0.0,0.0,0.0,0.0,0.0,0.22135968273463763,0.0,0.20283710310415376,0.7201791451902878,0.0,0.0,0.0,0.0,0.0,0.0,0.0,0.0,0.0,0.0,0.0,0.0,0.0,0.0,0.0,0.20966499272154374,0.0,0.0,0.0,0.0,0.0,0.0,0.19564512803276962,0.27280588538225176,0.0,0.0,0.0,E6
3.0,0.0,6.0,0.0,0.0,0.0,0.0,0.0,0.3694506407597979,0.0,0.0,0.0,0.0,0.0,0.0,0.0,0.0,0.0,0.516449045413519,0.0,0.0,0.0,0.0,0.0,0.0,0.0,0.19842914946528173,0.0,0.5279263585842844,0.0,0.0,0.0,0.0,0.0,0.0,0.0,0.0,0.0,0.0,0.0,0.0,0.0,0.0,0.0,0.0,0.0,0.0,0.0,0.5279263585842844,0.0,0.0,0.0,0.0,0.0,E6
5.0,0.0,6.0,0.0,0.0,0.23836634715786661,0.29376506859060325,0.0,0.2062718063434884,0.29376506859060325,0.0,0.0,0.0,0.0,0.0,0.0,0.0,0.0,0.0,0.0,0.0,0.0,0.0,0.23836634715786661,0.0,0.2184207112050361,0.6647221778892567,0.0,0.0,0.0,0.0,0.0,0.0,0.0,0.0,0.0,0.0,0.0,0.0,0.0,0.0,0.0,0.22577317524360016,0.0,0.0,0.0,0.0,0.0,0.0,0.21067618968495705,0.29376506859060325,0.0,0.0,0.0,E10
3.0,0.0,6.0,1.0,0.0,0.0,0.0,0.0,0.3694506407597979,0.0,0.0,0.0,0.0,0.0,0.0,0.0,0.0,0.0,0.516449045413519,0.0,0.0,0.0,0.0,0.0,0.0,0.0,0.19842914946528173,0.0,0.5279263585842844,0.0,0.0,0.0,0.0,0.0,0.0,0.0,0.0,0.0,0.0,0.0,0.0,0.0,0.0,0.0,0.0,0.0,0.0,0.0,0.5279263585842844,0.0,0.0,0.0,0.0,0.0,E6
2.0,0.0,6.0,1.0,0.0,0.0,0.0,0.0,0.1661483052439899,0.0,0.0,0.0,0.0,0.0,0.24207202490079238,0.0,0.0,0.0,0.0,0.0,0.0,0.0,0.0,0.0,0.0,0.0,0.892370001764264,0.0,0.0,0.0,0.0,0.0,0.0,0.0,0.0,0.0,0.0,0.0,0.2426371573701316,0.0,0.0,0.0,0.0,0.24207202490079238,0.0,0.0,0.0,0.0,0.0,0.0,0.0,0.0,0.0,0.0,E10
5.0,0.0,6.0,2.0,0.0,0.23836634715786661,0.29376506859060325,0.0,0.2062718063434884,0.29376506859060325,0.0,0.0,0.0,0.0,0.0,0.0,0.0,0.0,0.0,0.0,0.0,0.0,0.0,0.23836634715786661,0.0,0.2184207112050361,0.6647221778892567,0.0,0.0,0.0,0.0,0.0,0.0,0.0,0.0,0.0,0.0,0.0,0.0,0.0,0.0,0.0,0.22577317524360016,0.0,0.0,0.0,0.0,0.0,0.0,0.21067618968495705,0.29376506859060325,0.0,0.0,0.0,E13
3.0,0.0,6.0,5.0,0.0,0.0,0.0,0.0,0.3694506407597979,0.0,0.0,0.0,0.0,0.0,0.0,0.0,0.0,0.0,0.516449045413519,0.0,0.0,0.0,0.0,0.0,0.0,0.0,0.19842914946528173,0.0,0.5279263585842844,0.0,0.0,0.0,0.0,0.0,0.0,0.0,0.0,0.0,0.0,0.0,0.0,0.0,0.0,0.0,0.0,0.0,0.0,0.0,0.5279263585842844,0.0,0.0,0.0,0.0,0.0,E6
3.0,0.0,6.0,10.0,0.0,0.0,0.0,0.0,0.23428947065061007,0.0,0.0,0.0,0.0,0.0,0.0,0.0,0.0,0.0,0.0,0.3421481252964706,0.0,0.0,0.0,0.0,0.0,0.0,0.7550106335330056,0.2751728165091075,0.0,0.0,0.0,0.0,0.0,0.0,0.0,0.0,0.0,0.34135121926186185,0.0,0.0,0.0,0.0,0.2564396882569906,0.0,0.0,0.0,0.0,0.0,0.0,0.0,0.0,0.0,0.0,0.0,E10
3.0,0.0,6.0,12.0,0.0,0.0,0.0,0.0,0.23428947065061007,0.0,0.0,0.0,0.0,0.0,0.0,0.0,0.0,0.0,0.0,0.3421481252964706,0.0,0.0,0.0,0.0,0.0,0.0,0.7550106335330056,0.2751728165091075,0.0,0.0,0.0,0.0,0.0,0.0,0.0,0.0,0.0,0.34135121926186185,0.0,0.0,0.0,0.0,0.2564396882569906,0.0,0.0,0.0,0.0,0.0,0.0,0.0,0.0,0.0,0.0,0.0,E11
3.0,0.0,6.0,12.0,0.0,0.0,0.0,0.0,0.2578159997202256,0.0,0.0,0.0,0.0,0.0,0.0,0.0,0.0,0.0,0.0,0.37650544316290596,0.0,0.0,0.0,0.0,0.0,0.0,0.6923551335276573,0.30280470815490756,0.0,0.0,0.0,0.0,0.0,0.0,0.0,0.0,0.0,0.37562851461197616,0.0,0.0,0.0,0.0,0.2821904646944785,0.0,0.0,0.0,0.0,0.0,0.0,0.0,0.0,0.0,0.0,0.0,E11
3.0,0.0,6.0,15.0,0.0,0.0,0.0,0.0,0.34939103204185995,0.0,0.0,0.0,0.0,0.0,0.0,0.0,0.0,0.0,0.48840804444937863,0.0,0.0,0.0,0.0,0.0,0.0,0.0,0.37531057018216657,0.0,0.4992621880111665,0.0,0.0,0.0,0.0,0.0,0.0,0.0,0.0,0.0,0.0,0.0,0.0,0.0,0.0,0.0,0.0,0.0,0.0,0.0,0.4992621880111665,0.0,0.0,0.0,0.0,0.0,E11
3.0,0.0,6.0,15.0,0.0,0.0,0.0,0.0,0.2578159997202256,0.0,0.0,0.0,0.0,0.0,0.0,0.0,0.0,0.0,0.0,0.37650544316290596,0.0,0.0,0.0,0.0,0.0,0.0,0.6923551335276573,0.30280470815490756,0.0,0.0,0.0,0.0,0.0,0.0,0.0,0.0,0.0,0.37562851461197616,0.0,0.0,0.0,0.0,0.2821904646944785,0.0,0.0,0.0,0.0,0.0,0.0,0.0,0.0,0.0,0.0,0.0,E10
5.0,0.0,6.0,16.0,0.34645460062853967,0.0,0.0,0.34645460062853967,0.18010214739829525,0.0,0.0,0.0,0.0,0.0,0.0,0.0,0.0,0.0,0.0,0.0,0.0,0.0,0.0,0.0,0.0,0.19070972335784614,0.09673150343336294,0.0,0.0,0.34645460062853967,0.0,0.0,0.0,0.0,0.0,0.0,0.5671702413556386,0.0,0.0,0.34645460062853967,0.0,0.0,0.0,0.0,0.0,0.0,0.0,0.0,0.0,0.0,0.0,0.34645460062853967,0.0,0.0,E11
3.0,0.0,6.0,17.0,0.0,0.0,0.0,0.0,0.34939103204185995,0.0,0.0,0.0,0.0,0.0,0.0,0.0,0.0,0.0,0.48840804444937863,0.0,0.0,0.0,0.0,0.0,0.0,0.0,0.37531057018216657,0.0,0.4992621880111665,0.0,0.0,0.0,0.0,0.0,0.0,0.0,0.0,0.0,0.0,0.0,0.0,0.0,0.0,0.0,0.0,0.0,0.0,0.0,0.4992621880111665,0.0,0.0,0.0,0.0,0.0,E7
5.0,0.0,6.0,17.0,0.0,0.23836634715786661,0.29376506859060325,0.0,0.2062718063434884,0.29376506859060325,0.0,0.0,0.0,0.0,0.0,0.0,0.0,0.0,0.0,0.0,0.0,0.0,0.0,0.23836634715786661,0.0,0.2184207112050361,0.6647221778892567,0.0,0.0,0.0,0.0,0.0,0.0,0.0,0.0,0.0,0.0,0.0,0.0,0.0,0.0,0.0,0.22577317524360016,0.0,0.0,0.0,0.0,0.0,0.0,0.21067618968495705,0.29376506859060325,0.0,0.0,0.0,E10
5.0,0.0,6.0,17.0,0.34645460062853967,0.0,0.0,0.34645460062853967,0.18010214739829525,0.0,0.0,0.0,0.0,0.0,0.0,0.0,0.0,0.0,0.0,0.0,0.0,0.0,0.0,0.0,0.0,0.19070972335784614,0.09673150343336294,0.0,0.0,0.34645460062853967,0.0,0.0,0.0,0.0,0.0,0.0,0.5671702413556386,0.0,0.0,0.34645460062853967,0.0,0.0,0.0,0.0,0.0,0.0,0.0,0.0,0.0,0.0,0.0,0.34645460062853967,0.0,0.0,E6
3.0,0.0,6.0,17.0,0.0,0.0,0.0,0.0,0.2578159997202256,0.0,0.0,0.0,0.0,0.0,0.0,0.0,0.0,0.0,0.0,0.37650544316290596,0.0,0.0,0.0,0.0,0.0,0.0,0.6923551335276573,0.30280470815490756,0.0,0.0,0.0,0.0,0.0,0.0,0.0,0.0,0.0,0.37562851461197616,0.0,0.0,0.0,0.0,0.2821904646944785,0.0,0.0,0.0,0.0,0.0,0.0,0.0,0.0,0.0,0.0,0.0,E7
3.0,0.0,6.0,18.0,0.0,0.0,0.0,0.0,0.2578159997202256,0.0,0.0,0.0,0.0,0.0,0.0,0.0,0.0,0.0,0.0,0.37650544316290596,0.0,0.0,0.0,0.0,0.0,0.0,0.6923551335276573,0.30280470815490756,0.0,0.0,0.0,0.0,0.0,0.0,0.0,0.0,0.0,0.37562851461197616,0.0,0.0,0.0,0.0,0.2821904646944785,0.0,0.0,0.0,0.0,0.0,0.0,0.0,0.0,0.0,0.0,0.0,E11
3.0,0.0,6.0,19.0,0.0,0.0,0.0,0.0,0.34939103204185995,0.0,0.0,0.0,0.0,0.0,0.0,0.0,0.0,0.0,0.48840804444937863,0.0,0.0,0.0,0.0,0.0,0.0,0.0,0.37531057018216657,0.0,0.4992621880111665,0.0,0.0,0.0,0.0,0.0,0.0,0.0,0.0,0.0,0.0,0.0,0.0,0.0,0.0,0.0,0.0,0.0,0.0,0.0,0.4992621880111665,0.0,0.0,0.0,0.0,0.0,E11
5.0,0.0,6.0,19.0,0.0,0.22135968273463763,0.27280588538225176,0.0,0.19155498313298006,0.27280588538225176,0.0,0.0,0.0,0.0,0.0,0.0,0.0,0.0,0.0,0.0,0.0,0.0,0.0,0.22135968273463763,0.0,0.20283710310415376,0.7201791451902878,0.0,0.0,0.0,0.0,0.0,0.0,0.0,0.0,0.0,0.0,0.0,0.0,0.0,0.0,0.0,0.20966499272154374,0.0,0.0,0.0,0.0,0.0,0.0,0.19564512803276962,0.27280588538225176,0.0,0.0,0.0,E10
3.0,0.0,6.0,19.0,0.0,0.0,0.0,0.0,0.3694506407597979,0.0,0.0,0.0,0.0,0.0,0.0,0.0,0.0,0.0,0.516449045413519,0.0,0.0,0.0,0.0,0.0,0.0,0.0,0.19842914946528173,0.0,0.5279263585842844,0.0,0.0,0.0,0.0,0.0,0.0,0.0,0.0,0.0,0.0,0.0,0.0,0.0,0.0,0.0,0.0,0.0,0.0,0.0,0.5279263585842844,0.0,0.0,0.0,0.0,0.0,E6
3.0,0.0,6.0,19.0,0.0,0.0,0.0,0.0,0.2578159997202256,0.0,0.0,0.0,0.0,0.0,0.0,0.0,0.0,0.0,0.0,0.37650544316290596,0.0,0.0,0.0,0.0,0.0,0.0,0.6923551335276573,0.30280470815490756,0.0,0.0,0.0,0.0,0.0,0.0,0.0,0.0,0.0,0.37562851461197616,0.0,0.0,0.0,0.0,0.2821904646944785,0.0,0.0,0.0,0.0,0.0,0.0,0.0,0.0,0.0,0.0,0.0,E10
3.0,0.0,6.0,20.0,0.0,0.0,0.0,0.0,0.34939103204185995,0.0,0.0,0.0,0.0,0.0,0.0,0.0,0.0,0.0,0.48840804444937863,0.0,0.0,0.0,0.0,0.0,0.0,0.0,0.37531057018216657,0.0,0.4992621880111665,0.0,0.0,0.0,0.0,0.0,0.0,0.0,0.0,0.0,0.0,0.0,0.0,0.0,0.0,0.0,0.0,0.0,0.0,0.0,0.4992621880111665,0.0,0.0,0.0,0.0,0.0,E11
2.0,0.0,6.0,20.0,0.0,0.0,0.0,0.0,0.15378644268229635,0.0,0.0,0.0,0.0,0.0,0.22406124171850228,0.0,0.0,0.0,0.0,0.0,0.0,0.0,0.0,0.0,0.0,0.0,0.908572908515739,0.0,0.0,0.0,0.0,0.0,0.0,0.0,0.0,0.0,0.0,0.0,0.2245843268741186,0.0,0.0,0.0,0.0,0.22406124171850228,0.0,0.0,0.0,0.0,0.0,0.0,0.0,0.0,0.0,0.0,E10
5.0,0.0,6.0,20.0,0.0,0.23836634715786661,0.29376506859060325,0.0,0.2062718063434884,0.29376506859060325,0.0,0.0,0.0,0.0,0.0,0.0,0.0,0.0,0.0,0.0,0.0,0.0,0.0,0.23836634715786661,0.0,0.2184207112050361,0.6647221778892567,0.0,0.0,0.0,0.0,0.0,0.0,0.0,0.0,0.0,0.0,0.0,0.0,0.0,0.0,0.0,0.22577317524360016,0.0,0.0,0.0,0.0,0.0,0.0,0.21067618968495705,0.29376506859060325,0.0,0.0,0.0,E13
3.0,0.0,6.0,21.0,0.0,0.0,0.0,0.0,0.34939103204185995,0.0,0.0,0.0,0.0,0.0,0.0,0.0,0.0,0.0,0.48840804444937863,0.0,0.0,0.0,0.0,0.0,0.0,0.0,0.37531057018216657,0.0,0.4992621880111665,0.0,0.0,0.0,0.0,0.0,0.0,0.0,0.0,0.0,0.0,0.0,0.0,0.0,0.0,0.0,0.0,0.0,0.0,0.0,0.4992621880111665,0.0,0.0,0.0,0.0,0.0,E6
2.0,0.0,6.0,22.0,0.0,0.0,0.0,0.0,0.1661483052439899,0.0,0.0,0.0,0.0,0.0,0.24207202490079238,0.0,0.0,0.0,0.0,0.0,0.0,0.0,0.0,0.0,0.0,0.0,0.892370001764264,0.0,0.0,0.0,0.0,0.0,0.0,0.0,0.0,0.0,0.0,0.0,0.2426371573701316,0.0,0.0,0.0,0.0,0.24207202490079238,0.0,0.0,0.0,0.0,0.0,0.0,0.0,0.0,0.0,0.0,E10
5.0,0.0,6.0,23.0,0.0,0.22135968273463763,0.27280588538225176,0.0,0.19155498313298006,0.27280588538225176,0.0,0.0,0.0,0.0,0.0,0.0,0.0,0.0,0.0,0.0,0.0,0.0,0.0,0.22135968273463763,0.0,0.20283710310415376,0.7201791451902878,0.0,0.0,0.0,0.0,0.0,0.0,0.0,0.0,0.0,0.0,0.0,0.0,0.0,0.0,0.0,0.20966499272154374,0.0,0.0,0.0,0.0,0.0,0.0,0.19564512803276962,0.27280588538225176,0.0,0.0,0.0,E13
2.0,0.0,6.0,23.0,0.0,0.0,0.0,0.0,0.15378644268229635,0.0,0.0,0.0,0.0,0.0,0.22406124171850228,0.0,0.0,0.0,0.0,0.0,0.0,0.0,0.0,0.0,0.0,0.0,0.908572908515739,0.0,0.0,0.0,0.0,0.0,0.0,0.0,0.0,0.0,0.0,0.0,0.2245843268741186,0.0,0.0,0.0,0.0,0.22406124171850228,0.0,0.0,0.0,0.0,0.0,0.0,0.0,0.0,0.0,0.0,E6
5.0,0.0,6.0,26.0,0.34645460062853967,0.0,0.0,0.34645460062853967,0.18010214739829525,0.0,0.0,0.0,0.0,0.0,0.0,0.0,0.0,0.0,0.0,0.0,0.0,0.0,0.0,0.0,0.0,0.19070972335784614,0.09673150343336294,0.0,0.0,0.34645460062853967,0.0,0.0,0.0,0.0,0.0,0.0,0.5671702413556386,0.0,0.0,0.34645460062853967,0.0,0.0,0.0,0.0,0.0,0.0,0.0,0.0,0.0,0.0,0.0,0.34645460062853967,0.0,0.0,E13
3.0,0.0,6.0,27.0,0.0,0.0,0.0,0.0,0.3694506407597979,0.0,0.0,0.0,0.0,0.0,0.0,0.0,0.0,0.0,0.516449045413519,0.0,0.0,0.0,0.0,0.0,0.0,0.0,0.19842914946528173,0.0,0.5279263585842844,0.0,0.0,0.0,0.0,0.0,0.0,0.0,0.0,0.0,0.0,0.0,0.0,0.0,0.0,0.0,0.0,0.0,0.0,0.0,0.5279263585842844,0.0,0.0,0.0,0.0,0.0,E7
3.0,0.0,6.0,29.0,0.0,0.0,0.0,0.0,0.2578159997202256,0.0,0.0,0.0,0.0,0.0,0.0,0.0,0.0,0.0,0.0,0.37650544316290596,0.0,0.0,0.0,0.0,0.0,0.0,0.6923551335276573,0.30280470815490756,0.0,0.0,0.0,0.0,0.0,0.0,0.0,0.0,0.0,0.37562851461197616,0.0,0.0,0.0,0.0,0.2821904646944785,0.0,0.0,0.0,0.0,0.0,0.0,0.0,0.0,0.0,0.0,0.0,E10
3.0,0.0,6.0,29.0,0.0,0.0,0.0,0.0,0.2578159997202256,0.0,0.0,0.0,0.0,0.0,0.0,0.0,0.0,0.0,0.0,0.37650544316290596,0.0,0.0,0.0,0.0,0.0,0.0,0.6923551335276573,0.30280470815490756,0.0,0.0,0.0,0.0,0.0,0.0,0.0,0.0,0.0,0.37562851461197616,0.0,0.0,0.0,0.0,0.2821904646944785,0.0,0.0,0.0,0.0,0.0,0.0,0.0,0.0,0.0,0.0,0.0,E11
3.0,0.0,6.0,30.0,0.0,0.0,0.0,0.0,0.2578159997202256,0.0,0.0,0.0,0.0,0.0,0.0,0.0,0.0,0.0,0.0,0.37650544316290596,0.0,0.0,0.0,0.0,0.0,0.0,0.6923551335276573,0.30280470815490756,0.0,0.0,0.0,0.0,0.0,0.0,0.0,0.0,0.0,0.37562851461197616,0.0,0.0,0.0,0.0,0.2821904646944785,0.0,0.0,0.0,0.0,0.0,0.0,0.0,0.0,0.0,0.0,0.0,E11
5.0,0.0,6.0,31.0,0.34169198261935096,0.0,0.0,0.34169198261935096,0.1776263317239283,0.0,0.0,0.0,0.0,0.0,0.0,0.0,0.0,0.0,0.0,0.0,0.0,0.0,0.0,0.0,0.0,0.18808808819599904,0.19080352305862036,0.0,0.0,0.34169198261935096,0.0,0.0,0.0,0.0,0.0,0.0,0.55937350492652,0.0,0.0,0.34169198261935096,0.0,0.0,0.0,0.0,0.0,0.0,0.0,0.0,0.0,0.0,0.0,0.34169198261935096,0.0,0.0,E11
3.0,0.0,6.0,32.0,0.0,0.0,0.0,0.0,0.23428947065061007,0.0,0.0,0.0,0.0,0.0,0.0,0.0,0.0,0.0,0.0,0.3421481252964706,0.0,0.0,0.0,0.0,0.0,0.0,0.7550106335330056,0.2751728165091075,0.0,0.0,0.0,0.0,0.0,0.0,0.0,0.0,0.0,0.34135121926186185,0.0,0.0,0.0,0.0,0.2564396882569906,0.0,0.0,0.0,0.0,0.0,0.0,0.0,0.0,0.0,0.0,0.0,E7
2.0,0.0,6.0,32.0,0.0,0.0,0.0,0.0,0.1661483052439899,0.0,0.0,0.0,0.0,0.0,0.24207202490079238,0.0,0.0,0.0,0.0,0.0,0.0,0.0,0.0,0.0,0.0,0.0,0.892370001764264,0.0,0.0,0.0,0.0,0.0,0.0,0.0,0.0,0.0,0.0,0.0,0.2426371573701316,0.0,0.0,0.0,0.0,0.24207202490079238,0.0,0.0,0.0,0.0,0.0,0.0,0.0,0.0,0.0,0.0,E11
3.0,0.0,6.0,33.0,0.0,0.0,0.0,0.0,0.23428947065061007,0.0,0.0,0.0,0.0,0.0,0.0,0.0,0.0,0.0,0.0,0.3421481252964706,0.0,0.0,0.0,0.0,0.0,0.0,0.7550106335330056,0.2751728165091075,0.0,0.0,0.0,0.0,0.0,0.0,0.0,0.0,0.0,0.34135121926186185,0.0,0.0,0.0,0.0,0.2564396882569906,0.0,0.0,0.0,0.0,0.0,0.0,0.0,0.0,0.0,0.0,0.0,E13
5.0,0.0,6.0,33.0,0.0,0.22135968273463763,0.27280588538225176,0.0,0.19155498313298006,0.27280588538225176,0.0,0.0,0.0,0.0,0.0,0.0,0.0,0.0,0.0,0.0,0.0,0.0,0.0,0.22135968273463763,0.0,0.20283710310415376,0.7201791451902878,0.0,0.0,0.0,0.0,0.0,0.0,0.0,0.0,0.0,0.0,0.0,0.0,0.0,0.0,0.0,0.20966499272154374,0.0,0.0,0.0,0.0,0.0,0.0,0.19564512803276962,0.27280588538225176,0.0,0.0,0.0,E11
5.0,0.0,6.0,33.0,0.0,0.22135968273463763,0.27280588538225176,0.0,0.19155498313298006,0.27280588538225176,0.0,0.0,0.0,0.0,0.0,0.0,0.0,0.0,0.0,0.0,0.0,0.0,0.0,0.22135968273463763,0.0,0.20283710310415376,0.7201791451902878,0.0,0.0,0.0,0.0,0.0,0.0,0.0,0.0,0.0,0.0,0.0,0.0,0.0,0.0,0.0,0.20966499272154374,0.0,0.0,0.0,0.0,0.0,0.0,0.19564512803276962,0.27280588538225176,0.0,0.0,0.0,E6
5.0,0.0,6.0,33.0,0.0,0.22135968273463763,0.27280588538225176,0.0,0.19155498313298006,0.27280588538225176,0.0,0.0,0.0,0.0,0.0,0.0,0.0,0.0,0.0,0.0,0.0,0.0,0.0,0.22135968273463763,0.0,0.20283710310415376,0.7201791451902878,0.0,0.0,0.0,0.0,0.0,0.0,0.0,0.0,0.0,0.0,0.0,0.0,0.0,0.0,0.0,0.20966499272154374,0.0,0.0,0.0,0.0,0.0,0.0,0.19564512803276962,0.27280588538225176,0.0,0.0,0.0,E6
5.0,0.0,6.0,34.0,0.0,0.22135968273463763,0.27280588538225176,0.0,0.19155498313298006,0.27280588538225176,0.0,0.0,0.0,0.0,0.0,0.0,0.0,0.0,0.0,0.0,0.0,0.0,0.0,0.22135968273463763,0.0,0.20283710310415376,0.7201791451902878,0.0,0.0,0.0,0.0,0.0,0.0,0.0,0.0,0.0,0.0,0.0,0.0,0.0,0.0,0.0,0.20966499272154374,0.0,0.0,0.0,0.0,0.0,0.0,0.19564512803276962,0.27280588538225176,0.0,0.0,0.0,E6
5.0,0.0,6.0,34.0,0.34645460062853967,0.0,0.0,0.34645460062853967,0.18010214739829525,0.0,0.0,0.0,0.0,0.0,0.0,0.0,0.0,0.0,0.0,0.0,0.0,0.0,0.0,0.0,0.0,0.19070972335784614,0.09673150343336294,0.0,0.0,0.34645460062853967,0.0,0.0,0.0,0.0,0.0,0.0,0.5671702413556386,0.0,0.0,0.34645460062853967,0.0,0.0,0.0,0.0,0.0,0.0,0.0,0.0,0.0,0.0,0.0,0.34645460062853967,0.0,0.0,E6
5.0,0.0,6.0,34.0,0.34645460062853967,0.0,0.0,0.34645460062853967,0.18010214739829525,0.0,0.0,0.0,0.0,0.0,0.0,0.0,0.0,0.0,0.0,0.0,0.0,0.0,0.0,0.0,0.0,0.19070972335784614,0.09673150343336294,0.0,0.0,0.34645460062853967,0.0,0.0,0.0,0.0,0.0,0.0,0.5671702413556386,0.0,0.0,0.34645460062853967,0.0,0.0,0.0,0.0,0.0,0.0,0.0,0.0,0.0,0.0,0.0,0.34645460062853967,0.0,0.0,E7
2.0,0.0,6.0,34.0,0.0,0.0,0.0,0.0,0.1661483052439899,0.0,0.0,0.0,0.0,0.0,0.24207202490079238,0.0,0.0,0.0,0.0,0.0,0.0,0.0,0.0,0.0,0.0,0.0,0.892370001764264,0.0,0.0,0.0,0.0,0.0,0.0,0.0,0.0,0.0,0.0,0.0,0.2426371573701316,0.0,0.0,0.0,0.0,0.24207202490079238,0.0,0.0,0.0,0.0,0.0,0.0,0.0,0.0,0.0,0.0,E7
5.0,0.0,6.0,35.0,0.34645460062853967,0.0,0.0,0.34645460062853967,0.18010214739829525,0.0,0.0,0.0,0.0,0.0,0.0,0.0,0.0,0.0,0.0,0.0,0.0,0.0,0.0,0.0,0.0,0.19070972335784614,0.09673150343336294,0.0,0.0,0.34645460062853967,0.0,0.0,0.0,0.0,0.0,0.0,0.5671702413556386,0.0,0.0,0.34645460062853967,0.0,0.0,0.0,0.0,0.0,0.0,0.0,0.0,0.0,0.0,0.0,0.34645460062853967,0.0,0.0,E13
5.0,0.0,6.0,36.0,0.0,0.23836634715786661,0.29376506859060325,0.0,0.2062718063434884,0.29376506859060325,0.0,0.0,0.0,0.0,0.0,0.0,0.0,0.0,0.0,0.0,0.0,0.0,0.0,0.23836634715786661,0.0,0.2184207112050361,0.6647221778892567,0.0,0.0,0.0,0.0,0.0,0.0,0.0,0.0,0.0,0.0,0.0,0.0,0.0,0.0,0.0,0.22577317524360016,0.0,0.0,0.0,0.0,0.0,0.0,0.21067618968495705,0.29376506859060325,0.0,0.0,0.0,E7
2.0,0.0,6.0,38.0,0.0,0.0,0.0,0.0,0.1661483052439899,0.0,0.0,0.0,0.0,0.0,0.24207202490079238,0.0,0.0,0.0,0.0,0.0,0.0,0.0,0.0,0.0,0.0,0.0,0.892370001764264,0.0,0.0,0.0,0.0,0.0,0.0,0.0,0.0,0.0,0.0,0.0,0.2426371573701316,0.0,0.0,0.0,0.0,0.24207202490079238,0.0,0.0,0.0,0.0,0.0,0.0,0.0,0.0,0.0,0.0,E6
5.0,0.0,6.0,39.0,0.0,0.22135968273463763,0.27280588538225176,0.0,0.19155498313298006,0.27280588538225176,0.0,0.0,0.0,0.0,0.0,0.0,0.0,0.0,0.0,0.0,0.0,0.0,0.0,0.22135968273463763,0.0,0.20283710310415376,0.7201791451902878,0.0,0.0,0.0,0.0,0.0,0.0,0.0,0.0,0.0,0.0,0.0,0.0,0.0,0.0,0.0,0.20966499272154374,0.0,0.0,0.0,0.0,0.0,0.0,0.19564512803276962,0.27280588538225176,0.0,0.0,0.0,E13
5.0,0.0,6.0,39.0,0.0,0.22135968273463763,0.27280588538225176,0.0,0.19155498313298006,0.27280588538225176,0.0,0.0,0.0,0.0,0.0,0.0,0.0,0.0,0.0,0.0,0.0,0.0,0.0,0.22135968273463763,0.0,0.20283710310415376,0.7201791451902878,0.0,0.0,0.0,0.0,0.0,0.0,0.0,0.0,0.0,0.0,0.0,0.0,0.0,0.0,0.0,0.20966499272154374,0.0,0.0,0.0,0.0,0.0,0.0,0.19564512803276962,0.27280588538225176,0.0,0.0,0.0,E6
3.0,0.0,6.0,40.0,0.0,0.0,0.0,0.0,0.3694506407597979,0.0,0.0,0.0,0.0,0.0,0.0,0.0,0.0,0.0,0.516449045413519,0.0,0.0,0.0,0.0,0.0,0.0,0.0,0.19842914946528173,0.0,0.5279263585842844,0.0,0.0,0.0,0.0,0.0,0.0,0.0,0.0,0.0,0.0,0.0,0.0,0.0,0.0,0.0,0.0,0.0,0.0,0.0,0.5279263585842844,0.0,0.0,0.0,0.0,0.0,E6
5.0,0.0,6.0,41.0,0.34645460062853967,0.0,0.0,0.34645460062853967,0.18010214739829525,0.0,0.0,0.0,0.0,0.0,0.0,0.0,0.0,0.0,0.0,0.0,0.0,0.0,0.0,0.0,0.0,0.19070972335784614,0.09673150343336294,0.0,0.0,0.34645460062853967,0.0,0.0,0.0,0.0,0.0,0.0,0.5671702413556386,0.0,0.0,0.34645460062853967,0.0,0.0,0.0,0.0,0.0,0.0,0.0,0.0,0.0,0.0,0.0,0.34645460062853967,0.0,0.0,E10
3.0,0.0,6.0,42.0,0.0,0.0,0.0,0.0,0.34939103204185995,0.0,0.0,0.0,0.0,0.0,0.0,0.0,0.0,0.0,0.48840804444937863,0.0,0.0,0.0,0.0,0.0,0.0,0.0,0.37531057018216657,0.0,0.4992621880111665,0.0,0.0,0.0,0.0,0.0,0.0,0.0,0.0,0.0,0.0,0.0,0.0,0.0,0.0,0.0,0.0,0.0,0.0,0.0,0.4992621880111665,0.0,0.0,0.0,0.0,0.0,E7
3.0,0.0,6.0,43.0,0.0,0.0,0.0,0.0,0.2578159997202256,0.0,0.0,0.0,0.0,0.0,0.0,0.0,0.0,0.0,0.0,0.37650544316290596,0.0,0.0,0.0,0.0,0.0,0.0,0.6923551335276573,0.30280470815490756,0.0,0.0,0.0,0.0,0.0,0.0,0.0,0.0,0.0,0.37562851461197616,0.0,0.0,0.0,0.0,0.2821904646944785,0.0,0.0,0.0,0.0,0.0,0.0,0.0,0.0,0.0,0.0,0.0,E10
5.0,0.0,6.0,45.0,0.34645460062853967,0.0,0.0,0.34645460062853967,0.18010214739829525,0.0,0.0,0.0,0.0,0.0,0.0,0.0,0.0,0.0,0.0,0.0,0.0,0.0,0.0,0.0,0.0,0.19070972335784614,0.09673150343336294,0.0,0.0,0.34645460062853967,0.0,0.0,0.0,0.0,0.0,0.0,0.5671702413556386,0.0,0.0,0.34645460062853967,0.0,0.0,0.0,0.0,0.0,0.0,0.0,0.0,0.0,0.0,0.0,0.34645460062853967,0.0,0.0,E11
5.0,0.0,6.0,46.0,0.0,0.22135968273463763,0.27280588538225176,0.0,0.19155498313298006,0.27280588538225176,0.0,0.0,0.0,0.0,0.0,0.0,0.0,0.0,0.0,0.0,0.0,0.0,0.0,0.22135968273463763,0.0,0.20283710310415376,0.7201791451902878,0.0,0.0,0.0,0.0,0.0,0.0,0.0,0.0,0.0,0.0,0.0,0.0,0.0,0.0,0.0,0.20966499272154374,0.0,0.0,0.0,0.0,0.0,0.0,0.19564512803276962,0.27280588538225176,0.0,0.0,0.0,E7
2.0,0.0,6.0,46.0,0.0,0.0,0.0,0.0,0.1661483052439899,0.0,0.0,0.0,0.0,0.0,0.24207202490079238,0.0,0.0,0.0,0.0,0.0,0.0,0.0,0.0,0.0,0.0,0.0,0.892370001764264,0.0,0.0,0.0,0.0,0.0,0.0,0.0,0.0,0.0,0.0,0.0,0.2426371573701316,0.0,0.0,0.0,0.0,0.24207202490079238,0.0,0.0,0.0,0.0,0.0,0.0,0.0,0.0,0.0,0.0,E6
3.0,0.0,6.0,47.0,0.0,0.0,0.0,0.0,0.34939103204185995,0.0,0.0,0.0,0.0,0.0,0.0,0.0,0.0,0.0,0.48840804444937863,0.0,0.0,0.0,0.0,0.0,0.0,0.0,0.37531057018216657,0.0,0.4992621880111665,0.0,0.0,0.0,0.0,0.0,0.0,0.0,0.0,0.0,0.0,0.0,0.0,0.0,0.0,0.0,0.0,0.0,0.0,0.0,0.4992621880111665,0.0,0.0,0.0,0.0,0.0,E13
3.0,0.0,6.0,48.0,0.0,0.0,0.0,0.0,0.3694506407597979,0.0,0.0,0.0,0.0,0.0,0.0,0.0,0.0,0.0,0.516449045413519,0.0,0.0,0.0,0.0,0.0,0.0,0.0,0.19842914946528173,0.0,0.5279263585842844,0.0,0.0,0.0,0.0,0.0,0.0,0.0,0.0,0.0,0.0,0.0,0.0,0.0,0.0,0.0,0.0,0.0,0.0,0.0,0.5279263585842844,0.0,0.0,0.0,0.0,0.0,E10
2.0,0.0,6.0,48.0,0.0,0.0,0.0,0.0,0.15378644268229635,0.0,0.0,0.0,0.0,0.0,0.22406124171850228,0.0,0.0,0.0,0.0,0.0,0.0,0.0,0.0,0.0,0.0,0.0,0.908572908515739,0.0,0.0,0.0,0.0,0.0,0.0,0.0,0.0,0.0,0.0,0.0,0.2245843268741186,0.0,0.0,0.0,0.0,0.22406124171850228,0.0,0.0,0.0,0.0,0.0,0.0,0.0,0.0,0.0,0.0,E10
2.0,0.0,6.0,48.0,0.0,0.0,0.0,0.0,0.1661483052439899,0.0,0.0,0.0,0.0,0.0,0.24207202490079238,0.0,0.0,0.0,0.0,0.0,0.0,0.0,0.0,0.0,0.0,0.0,0.892370001764264,0.0,0.0,0.0,0.0,0.0,0.0,0.0,0.0,0.0,0.0,0.0,0.2426371573701316,0.0,0.0,0.0,0.0,0.24207202490079238,0.0,0.0,0.0,0.0,0.0,0.0,0.0,0.0,0.0,0.0,E13
5.0,0.0,6.0,52.0,0.0,0.2428868481176099,0.0,0.0,0.21018365006497722,0.0,0.0,0.0,0.33238685715354443,0.0,0.0,0.0,0.0,0.0,0.0,0.0,0.0,0.0,0.33469666057283937,0.2428868481176099,0.0,0.22256295295351686,0.6773283082383573,0.2468605473900918,0.0,0.0,0.0,0.0,0.0,0.0,0.0,0.0,0.0,0.0,0.0,0.0,0.0,0.0,0.0,0.0,0.0,0.0,0.0,0.0,0.0,0.21467156037809929,0.0,0.0,0.0,0.0,E13
5.0,0.0,6.0,52.0,0.0,0.26193916470232276,0.0,0.0,0.22667069114193747,0.0,0.0,0.0,0.35845965475525166,0.0,0.0,0.0,0.0,0.0,0.0,0.0,0.0,0.0,0.3609506417434961,0.26193916470232276,0.0,0.24002104042330735,0.6087155832170444,0.26622456539930955,0.0,0.0,0.0,0.0,0.0,0.0,0.0,0.0,0.0,0.0,0.0,0.0,0.0,0.0,0.0,0.0,0.0,0.0,0.0,0.0,0.0,0.2315106381699005,0.0,0.0,0.0,0.0,E8
5.0,0.0,6.0,52.0,0.0,0.26193916470232276,0.0,0.0,0.22667069114193747,0.0,0.0,0.0,0.35845965475525166,0.0,0.0,0.0,0.0,0.0,0.0,0.0,0.0,0.0,0.3609506417434961,0.26193916470232276,0.0,0.24002104042330735,0.6087155832170444,0.26622456539930955,0.0,0.0,0.0,0.0,0.0,0.0,0.0,0.0,0.0,0.0,0.0,0.0,0.0,0.0,0.0,0.0,0.0,0.0,0.0,0.0,0.0,0.2315106381699005,0.0,0.0,0.0,0.0,E8
5.0,0.0,6.0,52.0,0.0,0.26193916470232276,0.0,0.0,0.22667069114193747,0.0,0.0,0.0,0.35845965475525166,0.0,0.0,0.0,0.0,0.0,0.0,0.0,0.0,0.0,0.3609506417434961,0.26193916470232276,0.0,0.24002104042330735,0.6087155832170444,0.26622456539930955,0.0,0.0,0.0,0.0,0.0,0.0,0.0,0.0,0.0,0.0,0.0,0.0,0.0,0.0,0.0,0.0,0.0,0.0,0.0,0.0,0.0,0.2315106381699005,0.0,0.0,0.0,0.0,E8
5.0,0.0,6.0,52.0,0.0,0.26193916470232276,0.0,0.0,0.22667069114193747,0.0,0.0,0.0,0.35845965475525166,0.0,0.0,0.0,0.0,0.0,0.0,0.0,0.0,0.0,0.3609506417434961,0.26193916470232276,0.0,0.24002104042330735,0.6087155832170444,0.26622456539930955,0.0,0.0,0.0,0.0,0.0,0.0,0.0,0.0,0.0,0.0,0.0,0.0,0.0,0.0,0.0,0.0,0.0,0.0,0.0,0.0,0.0,0.2315106381699005,0.0,0.0,0.0,0.0,E8
5.0,0.0,6.0,52.0,0.0,0.2428868481176099,0.0,0.0,0.21018365006497722,0.0,0.0,0.0,0.33238685715354443,0.0,0.0,0.0,0.0,0.0,0.0,0.0,0.0,0.0,0.33469666057283937,0.2428868481176099,0.0,0.22256295295351686,0.6773283082383573,0.2468605473900918,0.0,0.0,0.0,0.0,0.0,0.0,0.0,0.0,0.0,0.0,0.0,0.0,0.0,0.0,0.0,0.0,0.0,0.0,0.0,0.0,0.0,0.21467156037809929,0.0,0.0,0.0,0.0,E8
5.0,0.0,6.0,52.0,0.0,0.26193916470232276,0.0,0.0,0.22667069114193747,0.0,0.0,0.0,0.35845965475525166,0.0,0.0,0.0,0.0,0.0,0.0,0.0,0.0,0.0,0.3609506417434961,0.26193916470232276,0.0,0.24002104042330735,0.6087155832170444,0.26622456539930955,0.0,0.0,0.0,0.0,0.0,0.0,0.0,0.0,0.0,0.0,0.0,0.0,0.0,0.0,0.0,0.0,0.0,0.0,0.0,0.0,0.0,0.2315106381699005,0.0,0.0,0.0,0.0,E8
5.0,0.0,6.0,52.0,0.0,0.26193916470232276,0.0,0.0,0.22667069114193747,0.0,0.0,0.0,0.35845965475525166,0.0,0.0,0.0,0.0,0.0,0.0,0.0,0.0,0.0,0.3609506417434961,0.26193916470232276,0.0,0.24002104042330735,0.6087155832170444,0.26622456539930955,0.0,0.0,0.0,0.0,0.0,0.0,0.0,0.0,0.0,0.0,0.0,0.0,0.0,0.0,0.0,0.0,0.0,0.0,0.0,0.0,0.0,0.2315106381699005,0.0,0.0,0.0,0.0,E8
5.0,0.0,6.0,52.0,0.0,0.26193916470232276,0.0,0.0,0.22667069114193747,0.0,0.0,0.0,0.35845965475525166,0.0,0.0,0.0,0.0,0.0,0.0,0.0,0.0,0.0,0.3609506417434961,0.26193916470232276,0.0,0.24002104042330735,0.6087155832170444,0.26622456539930955,0.0,0.0,0.0,0.0,0.0,0.0,0.0,0.0,0.0,0.0,0.0,0.0,0.0,0.0,0.0,0.0,0.0,0.0,0.0,0.0,0.0,0.2315106381699005,0.0,0.0,0.0,0.0,E8
5.0,0.0,6.0,52.0,0.0,0.26193916470232276,0.0,0.0,0.22667069114193747,0.0,0.0,0.0,0.35845965475525166,0.0,0.0,0.0,0.0,0.0,0.0,0.0,0.0,0.0,0.3609506417434961,0.26193916470232276,0.0,0.24002104042330735,0.6087155832170444,0.26622456539930955,0.0,0.0,0.0,0.0,0.0,0.0,0.0,0.0,0.0,0.0,0.0,0.0,0.0,0.0,0.0,0.0,0.0,0.0,0.0,0.0,0.0,0.2315106381699005,0.0,0.0,0.0,0.0,E8
5.0,0.0,6.0,52.0,0.0,0.26193916470232276,0.0,0.0,0.22667069114193747,0.0,0.0,0.0,0.35845965475525166,0.0,0.0,0.0,0.0,0.0,0.0,0.0,0.0,0.0,0.3609506417434961,0.26193916470232276,0.0,0.24002104042330735,0.6087155832170444,0.26622456539930955,0.0,0.0,0.0,0.0,0.0,0.0,0.0,0.0,0.0,0.0,0.0,0.0,0.0,0.0,0.0,0.0,0.0,0.0,0.0,0.0,0.0,0.2315106381699005,0.0,0.0,0.0,0.0,E8
5.0,0.0,6.0,52.0,0.0,0.2428868481176099,0.0,0.0,0.21018365006497722,0.0,0.0,0.0,0.33238685715354443,0.0,0.0,0.0,0.0,0.0,0.0,0.0,0.0,0.0,0.33469666057283937,0.2428868481176099,0.0,0.22256295295351686,0.6773283082383573,0.2468605473900918,0.0,0.0,0.0,0.0,0.0,0.0,0.0,0.0,0.0,0.0,0.0,0.0,0.0,0.0,0.0,0.0,0.0,0.0,0.0,0.0,0.0,0.21467156037809929,0.0,0.0,0.0,0.0,E8
5.0,0.0,6.0,52.0,0.0,0.2428868481176099,0.0,0.0,0.21018365006497722,0.0,0.0,0.0,0.33238685715354443,0.0,0.0,0.0,0.0,0.0,0.0,0.0,0.0,0.0,0.33469666057283937,0.2428868481176099,0.0,0.22256295295351686,0.6773283082383573,0.2468605473900918,0.0,0.0,0.0,0.0,0.0,0.0,0.0,0.0,0.0,0.0,0.0,0.0,0.0,0.0,0.0,0.0,0.0,0.0,0.0,0.0,0.0,0.21467156037809929,0.0,0.0,0.0,0.0,E8
5.0,0.0,6.0,52.0,0.0,0.2428868481176099,0.0,0.0,0.21018365006497722,0.0,0.0,0.0,0.33238685715354443,0.0,0.0,0.0,0.0,0.0,0.0,0.0,0.0,0.0,0.33469666057283937,0.2428868481176099,0.0,0.22256295295351686,0.6773283082383573,0.2468605473900918,0.0,0.0,0.0,0.0,0.0,0.0,0.0,0.0,0.0,0.0,0.0,0.0,0.0,0.0,0.0,0.0,0.0,0.0,0.0,0.0,0.0,0.21467156037809929,0.0,0.0,0.0,0.0,E8
5.0,0.0,6.0,52.0,0.0,0.2428868481176099,0.0,0.0,0.21018365006497722,0.0,0.0,0.0,0.33238685715354443,0.0,0.0,0.0,0.0,0.0,0.0,0.0,0.0,0.0,0.33469666057283937,0.2428868481176099,0.0,0.22256295295351686,0.6773283082383573,0.2468605473900918,0.0,0.0,0.0,0.0,0.0,0.0,0.0,0.0,0.0,0.0,0.0,0.0,0.0,0.0,0.0,0.0,0.0,0.0,0.0,0.0,0.0,0.21467156037809929,0.0,0.0,0.0,0.0,E8
5.0,0.0,6.0,52.0,0.0,0.26193916470232276,0.0,0.0,0.22667069114193747,0.0,0.0,0.0,0.35845965475525166,0.0,0.0,0.0,0.0,0.0,0.0,0.0,0.0,0.0,0.3609506417434961,0.26193916470232276,0.0,0.24002104042330735,0.6087155832170444,0.26622456539930955,0.0,0.0,0.0,0.0,0.0,0.0,0.0,0.0,0.0,0.0,0.0,0.0,0.0,0.0,0.0,0.0,0.0,0.0,0.0,0.0,0.0,0.2315106381699005,0.0,0.0,0.0,0.0,E8
5.0,0.0,6.0,52.0,0.0,0.26193916470232276,0.0,0.0,0.22667069114193747,0.0,0.0,0.0,0.35845965475525166,0.0,0.0,0.0,0.0,0.0,0.0,0.0,0.0,0.0,0.3609506417434961,0.26193916470232276,0.0,0.24002104042330735,0.6087155832170444,0.26622456539930955,0.0,0.0,0.0,0.0,0.0,0.0,0.0,0.0,0.0,0.0,0.0,0.0,0.0,0.0,0.0,0.0,0.0,0.0,0.0,0.0,0.0,0.2315106381699005,0.0,0.0,0.0,0.0,E8
4.0,0.0,6.0,52.0,0.0,0.0,0.0,0.0,0.34040857727446816,0.0,0.34324002279077004,0.34324002279077004,0.0,0.34324002279077004,0.0,0.34324002279077004,0.0,0.34324002279077004,0.0,0.0,0.0,0.34324002279077004,0.0,0.0,0.34324002279077004,0.0,0.24377450194824343,0.0,0.0,0.0,0.0,0.0,0.0,0.0,0.0,0.0,0.0,0.0,0.0,0.0,0.0,0.0,0.0,0.0,0.0,0.0,0.0,0.0,0.0,0.0,0.0,0.0,0.0,0.0,E8
5.0,0.0,6.0,52.0,0.0,0.0,0.0,0.0,0.8627235910646069,0.0,0.0,0.0,0.027016258875289113,0.0,0.0,0.0,0.0,0.0,0.0,0.0,0.0,0.0,0.0,0.0,0.0,0.0,0.5046520386716035,0.0,0.0,0.0,0.0,0.0,0.0,0.0,0.0,0.0,0.0,0.0,0.0,0.0,0.0,0.0,0.0,0.0,0.0,0.0,0.0,0.0,0.0,0.017448410860775646,0.0,0.0,0.0,0.0,E9
4.0,0.0,6.0,52.0,0.0,0.0,0.0,0.0,0.34040857727446816,0.0,0.34324002279077004,0.34324002279077004,0.0,0.34324002279077004,0.0,0.34324002279077004,0.0,0.34324002279077004,0.0,0.0,0.0,0.34324002279077004,0.0,0.0,0.34324002279077004,0.0,0.24377450194824343,0.0,0.0,0.0,0.0,0.0,0.0,0.0,0.0,0.0,0.0,0.0,0.0,0.0,0.0,0.0,0.0,0.0,0.0,0.0,0.0,0.0,0.0,0.0,0.0,0.0,0.0,0.0,E4
5.0,0.0,6.0,53.0,0.0,0.0,0.0,0.0,0.8587205280695258,0.0,0.0,0.0,0.02689090263455418,0.0,0.0,0.0,0.0,0.0,0.0,0.0,0.0,0.0,0.0,0.0,0.0,0.0,0.5114433553364308,0.0,0.0,0.0,0.0,0.0,0.0,0.0,0.0,0.0,0.0,0.0,0.0,0.0,0.0,0.0,0.0,0.0,0.0,0.0,0.0,0.0,0.0,0.01736744971799114,0.0,0.0,0.0,0.0,E9
3.0,0.0,6.0,53.0,0.0,0.0,0.0,0.0,0.2578159997202256,0.0,0.0,0.0,0.0,0.0,0.0,0.0,0.0,0.0,0.0,0.37650544316290596,0.0,0.0,0.0,0.0,0.0,0.0,0.6923551335276573,0.30280470815490756,0.0,0.0,0.0,0.0,0.0,0.0,0.0,0.0,0.0,0.37562851461197616,0.0,0.0,0.0,0.0,0.2821904646944785,0.0,0.0,0.0,0.0,0.0,0.0,0.0,0.0,0.0,0.0,0.0,E4
3.0,0.0,6.0,54.0,0.0,0.0,0.0,0.0,0.3694506407597979,0.0,0.0,0.0,0.0,0.0,0.0,0.0,0.0,0.0,0.516449045413519,0.0,0.0,0.0,0.0,0.0,0.0,0.0,0.19842914946528173,0.0,0.5279263585842844,0.0,0.0,0.0,0.0,0.0,0.0,0.0,0.0,0.0,0.0,0.0,0.0,0.0,0.0,0.0,0.0,0.0,0.0,0.0,0.5279263585842844,0.0,0.0,0.0,0.0,0.0,E11
4.0,0.0,6.0,54.0,0.0,0.0,0.0,0.0,0.34040857727446816,0.0,0.34324002279077004,0.34324002279077004,0.0,0.34324002279077004,0.0,0.34324002279077004,0.0,0.34324002279077004,0.0,0.0,0.0,0.34324002279077004,0.0,0.0,0.34324002279077004,0.0,0.24377450194824343,0.0,0.0,0.0,0.0,0.0,0.0,0.0,0.0,0.0,0.0,0.0,0.0,0.0,0.0,0.0,0.0,0.0,0.0,0.0,0.0,0.0,0.0,0.0,0.0,0.0,0.0,0.0,E10
4.0,0.0,6.0,54.0,0.0,0.0,0.0,0.0,0.34040857727446816,0.0,0.34324002279077004,0.34324002279077004,0.0,0.34324002279077004,0.0,0.34324002279077004,0.0,0.34324002279077004,0.0,0.0,0.0,0.34324002279077004,0.0,0.0,0.34324002279077004,0.0,0.24377450194824343,0.0,0.0,0.0,0.0,0.0,0.0,0.0,0.0,0.0,0.0,0.0,0.0,0.0,0.0,0.0,0.0,0.0,0.0,0.0,0.0,0.0,0.0,0.0,0.0,0.0,0.0,0.0,E9
4.0,0.0,6.0,54.0,0.0,0.0,0.0,0.0,0.34040857727446816,0.0,0.34324002279077004,0.34324002279077004,0.0,0.34324002279077004,0.0,0.34324002279077004,0.0,0.34324002279077004,0.0,0.0,0.0,0.34324002279077004,0.0,0.0,0.34324002279077004,0.0,0.24377450194824343,0.0,0.0,0.0,0.0,0.0,0.0,0.0,0.0,0.0,0.0,0.0,0.0,0.0,0.0,0.0,0.0,0.0,0.0,0.0,0.0,0.0,0.0,0.0,0.0,0.0,0.0,0.0,E9
4.0,0.0,6.0,54.0,0.0,0.0,0.0,0.0,0.3509974905653215,0.0,0.3539170123906868,0.3539170123906868,0.0,0.3539170123906868,0.0,0.3539170123906868,0.0,0.3539170123906868,0.0,0.0,0.0,0.3539170123906868,0.0,0.0,0.3539170123906868,0.0,0.0,0.0,0.0,0.0,0.0,0.0,0.0,0.0,0.0,0.0,0.0,0.0,0.0,0.0,0.0,0.0,0.0,0.0,0.0,0.0,0.0,0.0,0.0,0.0,0.0,0.0,0.0,0.0,E9
4.0,0.0,6.0,54.0,0.0,0.0,0.0,0.0,0.34040857727446816,0.0,0.34324002279077004,0.34324002279077004,0.0,0.34324002279077004,0.0,0.34324002279077004,0.0,0.34324002279077004,0.0,0.0,0.0,0.34324002279077004,0.0,0.0,0.34324002279077004,0.0,0.24377450194824343,0.0,0.0,0.0,0.0,0.0,0.0,0.0,0.0,0.0,0.0,0.0,0.0,0.0,0.0,0.0,0.0,0.0,0.0,0.0,0.0,0.0,0.0,0.0,0.0,0.0,0.0,0.0,E9
4.0,0.0,6.0,54.0,0.0,0.0,0.0,0.0,0.3509974905653215,0.0,0.3539170123906868,0.3539170123906868,0.0,0.3539170123906868,0.0,0.3539170123906868,0.0,0.3539170123906868,0.0,0.0,0.0,0.3539170123906868,0.0,0.0,0.3539170123906868,0.0,0.0,0.0,0.0,0.0,0.0,0.0,0.0,0.0,0.0,0.0,0.0,0.0,0.0,0.0,0.0,0.0,0.0,0.0,0.0,0.0,0.0,0.0,0.0,0.0,0.0,0.0,0.0,0.0,E9
4.0,0.0,6.0,54.0,0.0,0.0,0.0,0.0,0.3509974905653215,0.0,0.3539170123906868,0.3539170123906868,0.0,0.3539170123906868,0.0,0.3539170123906868,0.0,0.3539170123906868,0.0,0.0,0.0,0.3539170123906868,0.0,0.0,0.3539170123906868,0.0,0.0,0.0,0.0,0.0,0.0,0.0,0.0,0.0,0.0,0.0,0.0,0.0,0.0,0.0,0.0,0.0,0.0,0.0,0.0,0.0,0.0,0.0,0.0,0.0,0.0,0.0,0.0,0.0,E9
4.0,0.0,6.0,54.0,0.0,0.0,0.0,0.0,0.3509974905653215,0.0,0.3539170123906868,0.3539170123906868,0.0,0.3539170123906868,0.0,0.3539170123906868,0.0,0.3539170123906868,0.0,0.0,0.0,0.3539170123906868,0.0,0.0,0.3539170123906868,0.0,0.0,0.0,0.0,0.0,0.0,0.0,0.0,0.0,0.0,0.0,0.0,0.0,0.0,0.0,0.0,0.0,0.0,0.0,0.0,0.0,0.0,0.0,0.0,0.0,0.0,0.0,0.0,0.0,E9
4.0,0.0,6.0,54.0,0.0,0.0,0.0,0.0,0.3509974905653215,0.0,0.3539170123906868,0.3539170123906868,0.0,0.3539170123906868,0.0,0.3539170123906868,0.0,0.3539170123906868,0.0,0.0,0.0,0.3539170123906868,0.0,0.0,0.3539170123906868,0.0,0.0,0.0,0.0,0.0,0.0,0.0,0.0,0.0,0.0,0.0,0.0,0.0,0.0,0.0,0.0,0.0,0.0,0.0,0.0,0.0,0.0,0.0,0.0,0.0,0.0,0.0,0.0,0.0,E9
4.0,0.0,6.0,54.0,0.0,0.0,0.0,0.0,0.3509974905653215,0.0,0.3539170123906868,0.3539170123906868,0.0,0.3539170123906868,0.0,0.3539170123906868,0.0,0.3539170123906868,0.0,0.0,0.0,0.3539170123906868,0.0,0.0,0.3539170123906868,0.0,0.0,0.0,0.0,0.0,0.0,0.0,0.0,0.0,0.0,0.0,0.0,0.0,0.0,0.0,0.0,0.0,0.0,0.0,0.0,0.0,0.0,0.0,0.0,0.0,0.0,0.0,0.0,0.0,E9
4.0,0.0,6.0,54.0,0.0,0.0,0.0,0.0,0.3509974905653215,0.0,0.3539170123906868,0.3539170123906868,0.0,0.3539170123906868,0.0,0.3539170123906868,0.0,0.3539170123906868,0.0,0.0,0.0,0.3539170123906868,0.0,0.0,0.3539170123906868,0.0,0.0,0.0,0.0,0.0,0.0,0.0,0.0,0.0,0.0,0.0,0.0,0.0,0.0,0.0,0.0,0.0,0.0,0.0,0.0,0.0,0.0,0.0,0.0,0.0,0.0,0.0,0.0,0.0,E9
4.0,0.0,6.0,54.0,0.0,0.0,0.0,0.0,0.3509974905653215,0.0,0.3539170123906868,0.3539170123906868,0.0,0.3539170123906868,0.0,0.3539170123906868,0.0,0.3539170123906868,0.0,0.0,0.0,0.3539170123906868,0.0,0.0,0.3539170123906868,0.0,0.0,0.0,0.0,0.0,0.0,0.0,0.0,0.0,0.0,0.0,0.0,0.0,0.0,0.0,0.0,0.0,0.0,0.0,0.0,0.0,0.0,0.0,0.0,0.0,0.0,0.0,0.0,0.0,E9
4.0,0.0,6.0,55.0,0.0,0.0,0.0,0.0,0.3509974905653215,0.0,0.3539170123906868,0.3539170123906868,0.0,0.3539170123906868,0.0,0.3539170123906868,0.0,0.3539170123906868,0.0,0.0,0.0,0.3539170123906868,0.0,0.0,0.3539170123906868,0.0,0.0,0.0,0.0,0.0,0.0,0.0,0.0,0.0,0.0,0.0,0.0,0.0,0.0,0.0,0.0,0.0,0.0,0.0,0.0,0.0,0.0,0.0,0.0,0.0,0.0,0.0,0.0,0.0,E9
3.0,0.0,6.0,55.0,0.0,0.0,0.0,0.0,0.34939103204185995,0.0,0.0,0.0,0.0,0.0,0.0,0.0,0.0,0.0,0.48840804444937863,0.0,0.0,0.0,0.0,0.0,0.0,0.0,0.37531057018216657,0.0,0.4992621880111665,0.0,0.0,0.0,0.0,0.0,0.0,0.0,0.0,0.0,0.0,0.0,0.0,0.0,0.0,0.0,0.0,0.0,0.0,0.0,0.4992621880111665,0.0,0.0,0.0,0.0,0.0,E9
4.0,0.0,6.0,55.0,0.0,0.0,0.0,0.0,0.3509974905653215,0.0,0.3539170123906868,0.3539170123906868,0.0,0.3539170123906868,0.0,0.3539170123906868,0.0,0.3539170123906868,0.0,0.0,0.0,0.3539170123906868,0.0,0.0,0.3539170123906868,0.0,0.0,0.0,0.0,0.0,0.0,0.0,0.0,0.0,0.0,0.0,0.0,0.0,0.0,0.0,0.0,0.0,0.0,0.0,0.0,0.0,0.0,0.0,0.0,0.0,0.0,0.0,0.0,0.0,E10
4.0,0.0,6.0,55.0,0.0,0.0,0.0,0.0,0.3509974905653215,0.0,0.3539170123906868,0.3539170123906868,0.0,0.3539170123906868,0.0,0.3539170123906868,0.0,0.3539170123906868,0.0,0.0,0.0,0.3539170123906868,0.0,0.0,0.3539170123906868,0.0,0.0,0.0,0.0,0.0,0.0,0.0,0.0,0.0,0.0,0.0,0.0,0.0,0.0,0.0,0.0,0.0,0.0,0.0,0.0,0.0,0.0,0.0,0.0,0.0,0.0,0.0,0.0,0.0,E9
4.0,0.0,6.0,55.0,0.0,0.0,0.0,0.0,0.3509974905653215,0.0,0.3539170123906868,0.3539170123906868,0.0,0.3539170123906868,0.0,0.3539170123906868,0.0,0.3539170123906868,0.0,0.0,0.0,0.3539170123906868,0.0,0.0,0.3539170123906868,0.0,0.0,0.0,0.0,0.0,0.0,0.0,0.0,0.0,0.0,0.0,0.0,0.0,0.0,0.0,0.0,0.0,0.0,0.0,0.0,0.0,0.0,0.0,0.0,0.0,0.0,0.0,0.0,0.0,E9
4.0,0.0,6.0,55.0,0.0,0.0,0.0,0.0,0.3509974905653215,0.0,0.3539170123906868,0.3539170123906868,0.0,0.3539170123906868,0.0,0.3539170123906868,0.0,0.3539170123906868,0.0,0.0,0.0,0.3539170123906868,0.0,0.0,0.3539170123906868,0.0,0.0,0.0,0.0,0.0,0.0,0.0,0.0,0.0,0.0,0.0,0.0,0.0,0.0,0.0,0.0,0.0,0.0,0.0,0.0,0.0,0.0,0.0,0.0,0.0,0.0,0.0,0.0,0.0,E9
4.0,0.0,6.0,55.0,0.0,0.0,0.0,0.0,0.3509974905653215,0.0,0.3539170123906868,0.3539170123906868,0.0,0.3539170123906868,0.0,0.3539170123906868,0.0,0.3539170123906868,0.0,0.0,0.0,0.3539170123906868,0.0,0.0,0.3539170123906868,0.0,0.0,0.0,0.0,0.0,0.0,0.0,0.0,0.0,0.0,0.0,0.0,0.0,0.0,0.0,0.0,0.0,0.0,0.0,0.0,0.0,0.0,0.0,0.0,0.0,0.0,0.0,0.0,0.0,E9
3.0,0.0,6.0,55.0,0.0,0.0,0.0,0.0,0.3694506407597979,0.0,0.0,0.0,0.0,0.0,0.0,0.0,0.0,0.0,0.516449045413519,0.0,0.0,0.0,0.0,0.0,0.0,0.0,0.19842914946528173,0.0,0.5279263585842844,0.0,0.0,0.0,0.0,0.0,0.0,0.0,0.0,0.0,0.0,0.0,0.0,0.0,0.0,0.0,0.0,0.0,0.0,0.0,0.5279263585842844,0.0,0.0,0.0,0.0,0.0,E9
4.0,0.0,6.0,55.0,0.0,0.0,0.0,0.0,0.3509974905653215,0.0,0.3539170123906868,0.3539170123906868,0.0,0.3539170123906868,0.0,0.3539170123906868,0.0,0.3539170123906868,0.0,0.0,0.0,0.3539170123906868,0.0,0.0,0.3539170123906868,0.0,0.0,0.0,0.0,0.0,0.0,0.0,0.0,0.0,0.0,0.0,0.0,0.0,0.0,0.0,0.0,0.0,0.0,0.0,0.0,0.0,0.0,0.0,0.0,0.0,0.0,0.0,0.0,0.0,E10
2.0,0.0,6.0,56.0,0.0,0.0,0.0,0.0,0.15378644268229635,0.0,0.0,0.0,0.0,0.0,0.22406124171850228,0.0,0.0,0.0,0.0,0.0,0.0,0.0,0.0,0.0,0.0,0.0,0.908572908515739,0.0,0.0,0.0,0.0,0.0,0.0,0.0,0.0,0.0,0.0,0.0,0.2245843268741186,0.0,0.0,0.0,0.0,0.22406124171850228,0.0,0.0,0.0,0.0,0.0,0.0,0.0,0.0,0.0,0.0,E9
2.0,0.0,6.0,57.0,0.0,0.0,0.0,0.0,0.1661483052439899,0.0,0.0,0.0,0.0,0.0,0.24207202490079238,0.0,0.0,0.0,0.0,0.0,0.0,0.0,0.0,0.0,0.0,0.0,0.892370001764264,0.0,0.0,0.0,0.0,0.0,0.0,0.0,0.0,0.0,0.0,0.0,0.2426371573701316,0.0,0.0,0.0,0.0,0.24207202490079238,0.0,0.0,0.0,0.0,0.0,0.0,0.0,0.0,0.0,0.0,E13
5.0,0.0,6.0,57.0,0.3510918919565208,0.0,0.0,0.3510918919565208,0.18251281282102508,0.0,0.0,0.0,0.0,0.0,0.0,0.0,0.0,0.0,0.0,0.0,0.0,0.0,0.0,0.0,0.0,0.19326237107758945,0.0980262536292048,0.0,0.0,0.3510918919565208,0.0,0.5508193893582563,0.0,0.0,0.0,0.0,0.0,0.0,0.0,0.3510918919565208,0.0,0.0,0.0,0.0,0.0,0.0,0.0,0.0,0.0,0.0,0.0,0.3510918919565208,0.0,0.0,E13
5.0,0.0,6.0,58.0,0.0,0.22135968273463763,0.27280588538225176,0.0,0.19155498313298006,0.27280588538225176,0.0,0.0,0.0,0.0,0.0,0.0,0.0,0.0,0.0,0.0,0.0,0.0,0.0,0.22135968273463763,0.0,0.20283710310415376,0.7201791451902878,0.0,0.0,0.0,0.0,0.0,0.0,0.0,0.0,0.0,0.0,0.0,0.0,0.0,0.0,0.0,0.20966499272154374,0.0,0.0,0.0,0.0,0.0,0.0,0.19564512803276962,0.27280588538225176,0.0,0.0,0.0,E7
4.0,0.0,6.0,58.0,0.0,0.0,0.0,0.0,0.3509974905653215,0.0,0.3539170123906868,0.3539170123906868,0.0,0.3539170123906868,0.0,0.3539170123906868,0.0,0.3539170123906868,0.0,0.0,0.0,0.3539170123906868,0.0,0.0,0.3539170123906868,0.0,0.0,0.0,0.0,0.0,0.0,0.0,0.0,0.0,0.0,0.0,0.0,0.0,0.0,0.0,0.0,0.0,0.0,0.0,0.0,0.0,0.0,0.0,0.0,0.0,0.0,0.0,0.0,0.0,E6
5.0,0.0,6.0,59.0,0.3510918919565208,0.0,0.0,0.3510918919565208,0.18251281282102508,0.0,0.0,0.0,0.0,0.0,0.0,0.0,0.0,0.0,0.0,0.0,0.0,0.0,0.0,0.0,0.0,0.19326237107758945,0.0980262536292048,0.0,0.0,0.3510918919565208,0.0,0.5508193893582563,0.0,0.0,0.0,0.0,0.0,0.0,0.0,0.3510918919565208,0.0,0.0,0.0,0.0,0.0,0.0,0.0,0.0,0.0,0.0,0.0,0.3510918919565208,0.0,0.0,E9
3.0,0.0,6.0,59.0,0.0,0.0,0.0,0.0,0.2578159997202256,0.0,0.0,0.0,0.0,0.0,0.0,0.0,0.0,0.0,0.0,0.37650544316290596,0.0,0.0,0.0,0.0,0.0,0.0,0.6923551335276573,0.30280470815490756,0.0,0.0,0.0,0.0,0.0,0.0,0.0,0.0,0.0,0.37562851461197616,0.0,0.0,0.0,0.0,0.2821904646944785,0.0,0.0,0.0,0.0,0.0,0.0,0.0,0.0,0.0,0.0,0.0,E7
3.0,0.0,7.0,0.0,0.0,0.0,0.0,0.0,0.34939103204185995,0.0,0.0,0.0,0.0,0.0,0.0,0.0,0.0,0.0,0.48840804444937863,0.0,0.0,0.0,0.0,0.0,0.0,0.0,0.37531057018216657,0.0,0.4992621880111665,0.0,0.0,0.0,0.0,0.0,0.0,0.0,0.0,0.0,0.0,0.0,0.0,0.0,0.0,0.0,0.0,0.0,0.0,0.0,0.4992621880111665,0.0,0.0,0.0,0.0,0.0,E11
2.0,0.0,7.0,0.0,0.0,0.0,0.0,0.0,0.1661483052439899,0.0,0.0,0.0,0.0,0.0,0.24207202490079238,0.0,0.0,0.0,0.0,0.0,0.0,0.0,0.0,0.0,0.0,0.0,0.892370001764264,0.0,0.0,0.0,0.0,0.0,0.0,0.0,0.0,0.0,0.0,0.0,0.2426371573701316,0.0,0.0,0.0,0.0,0.24207202490079238,0.0,0.0,0.0,0.0,0.0,0.0,0.0,0.0,0.0,0.0,E10
5.0,0.0,7.0,0.0,0.0,0.23836634715786661,0.29376506859060325,0.0,0.2062718063434884,0.29376506859060325,0.0,0.0,0.0,0.0,0.0,0.0,0.0,0.0,0.0,0.0,0.0,0.0,0.0,0.23836634715786661,0.0,0.2184207112050361,0.6647221778892567,0.0,0.0,0.0,0.0,0.0,0.0,0.0,0.0,0.0,0.0,0.0,0.0,0.0,0.0,0.0,0.22577317524360016,0.0,0.0,0.0,0.0,0.0,0.0,0.21067618968495705,0.29376506859060325,0.0,0.0,0.0,E13
0.0,0.0,7.0,2.0,0.0,0.0,0.0,0.0,0.11808350202038123,0.0,0.0,0.0,0.0,0.0,0.0,0.0,0.0,0.0,0.3301340161278035,0.0,0.0,0.0,0.0,0.0,0.0,0.0,0.12684351459560828,0.0,0.0,0.0,0.0,0.0,0.0,0.0,0.0,0.0,0.0,0.0,0.0,0.0,0.0,0.0,0.0,0.0,0.0,0.0,0.0,0.6561168115324296,0.0,0.0,0.0,0.0,0.6561168115324296,0.0,E6
5.0,0.0,7.0,2.0,0.0,0.22135968273463763,0.27280588538225176,0.0,0.19155498313298006,0.27280588538225176,0.0,0.0,0.0,0.0,0.0,0.0,0.0,0.0,0.0,0.0,0.0,0.0,0.0,0.22135968273463763,0.0,0.20283710310415376,0.7201791451902878,0.0,0.0,0.0,0.0,0.0,0.0,0.0,0.0,0.0,0.0,0.0,0.0,0.0,0.0,0.0,0.20966499272154374,0.0,0.0,0.0,0.0,0.0,0.0,0.19564512803276962,0.27280588538225176,0.0,0.0,0.0,E14
3.0,0.0,7.0,2.0,0.0,0.0,0.0,0.0,0.3694506407597979,0.0,0.0,0.0,0.0,0.0,0.0,0.0,0.0,0.0,0.516449045413519,0.0,0.0,0.0,0.0,0.0,0.0,0.0,0.19842914946528173,0.0,0.5279263585842844,0.0,0.0,0.0,0.0,0.0,0.0,0.0,0.0,0.0,0.0,0.0,0.0,0.0,0.0,0.0,0.0,0.0,0.0,0.0,0.5279263585842844,0.0,0.0,0.0,0.0,0.0,E6
5.0,0.0,7.0,3.0,0.3461381999178092,0.0,0.0,0.3461381999178092,0.1799376685680603,0.0,0.0,0.0,0.0,0.0,0.0,0.0,0.0,0.0,0.0,0.0,0.0,0.0,0.0,0.0,0.0,0.19053555712681858,0.19328632619121563,0.0,0.0,0.3461381999178092,0.0,0.5430476643872623,0.0,0.0,0.0,0.0,0.0,0.0,0.0,0.3461381999178092,0.0,0.0,0.0,0.0,0.0,0.0,0.0,0.0,0.0,0.0,0.0,0.3461381999178092,0.0,0.0,E10
5.0,0.0,7.0,3.0,0.3510918919565208,0.0,0.0,0.3510918919565208,0.18251281282102508,0.0,0.0,0.0,0.0,0.0,0.0,0.0,0.0,0.0,0.0,0.0,0.0,0.0,0.0,0.0,0.0,0.19326237107758945,0.0980262536292048,0.0,0.0,0.3510918919565208,0.0,0.5508193893582563,0.0,0.0,0.0,0.0,0.0,0.0,0.0,0.3510918919565208,0.0,0.0,0.0,0.0,0.0,0.0,0.0,0.0,0.0,0.0,0.0,0.3510918919565208,0.0,0.0,E7
3.0,0.0,7.0,4.0,0.0,0.0,0.0,0.0,0.2578159997202256,0.0,0.0,0.0,0.0,0.0,0.0,0.0,0.0,0.0,0.0,0.37650544316290596,0.0,0.0,0.0,0.0,0.0,0.0,0.6923551335276573,0.30280470815490756,0.0,0.0,0.0,0.0,0.0,0.0,0.0,0.0,0.0,0.37562851461197616,0.0,0.0,0.0,0.0,0.2821904646944785,0.0,0.0,0.0,0.0,0.0,0.0,0.0,0.0,0.0,0.0,0.0,E7
5.0,0.0,7.0,5.0,0.0,0.22135968273463763,0.27280588538225176,0.0,0.19155498313298006,0.27280588538225176,0.0,0.0,0.0,0.0,0.0,0.0,0.0,0.0,0.0,0.0,0.0,0.0,0.0,0.22135968273463763,0.0,0.20283710310415376,0.7201791451902878,0.0,0.0,0.0,0.0,0.0,0.0,0.0,0.0,0.0,0.0,0.0,0.0,0.0,0.0,0.0,0.20966499272154374,0.0,0.0,0.0,0.0,0.0,0.0,0.19564512803276962,0.27280588538225176,0.0,0.0,0.0,E11
3.0,0.0,7.0,5.0,0.0,0.0,0.0,0.0,0.34939103204185995,0.0,0.0,0.0,0.0,0.0,0.0,0.0,0.0,0.0,0.48840804444937863,0.0,0.0,0.0,0.0,0.0,0.0,0.0,0.37531057018216657,0.0,0.4992621880111665,0.0,0.0,0.0,0.0,0.0,0.0,0.0,0.0,0.0,0.0,0.0,0.0,0.0,0.0,0.0,0.0,0.0,0.0,0.0,0.4992621880111665,0.0,0.0,0.0,0.0,0.0,E6
5.0,0.0,7.0,5.0,0.3510918919565208,0.0,0.0,0.3510918919565208,0.18251281282102508,0.0,0.0,0.0,0.0,0.0,0.0,0.0,0.0,0.0,0.0,0.0,0.0,0.0,0.0,0.0,0.0,0.19326237107758945,0.0980262536292048,0.0,0.0,0.3510918919565208,0.0,0.5508193893582563,0.0,0.0,0.0,0.0,0.0,0.0,0.0,0.3510918919565208,0.0,0.0,0.0,0.0,0.0,0.0,0.0,0.0,0.0,0.0,0.0,0.3510918919565208,0.0,0.0,E10
3.0,0.0,7.0,6.0,0.0,0.0,0.0,0.0,0.34939103204185995,0.0,0.0,0.0,0.0,0.0,0.0,0.0,0.0,0.0,0.48840804444937863,0.0,0.0,0.0,0.0,0.0,0.0,0.0,0.37531057018216657,0.0,0.4992621880111665,0.0,0.0,0.0,0.0,0.0,0.0,0.0,0.0,0.0,0.0,0.0,0.0,0.0,0.0,0.0,0.0,0.0,0.0,0.0,0.4992621880111665,0.0,0.0,0.0,0.0,0.0,E7
5.0,0.0,7.0,7.0,0.0,0.22135968273463763,0.27280588538225176,0.0,0.19155498313298006,0.27280588538225176,0.0,0.0,0.0,0.0,0.0,0.0,0.0,0.0,0.0,0.0,0.0,0.0,0.0,0.22135968273463763,0.0,0.20283710310415376,0.7201791451902878,0.0,0.0,0.0,0.0,0.0,0.0,0.0,0.0,0.0,0.0,0.0,0.0,0.0,0.0,0.0,0.20966499272154374,0.0,0.0,0.0,0.0,0.0,0.0,0.19564512803276962,0.27280588538225176,0.0,0.0,0.0,E10
3.0,0.0,7.0,8.0,0.0,0.0,0.0,0.0,0.2578159997202256,0.0,0.0,0.0,0.0,0.0,0.0,0.0,0.0,0.0,0.0,0.37650544316290596,0.0,0.0,0.0,0.0,0.0,0.0,0.6923551335276573,0.30280470815490756,0.0,0.0,0.0,0.0,0.0,0.0,0.0,0.0,0.0,0.37562851461197616,0.0,0.0,0.0,0.0,0.2821904646944785,0.0,0.0,0.0,0.0,0.0,0.0,0.0,0.0,0.0,0.0,0.0,E6
3.0,0.0,7.0,8.0,0.0,0.0,0.0,0.0,0.23428947065061007,0.0,0.0,0.0,0.0,0.0,0.0,0.0,0.0,0.0,0.0,0.3421481252964706,0.0,0.0,0.0,0.0,0.0,0.0,0.7550106335330056,0.2751728165091075,0.0,0.0,0.0,0.0,0.0,0.0,0.0,0.0,0.0,0.34135121926186185,0.0,0.0,0.0,0.0,0.2564396882569906,0.0,0.0,0.0,0.0,0.0,0.0,0.0,0.0,0.0,0.0,0.0,E11
3.0,0.0,7.0,8.0,0.0,0.0,0.0,0.0,0.3694506407597979,0.0,0.0,0.0,0.0,0.0,0.0,0.0,0.0,0.0,0.516449045413519,0.0,0.0,0.0,0.0,0.0,0.0,0.0,0.19842914946528173,0.0,0.5279263585842844,0.0,0.0,0.0,0.0,0.0,0.0,0.0,0.0,0.0,0.0,0.0,0.0,0.0,0.0,0.0,0.0,0.0,0.0,0.0,0.5279263585842844,0.0,0.0,0.0,0.0,0.0,E11
3.0,0.0,7.0,9.0,0.0,0.0,0.0,0.0,0.2578159997202256,0.0,0.0,0.0,0.0,0.0,0.0,0.0,0.0,0.0,0.0,0.37650544316290596,0.0,0.0,0.0,0.0,0.0,0.0,0.6923551335276573,0.30280470815490756,0.0,0.0,0.0,0.0,0.0,0.0,0.0,0.0,0.0,0.37562851461197616,0.0,0.0,0.0,0.0,0.2821904646944785,0.0,0.0,0.0,0.0,0.0,0.0,0.0,0.0,0.0,0.0,0.0,E10
5.0,0.0,7.0,9.0,0.0,0.23836634715786661,0.29376506859060325,0.0,0.2062718063434884,0.29376506859060325,0.0,0.0,0.0,0.0,0.0,0.0,0.0,0.0,0.0,0.0,0.0,0.0,0.0,0.23836634715786661,0.0,0.2184207112050361,0.6647221778892567,0.0,0.0,0.0,0.0,0.0,0.0,0.0,0.0,0.0,0.0,0.0,0.0,0.0,0.0,0.0,0.22577317524360016,0.0,0.0,0.0,0.0,0.0,0.0,0.21067618968495705,0.29376506859060325,0.0,0.0,0.0,E11
2.0,0.0,7.0,9.0,0.0,0.0,0.0,0.0,0.1661483052439899,0.0,0.0,0.0,0.0,0.0,0.24207202490079238,0.0,0.0,0.0,0.0,0.0,0.0,0.0,0.0,0.0,0.0,0.0,0.892370001764264,0.0,0.0,0.0,0.0,0.0,0.0,0.0,0.0,0.0,0.0,0.0,0.2426371573701316,0.0,0.0,0.0,0.0,0.24207202490079238,0.0,0.0,0.0,0.0,0.0,0.0,0.0,0.0,0.0,0.0,E6
3.0,0.0,7.0,10.0,0.0,0.0,0.0,0.0,0.3694506407597979,0.0,0.0,0.0,0.0,0.0,0.0,0.0,0.0,0.0,0.516449045413519,0.0,0.0,0.0,0.0,0.0,0.0,0.0,0.19842914946528173,0.0,0.5279263585842844,0.0,0.0,0.0,0.0,0.0,0.0,0.0,0.0,0.0,0.0,0.0,0.0,0.0,0.0,0.0,0.0,0.0,0.0,0.0,0.5279263585842844,0.0,0.0,0.0,0.0,0.0,E13
2.0,0.0,7.0,10.0,0.0,0.0,0.0,0.0,0.1661483052439899,0.0,0.0,0.0,0.0,0.0,0.24207202490079238,0.0,0.0,0.0,0.0,0.0,0.0,0.0,0.0,0.0,0.0,0.0,0.892370001764264,0.0,0.0,0.0,0.0,0.0,0.0,0.0,0.0,0.0,0.0,0.0,0.2426371573701316,0.0,0.0,0.0,0.0,0.24207202490079238,0.0,0.0,0.0,0.0,0.0,0.0,0.0,0.0,0.0,0.0,E10
3.0,0.0,7.0,10.0,0.0,0.0,0.0,0.0,0.34939103204185995,0.0,0.0,0.0,0.0,0.0,0.0,0.0,0.0,0.0,0.48840804444937863,0.0,0.0,0.0,0.0,0.0,0.0,0.0,0.37531057018216657,0.0,0.4992621880111665,0.0,0.0,0.0,0.0,0.0,0.0,0.0,0.0,0.0,0.0,0.0,0.0,0.0,0.0,0.0,0.0,0.0,0.0,0.0,0.4992621880111665,0.0,0.0,0.0,0.0,0.0,E13
5.0,0.0,7.0,10.0,0.0,0.22135968273463763,0.27280588538225176,0.0,0.19155498313298006,0.27280588538225176,0.0,0.0,0.0,0.0,0.0,0.0,0.0,0.0,0.0,0.0,0.0,0.0,0.0,0.22135968273463763,0.0,0.20283710310415376,0.7201791451902878,0.0,0.0,0.0,0.0,0.0,0.0,0.0,0.0,0.0,0.0,0.0,0.0,0.0,0.0,0.0,0.20966499272154374,0.0,0.0,0.0,0.0,0.0,0.0,0.19564512803276962,0.27280588538225176,0.0,0.0,0.0,E10
5.0,0.0,7.0,11.0,0.3461381999178092,0.0,0.0,0.3461381999178092,0.1799376685680603,0.0,0.0,0.0,0.0,0.0,0.0,0.0,0.0,0.0,0.0,0.0,0.0,0.0,0.0,0.0,0.0,0.19053555712681858,0.19328632619121563,0.0,0.0,0.3461381999178092,0.0,0.5430476643872623,0.0,0.0,0.0,0.0,0.0,0.0,0.0,0.3461381999178092,0.0,0.0,0.0,0.0,0.0,0.0,0.0,0.0,0.0,0.0,0.0,0.3461381999178092,0.0,0.0,E6
3.0,0.0,7.0,12.0,0.0,0.0,0.0,0.0,0.23428947065061007,0.0,0.0,0.0,0.0,0.0,0.0,0.0,0.0,0.0,0.0,0.3421481252964706,0.0,0.0,0.0,0.0,0.0,0.0,0.7550106335330056,0.2751728165091075,0.0,0.0,0.0,0.0,0.0,0.0,0.0,0.0,0.0,0.34135121926186185,0.0,0.0,0.0,0.0,0.2564396882569906,0.0,0.0,0.0,0.0,0.0,0.0,0.0,0.0,0.0,0.0,0.0,E7
3.0,0.0,7.0,13.0,0.0,0.0,0.0,0.0,0.23428947065061007,0.0,0.0,0.0,0.0,0.0,0.0,0.0,0.0,0.0,0.0,0.3421481252964706,0.0,0.0,0.0,0.0,0.0,0.0,0.7550106335330056,0.2751728165091075,0.0,0.0,0.0,0.0,0.0,0.0,0.0,0.0,0.0,0.34135121926186185,0.0,0.0,0.0,0.0,0.2564396882569906,0.0,0.0,0.0,0.0,0.0,0.0,0.0,0.0,0.0,0.0,0.0,E11
3.0,0.0,7.0,15.0,0.0,0.0,0.0,0.0,0.23428947065061007,0.0,0.0,0.0,0.0,0.0,0.0,0.0,0.0,0.0,0.0,0.3421481252964706,0.0,0.0,0.0,0.0,0.0,0.0,0.7550106335330056,0.2751728165091075,0.0,0.0,0.0,0.0,0.0,0.0,0.0,0.0,0.0,0.34135121926186185,0.0,0.0,0.0,0.0,0.2564396882569906,0.0,0.0,0.0,0.0,0.0,0.0,0.0,0.0,0.0,0.0,0.0,E11
5.0,0.0,7.0,16.0,0.3461381999178092,0.0,0.0,0.3461381999178092,0.1799376685680603,0.0,0.0,0.0,0.0,0.0,0.0,0.0,0.0,0.0,0.0,0.0,0.0,0.0,0.0,0.0,0.0,0.19053555712681858,0.19328632619121563,0.0,0.0,0.3461381999178092,0.0,0.5430476643872623,0.0,0.0,0.0,0.0,0.0,0.0,0.0,0.3461381999178092,0.0,0.0,0.0,0.0,0.0,0.0,0.0,0.0,0.0,0.0,0.0,0.3461381999178092,0.0,0.0,E11
3.0,0.0,7.0,17.0,0.0,0.0,0.0,0.0,0.23428947065061007,0.0,0.0,0.0,0.0,0.0,0.0,0.0,0.0,0.0,0.0,0.3421481252964706,0.0,0.0,0.0,0.0,0.0,0.0,0.7550106335330056,0.2751728165091075,0.0,0.0,0.0,0.0,0.0,0.0,0.0,0.0,0.0,0.34135121926186185,0.0,0.0,0.0,0.0,0.2564396882569906,0.0,0.0,0.0,0.0,0.0,0.0,0.0,0.0,0.0,0.0,0.0,E7
3.0,0.0,7.0,17.0,0.0,0.0,0.0,0.0,0.2578159997202256,0.0,0.0,0.0,0.0,0.0,0.0,0.0,0.0,0.0,0.0,0.37650544316290596,0.0,0.0,0.0,0.0,0.0,0.0,0.6923551335276573,0.30280470815490756,0.0,0.0,0.0,0.0,0.0,0.0,0.0,0.0,0.0,0.37562851461197616,0.0,0.0,0.0,0.0,0.2821904646944785,0.0,0.0,0.0,0.0,0.0,0.0,0.0,0.0,0.0,0.0,0.0,E11
5.0,0.0,7.0,17.0,0.0,0.22135968273463763,0.27280588538225176,0.0,0.19155498313298006,0.27280588538225176,0.0,0.0,0.0,0.0,0.0,0.0,0.0,0.0,0.0,0.0,0.0,0.0,0.0,0.22135968273463763,0.0,0.20283710310415376,0.7201791451902878,0.0,0.0,0.0,0.0,0.0,0.0,0.0,0.0,0.0,0.0,0.0,0.0,0.0,0.0,0.0,0.20966499272154374,0.0,0.0,0.0,0.0,0.0,0.0,0.19564512803276962,0.27280588538225176,0.0,0.0,0.0,E11
2.0,0.0,7.0,19.0,0.0,0.0,0.0,0.0,0.15378644268229635,0.0,0.0,0.0,0.0,0.0,0.22406124171850228,0.0,0.0,0.0,0.0,0.0,0.0,0.0,0.0,0.0,0.0,0.0,0.908572908515739,0.0,0.0,0.0,0.0,0.0,0.0,0.0,0.0,0.0,0.0,0.0,0.2245843268741186,0.0,0.0,0.0,0.0,0.22406124171850228,0.0,0.0,0.0,0.0,0.0,0.0,0.0,0.0,0.0,0.0,E6
3.0,0.0,7.0,19.0,0.0,0.0,0.0,0.0,0.34939103204185995,0.0,0.0,0.0,0.0,0.0,0.0,0.0,0.0,0.0,0.48840804444937863,0.0,0.0,0.0,0.0,0.0,0.0,0.0,0.37531057018216657,0.0,0.4992621880111665,0.0,0.0,0.0,0.0,0.0,0.0,0.0,0.0,0.0,0.0,0.0,0.0,0.0,0.0,0.0,0.0,0.0,0.0,0.0,0.4992621880111665,0.0,0.0,0.0,0.0,0.0,E13
2.0,0.0,7.0,19.0,0.0,0.0,0.0,0.0,0.15378644268229635,0.0,0.0,0.0,0.0,0.0,0.22406124171850228,0.0,0.0,0.0,0.0,0.0,0.0,0.0,0.0,0.0,0.0,0.0,0.908572908515739,0.0,0.0,0.0,0.0,0.0,0.0,0.0,0.0,0.0,0.0,0.0,0.2245843268741186,0.0,0.0,0.0,0.0,0.22406124171850228,0.0,0.0,0.0,0.0,0.0,0.0,0.0,0.0,0.0,0.0,E10
3.0,0.0,7.0,20.0,0.0,0.0,0.0,0.0,0.3694506407597979,0.0,0.0,0.0,0.0,0.0,0.0,0.0,0.0,0.0,0.516449045413519,0.0,0.0,0.0,0.0,0.0,0.0,0.0,0.19842914946528173,0.0,0.5279263585842844,0.0,0.0,0.0,0.0,0.0,0.0,0.0,0.0,0.0,0.0,0.0,0.0,0.0,0.0,0.0,0.0,0.0,0.0,0.0,0.5279263585842844,0.0,0.0,0.0,0.0,0.0,E13
5.0,0.0,7.0,20.0,0.0,0.22135968273463763,0.27280588538225176,0.0,0.19155498313298006,0.27280588538225176,0.0,0.0,0.0,0.0,0.0,0.0,0.0,0.0,0.0,0.0,0.0,0.0,0.0,0.22135968273463763,0.0,0.20283710310415376,0.7201791451902878,0.0,0.0,0.0,0.0,0.0,0.0,0.0,0.0,0.0,0.0,0.0,0.0,0.0,0.0,0.0,0.20966499272154374,0.0,0.0,0.0,0.0,0.0,0.0,0.19564512803276962,0.27280588538225176,0.0,0.0,0.0,E10
3.0,0.0,7.0,22.0,0.0,0.0,0.0,0.0,0.2578159997202256,0.0,0.0,0.0,0.0,0.0,0.0,0.0,0.0,0.0,0.0,0.37650544316290596,0.0,0.0,0.0,0.0,0.0,0.0,0.6923551335276573,0.30280470815490756,0.0,0.0,0.0,0.0,0.0,0.0,0.0,0.0,0.0,0.37562851461197616,0.0,0.0,0.0,0.0,0.2821904646944785,0.0,0.0,0.0,0.0,0.0,0.0,0.0,0.0,0.0,0.0,0.0,E6
3.0,0.0,7.0,22.0,0.0,0.0,0.0,0.0,0.34939103204185995,0.0,0.0,0.0,0.0,0.0,0.0,0.0,0.0,0.0,0.48840804444937863,0.0,0.0,0.0,0.0,0.0,0.0,0.0,0.37531057018216657,0.0,0.4992621880111665,0.0,0.0,0.0,0.0,0.0,0.0,0.0,0.0,0.0,0.0,0.0,0.0,0.0,0.0,0.0,0.0,0.0,0.0,0.0,0.4992621880111665,0.0,0.0,0.0,0.0,0.0,E11
5.0,0.0,7.0,23.0,0.0,0.23836634715786661,0.29376506859060325,0.0,0.2062718063434884,0.29376506859060325,0.0,0.0,0.0,0.0,0.0,0.0,0.0,0.0,0.0,0.0,0.0,0.0,0.0,0.23836634715786661,0.0,0.2184207112050361,0.6647221778892567,0.0,0.0,0.0,0.0,0.0,0.0,0.0,0.0,0.0,0.0,0.0,0.0,0.0,0.0,0.0,0.22577317524360016,0.0,0.0,0.0,0.0,0.0,0.0,0.21067618968495705,0.29376506859060325,0.0,0.0,0.0,E10
3.0,0.0,7.0,23.0,0.0,0.0,0.0,0.0,0.34939103204185995,0.0,0.0,0.0,0.0,0.0,0.0,0.0,0.0,0.0,0.48840804444937863,0.0,0.0,0.0,0.0,0.0,0.0,0.0,0.37531057018216657,0.0,0.4992621880111665,0.0,0.0,0.0,0.0,0.0,0.0,0.0,0.0,0.0,0.0,0.0,0.0,0.0,0.0,0.0,0.0,0.0,0.0,0.0,0.4992621880111665,0.0,0.0,0.0,0.0,0.0,E6
3.0,0.0,7.0,23.0,0.0,0.0,0.0,0.0,0.3694506407597979,0.0,0.0,0.0,0.0,0.0,0.0,0.0,0.0,0.0,0.516449045413519,0.0,0.0,0.0,0.0,0.0,0.0,0.0,0.19842914946528173,0.0,0.5279263585842844,0.0,0.0,0.0,0.0,0.0,0.0,0.0,0.0,0.0,0.0,0.0,0.0,0.0,0.0,0.0,0.0,0.0,0.0,0.0,0.5279263585842844,0.0,0.0,0.0,0.0,0.0,E10
5.0,0.0,7.0,23.0,0.0,0.23836634715786661,0.29376506859060325,0.0,0.2062718063434884,0.29376506859060325,0.0,0.0,0.0,0.0,0.0,0.0,0.0,0.0,0.0,0.0,0.0,0.0,0.0,0.23836634715786661,0.0,0.2184207112050361,0.6647221778892567,0.0,0.0,0.0,0.0,0.0,0.0,0.0,0.0,0.0,0.0,0.0,0.0,0.0,0.0,0.0,0.22577317524360016,0.0,0.0,0.0,0.0,0.0,0.0,0.21067618968495705,0.29376506859060325,0.0,0.0,0.0,E10
3.0,0.0,7.0,24.0,0.0,0.0,0.0,0.0,0.3694506407597979,0.0,0.0,0.0,0.0,0.0,0.0,0.0,0.0,0.0,0.516449045413519,0.0,0.0,0.0,0.0,0.0,0.0,0.0,0.19842914946528173,0.0,0.5279263585842844,0.0,0.0,0.0,0.0,0.0,0.0,0.0,0.0,0.0,0.0,0.0,0.0,0.0,0.0,0.0,0.0,0.0,0.0,0.0,0.5279263585842844,0.0,0.0,0.0,0.0,0.0,E6
2.0,0.0,7.0,24.0,0.0,0.0,0.0,0.0,0.15378644268229635,0.0,0.0,0.0,0.0,0.0,0.22406124171850228,0.0,0.0,0.0,0.0,0.0,0.0,0.0,0.0,0.0,0.0,0.0,0.908572908515739,0.0,0.0,0.0,0.0,0.0,0.0,0.0,0.0,0.0,0.0,0.0,0.2245843268741186,0.0,0.0,0.0,0.0,0.22406124171850228,0.0,0.0,0.0,0.0,0.0,0.0,0.0,0.0,0.0,0.0,E10
5.0,0.0,7.0,25.0,0.0,0.22135968273463763,0.27280588538225176,0.0,0.19155498313298006,0.27280588538225176,0.0,0.0,0.0,0.0,0.0,0.0,0.0,0.0,0.0,0.0,0.0,0.0,0.0,0.22135968273463763,0.0,0.20283710310415376,0.7201791451902878,0.0,0.0,0.0,0.0,0.0,0.0,0.0,0.0,0.0,0.0,0.0,0.0,0.0,0.0,0.0,0.20966499272154374,0.0,0.0,0.0,0.0,0.0,0.0,0.19564512803276962,0.27280588538225176,0.0,0.0,0.0,E13
3.0,0.0,7.0,27.0,0.0,0.0,0.0,0.0,0.34939103204185995,0.0,0.0,0.0,0.0,0.0,0.0,0.0,0.0,0.0,0.48840804444937863,0.0,0.0,0.0,0.0,0.0,0.0,0.0,0.37531057018216657,0.0,0.4992621880111665,0.0,0.0,0.0,0.0,0.0,0.0,0.0,0.0,0.0,0.0,0.0,0.0,0.0,0.0,0.0,0.0,0.0,0.0,0.0,0.4992621880111665,0.0,0.0,0.0,0.0,0.0,E6
2.0,0.0,7.0,27.0,0.0,0.0,0.0,0.0,0.15378644268229635,0.0,0.0,0.0,0.0,0.0,0.22406124171850228,0.0,0.0,0.0,0.0,0.0,0.0,0.0,0.0,0.0,0.0,0.0,0.908572908515739,0.0,0.0,0.0,0.0,0.0,0.0,0.0,0.0,0.0,0.0,0.0,0.2245843268741186,0.0,0.0,0.0,0.0,0.22406124171850228,0.0,0.0,0.0,0.0,0.0,0.0,0.0,0.0,0.0,0.0,E10
5.0,0.0,7.0,28.0,0.3510918919565208,0.0,0.0,0.3510918919565208,0.18251281282102508,0.0,0.0,0.0,0.0,0.0,0.0,0.0,0.0,0.0,0.0,0.0,0.0,0.0,0.0,0.0,0.0,0.19326237107758945,0.0980262536292048,0.0,0.0,0.3510918919565208,0.0,0.5508193893582563,0.0,0.0,0.0,0.0,0.0,0.0,0.0,0.3510918919565208,0.0,0.0,0.0,0.0,0.0,0.0,0.0,0.0,0.0,0.0,0.0,0.3510918919565208,0.0,0.0,E13
3.0,0.0,7.0,28.0,0.0,0.0,0.0,0.0,0.2578159997202256,0.0,0.0,0.0,0.0,0.0,0.0,0.0,0.0,0.0,0.0,0.37650544316290596,0.0,0.0,0.0,0.0,0.0,0.0,0.6923551335276573,0.30280470815490756,0.0,0.0,0.0,0.0,0.0,0.0,0.0,0.0,0.0,0.37562851461197616,0.0,0.0,0.0,0.0,0.2821904646944785,0.0,0.0,0.0,0.0,0.0,0.0,0.0,0.0,0.0,0.0,0.0,E7
5.0,0.0,7.0,29.0,0.0,0.22135968273463763,0.27280588538225176,0.0,0.19155498313298006,0.27280588538225176,0.0,0.0,0.0,0.0,0.0,0.0,0.0,0.0,0.0,0.0,0.0,0.0,0.0,0.22135968273463763,0.0,0.20283710310415376,0.7201791451902878,0.0,0.0,0.0,0.0,0.0,0.0,0.0,0.0,0.0,0.0,0.0,0.0,0.0,0.0,0.0,0.20966499272154374,0.0,0.0,0.0,0.0,0.0,0.0,0.19564512803276962,0.27280588538225176,0.0,0.0,0.0,E11
3.0,0.0,7.0,29.0,0.0,0.0,0.0,0.0,0.34939103204185995,0.0,0.0,0.0,0.0,0.0,0.0,0.0,0.0,0.0,0.48840804444937863,0.0,0.0,0.0,0.0,0.0,0.0,0.0,0.37531057018216657,0.0,0.4992621880111665,0.0,0.0,0.0,0.0,0.0,0.0,0.0,0.0,0.0,0.0,0.0,0.0,0.0,0.0,0.0,0.0,0.0,0.0,0.0,0.4992621880111665,0.0,0.0,0.0,0.0,0.0,E6
5.0,0.0,7.0,29.0,0.0,0.23836634715786661,0.29376506859060325,0.0,0.2062718063434884,0.29376506859060325,0.0,0.0,0.0,0.0,0.0,0.0,0.0,0.0,0.0,0.0,0.0,0.0,0.0,0.23836634715786661,0.0,0.2184207112050361,0.6647221778892567,0.0,0.0,0.0,0.0,0.0,0.0,0.0,0.0,0.0,0.0,0.0,0.0,0.0,0.0,0.0,0.22577317524360016,0.0,0.0,0.0,0.0,0.0,0.0,0.21067618968495705,0.29376506859060325,0.0,0.0,0.0,E10
5.0,0.0,7.0,29.0,0.0,0.23836634715786661,0.29376506859060325,0.0,0.2062718063434884,0.29376506859060325,0.0,0.0,0.0,0.0,0.0,0.0,0.0,0.0,0.0,0.0,0.0,0.0,0.0,0.23836634715786661,0.0,0.2184207112050361,0.6647221778892567,0.0,0.0,0.0,0.0,0.0,0.0,0.0,0.0,0.0,0.0,0.0,0.0,0.0,0.0,0.0,0.22577317524360016,0.0,0.0,0.0,0.0,0.0,0.0,0.21067618968495705,0.29376506859060325,0.0,0.0,0.0,E6
3.0,0.0,7.0,29.0,0.0,0.0,0.0,0.0,0.3694506407597979,0.0,0.0,0.0,0.0,0.0,0.0,0.0,0.0,0.0,0.516449045413519,0.0,0.0,0.0,0.0,0.0,0.0,0.0,0.19842914946528173,0.0,0.5279263585842844,0.0,0.0,0.0,0.0,0.0,0.0,0.0,0.0,0.0,0.0,0.0,0.0,0.0,0.0,0.0,0.0,0.0,0.0,0.0,0.5279263585842844,0.0,0.0,0.0,0.0,0.0,E6
3.0,0.0,7.0,29.0,0.0,0.0,0.0,0.0,0.23428947065061007,0.0,0.0,0.0,0.0,0.0,0.0,0.0,0.0,0.0,0.0,0.3421481252964706,0.0,0.0,0.0,0.0,0.0,0.0,0.7550106335330056,0.2751728165091075,0.0,0.0,0.0,0.0,0.0,0.0,0.0,0.0,0.0,0.34135121926186185,0.0,0.0,0.0,0.0,0.2564396882569906,0.0,0.0,0.0,0.0,0.0,0.0,0.0,0.0,0.0,0.0,0.0,E10
3.0,0.0,7.0,30.0,0.0,0.0,0.0,0.0,0.3694506407597979,0.0,0.0,0.0,0.0,0.0,0.0,0.0,0.0,0.0,0.516449045413519,0.0,0.0,0.0,0.0,0.0,0.0,0.0,0.19842914946528173,0.0,0.5279263585842844,0.0,0.0,0.0,0.0,0.0,0.0,0.0,0.0,0.0,0.0,0.0,0.0,0.0,0.0,0.0,0.0,0.0,0.0,0.0,0.5279263585842844,0.0,0.0,0.0,0.0,0.0,E11
3.0,0.0,7.0,30.0,0.0,0.0,0.0,0.0,0.3694506407597979,0.0,0.0,0.0,0.0,0.0,0.0,0.0,0.0,0.0,0.516449045413519,0.0,0.0,0.0,0.0,0.0,0.0,0.0,0.19842914946528173,0.0,0.5279263585842844,0.0,0.0,0.0,0.0,0.0,0.0,0.0,0.0,0.0,0.0,0.0,0.0,0.0,0.0,0.0,0.0,0.0,0.0,0.0,0.5279263585842844,0.0,0.0,0.0,0.0,0.0,E10
3.0,0.0,7.0,30.0,0.0,0.0,0.0,0.0,0.3694506407597979,0.0,0.0,0.0,0.0,0.0,0.0,0.0,0.0,0.0,0.516449045413519,0.0,0.0,0.0,0.0,0.0,0.0,0.0,0.19842914946528173,0.0,0.5279263585842844,0.0,0.0,0.0,0.0,0.0,0.0,0.0,0.0,0.0,0.0,0.0,0.0,0.0,0.0,0.0,0.0,0.0,0.0,0.0,0.5279263585842844,0.0,0.0,0.0,0.0,0.0,E10
3.0,0.0,7.0,31.0,0.0,0.0,0.0,0.0,0.34939103204185995,0.0,0.0,0.0,0.0,0.0,0.0,0.0,0.0,0.0,0.48840804444937863,0.0,0.0,0.0,0.0,0.0,0.0,0.0,0.37531057018216657,0.0,0.4992621880111665,0.0,0.0,0.0,0.0,0.0,0.0,0.0,0.0,0.0,0.0,0.0,0.0,0.0,0.0,0.0,0.0,0.0,0.0,0.0,0.4992621880111665,0.0,0.0,0.0,0.0,0.0,E10
5.0,0.0,7.0,31.0,0.0,0.23836634715786661,0.29376506859060325,0.0,0.2062718063434884,0.29376506859060325,0.0,0.0,0.0,0.0,0.0,0.0,0.0,0.0,0.0,0.0,0.0,0.0,0.0,0.23836634715786661,0.0,0.2184207112050361,0.6647221778892567,0.0,0.0,0.0,0.0,0.0,0.0,0.0,0.0,0.0,0.0,0.0,0.0,0.0,0.0,0.0,0.22577317524360016,0.0,0.0,0.0,0.0,0.0,0.0,0.21067618968495705,0.29376506859060325,0.0,0.0,0.0,E10
5.0,0.0,7.0,32.0,0.0,0.23836634715786661,0.29376506859060325,0.0,0.2062718063434884,0.29376506859060325,0.0,0.0,0.0,0.0,0.0,0.0,0.0,0.0,0.0,0.0,0.0,0.0,0.0,0.23836634715786661,0.0,0.2184207112050361,0.6647221778892567,0.0,0.0,0.0,0.0,0.0,0.0,0.0,0.0,0.0,0.0,0.0,0.0,0.0,0.0,0.0,0.22577317524360016,0.0,0.0,0.0,0.0,0.0,0.0,0.21067618968495705,0.29376506859060325,0.0,0.0,0.0,E6
3.0,0.0,7.0,33.0,0.0,0.0,0.0,0.0,0.23428947065061007,0.0,0.0,0.0,0.0,0.0,0.0,0.0,0.0,0.0,0.0,0.3421481252964706,0.0,0.0,0.0,0.0,0.0,0.0,0.7550106335330056,0.2751728165091075,0.0,0.0,0.0,0.0,0.0,0.0,0.0,0.0,0.0,0.34135121926186185,0.0,0.0,0.0,0.0,0.2564396882569906,0.0,0.0,0.0,0.0,0.0,0.0,0.0,0.0,0.0,0.0,0.0,E6
2.0,0.0,7.0,33.0,0.0,0.0,0.0,0.0,0.1661483052439899,0.0,0.0,0.0,0.0,0.0,0.24207202490079238,0.0,0.0,0.0,0.0,0.0,0.0,0.0,0.0,0.0,0.0,0.0,0.892370001764264,0.0,0.0,0.0,0.0,0.0,0.0,0.0,0.0,0.0,0.0,0.0,0.2426371573701316,0.0,0.0,0.0,0.0,0.24207202490079238,0.0,0.0,0.0,0.0,0.0,0.0,0.0,0.0,0.0,0.0,E11
5.0,0.0,7.0,33.0,0.0,0.23836634715786661,0.29376506859060325,0.0,0.2062718063434884,0.29376506859060325,0.0,0.0,0.0,0.0,0.0,0.0,0.0,0.0,0.0,0.0,0.0,0.0,0.0,0.23836634715786661,0.0,0.2184207112050361,0.6647221778892567,0.0,0.0,0.0,0.0,0.0,0.0,0.0,0.0,0.0,0.0,0.0,0.0,0.0,0.0,0.0,0.22577317524360016,0.0,0.0,0.0,0.0,0.0,0.0,0.21067618968495705,0.29376506859060325,0.0,0.0,0.0,E13
3.0,0.0,7.0,34.0,0.0,0.0,0.0,0.0,0.34939103204185995,0.0,0.0,0.0,0.0,0.0,0.0,0.0,0.0,0.0,0.48840804444937863,0.0,0.0,0.0,0.0,0.0,0.0,0.0,0.37531057018216657,0.0,0.4992621880111665,0.0,0.0,0.0,0.0,0.0,0.0,0.0,0.0,0.0,0.0,0.0,0.0,0.0,0.0,0.0,0.0,0.0,0.0,0.0,0.4992621880111665,0.0,0.0,0.0,0.0,0.0,E6
3.0,0.0,7.0,34.0,0.0,0.0,0.0,0.0,0.23428947065061007,0.0,0.0,0.0,0.0,0.0,0.0,0.0,0.0,0.0,0.0,0.3421481252964706,0.0,0.0,0.0,0.0,0.0,0.0,0.7550106335330056,0.2751728165091075,0.0,0.0,0.0,0.0,0.0,0.0,0.0,0.0,0.0,0.34135121926186185,0.0,0.0,0.0,0.0,0.2564396882569906,0.0,0.0,0.0,0.0,0.0,0.0,0.0,0.0,0.0,0.0,0.0,E10
2.0,0.0,7.0,34.0,0.0,0.0,0.0,0.0,0.15378644268229635,0.0,0.0,0.0,0.0,0.0,0.22406124171850228,0.0,0.0,0.0,0.0,0.0,0.0,0.0,0.0,0.0,0.0,0.0,0.908572908515739,0.0,0.0,0.0,0.0,0.0,0.0,0.0,0.0,0.0,0.0,0.0,0.2245843268741186,0.0,0.0,0.0,0.0,0.22406124171850228,0.0,0.0,0.0,0.0,0.0,0.0,0.0,0.0,0.0,0.0,E11
3.0,0.0,7.0,35.0,0.0,0.0,0.0,0.0,0.2578159997202256,0.0,0.0,0.0,0.0,0.0,0.0,0.0,0.0,0.0,0.0,0.37650544316290596,0.0,0.0,0.0,0.0,0.0,0.0,0.6923551335276573,0.30280470815490756,0.0,0.0,0.0,0.0,0.0,0.0,0.0,0.0,0.0,0.37562851461197616,0.0,0.0,0.0,0.0,0.2821904646944785,0.0,0.0,0.0,0.0,0.0,0.0,0.0,0.0,0.0,0.0,0.0,E13
3.0,0.0,7.0,35.0,0.0,0.0,0.0,0.0,0.2578159997202256,0.0,0.0,0.0,0.0,0.0,0.0,0.0,0.0,0.0,0.0,0.37650544316290596,0.0,0.0,0.0,0.0,0.0,0.0,0.6923551335276573,0.30280470815490756,0.0,0.0,0.0,0.0,0.0,0.0,0.0,0.0,0.0,0.37562851461197616,0.0,0.0,0.0,0.0,0.2821904646944785,0.0,0.0,0.0,0.0,0.0,0.0,0.0,0.0,0.0,0.0,0.0,E11
3.0,0.0,7.0,36.0,0.0,0.0,0.0,0.0,0.23428947065061007,0.0,0.0,0.0,0.0,0.0,0.0,0.0,0.0,0.0,0.0,0.3421481252964706,0.0,0.0,0.0,0.0,0.0,0.0,0.7550106335330056,0.2751728165091075,0.0,0.0,0.0,0.0,0.0,0.0,0.0,0.0,0.0,0.34135121926186185,0.0,0.0,0.0,0.0,0.2564396882569906,0.0,0.0,0.0,0.0,0.0,0.0,0.0,0.0,0.0,0.0,0.0,E11
3.0,0.0,7.0,37.0,0.0,0.0,0.0,0.0,0.23428947065061007,0.0,0.0,0.0,0.0,0.0,0.0,0.0,0.0,0.0,0.0,0.3421481252964706,0.0,0.0,0.0,0.0,0.0,0.0,0.7550106335330056,0.2751728165091075,0.0,0.0,0.0,0.0,0.0,0.0,0.0,0.0,0.0,0.34135121926186185,0.0,0.0,0.0,0.0,0.2564396882569906,0.0,0.0,0.0,0.0,0.0,0.0,0.0,0.0,0.0,0.0,0.0,E11
2.0,0.0,7.0,37.0,0.0,0.0,0.0,0.0,0.1661483052439899,0.0,0.0,0.0,0.0,0.0,0.24207202490079238,0.0,0.0,0.0,0.0,0.0,0.0,0.0,0.0,0.0,0.0,0.0,0.892370001764264,0.0,0.0,0.0,0.0,0.0,0.0,0.0,0.0,0.0,0.0,0.0,0.2426371573701316,0.0,0.0,0.0,0.0,0.24207202490079238,0.0,0.0,0.0,0.0,0.0,0.0,0.0,0.0,0.0,0.0,E11
3.0,0.0,7.0,38.0,0.0,0.0,0.0,0.0,0.3694506407597979,0.0,0.0,0.0,0.0,0.0,0.0,0.0,0.0,0.0,0.516449045413519,0.0,0.0,0.0,0.0,0.0,0.0,0.0,0.19842914946528173,0.0,0.5279263585842844,0.0,0.0,0.0,0.0,0.0,0.0,0.0,0.0,0.0,0.0,0.0,0.0,0.0,0.0,0.0,0.0,0.0,0.0,0.0,0.5279263585842844,0.0,0.0,0.0,0.0,0.0,E13
3.0,0.0,7.0,39.0,0.0,0.0,0.0,0.0,0.23428947065061007,0.0,0.0,0.0,0.0,0.0,0.0,0.0,0.0,0.0,0.0,0.3421481252964706,0.0,0.0,0.0,0.0,0.0,0.0,0.7550106335330056,0.2751728165091075,0.0,0.0,0.0,0.0,0.0,0.0,0.0,0.0,0.0,0.34135121926186185,0.0,0.0,0.0,0.0,0.2564396882569906,0.0,0.0,0.0,0.0,0.0,0.0,0.0,0.0,0.0,0.0,0.0,E10
2.0,0.0,7.0,39.0,0.0,0.0,0.0,0.0,0.1661483052439899,0.0,0.0,0.0,0.0,0.0,0.24207202490079238,0.0,0.0,0.0,0.0,0.0,0.0,0.0,0.0,0.0,0.0,0.0,0.892370001764264,0.0,0.0,0.0,0.0,0.0,0.0,0.0,0.0,0.0,0.0,0.0,0.2426371573701316,0.0,0.0,0.0,0.0,0.24207202490079238,0.0,0.0,0.0,0.0,0.0,0.0,0.0,0.0,0.0,0.0,E11
3.0,0.0,7.0,39.0,0.0,0.0,0.0,0.0,0.2578159997202256,0.0,0.0,0.0,0.0,0.0,0.0,0.0,0.0,0.0,0.0,0.37650544316290596,0.0,0.0,0.0,0.0,0.0,0.0,0.6923551335276573,0.30280470815490756,0.0,0.0,0.0,0.0,0.0,0.0,0.0,0.0,0.0,0.37562851461197616,0.0,0.0,0.0,0.0,0.2821904646944785,0.0,0.0,0.0,0.0,0.0,0.0,0.0,0.0,0.0,0.0,0.0,E13
3.0,0.0,7.0,41.0,0.0,0.0,0.0,0.0,0.2578159997202256,0.0,0.0,0.0,0.0,0.0,0.0,0.0,0.0,0.0,0.0,0.37650544316290596,0.0,0.0,0.0,0.0,0.0,0.0,0.6923551335276573,0.30280470815490756,0.0,0.0,0.0,0.0,0.0,0.0,0.0,0.0,0.0,0.37562851461197616,0.0,0.0,0.0,0.0,0.2821904646944785,0.0,0.0,0.0,0.0,0.0,0.0,0.0,0.0,0.0,0.0,0.0,E11
3.0,0.0,7.0,42.0,0.0,0.0,0.0,0.0,0.34939103204185995,0.0,0.0,0.0,0.0,0.0,0.0,0.0,0.0,0.0,0.48840804444937863,0.0,0.0,0.0,0.0,0.0,0.0,0.0,0.37531057018216657,0.0,0.4992621880111665,0.0,0.0,0.0,0.0,0.0,0.0,0.0,0.0,0.0,0.0,0.0,0.0,0.0,0.0,0.0,0.0,0.0,0.0,0.0,0.4992621880111665,0.0,0.0,0.0,0.0,0.0,E11
3.0,0.0,7.0,43.0,0.0,0.0,0.0,0.0,0.23428947065061007,0.0,0.0,0.0,0.0,0.0,0.0,0.0,0.0,0.0,0.0,0.3421481252964706,0.0,0.0,0.0,0.0,0.0,0.0,0.7550106335330056,0.2751728165091075,0.0,0.0,0.0,0.0,0.0,0.0,0.0,0.0,0.0,0.34135121926186185,0.0,0.0,0.0,0.0,0.2564396882569906,0.0,0.0,0.0,0.0,0.0,0.0,0.0,0.0,0.0,0.0,0.0,E10
2.0,0.0,7.0,44.0,0.0,0.0,0.0,0.0,0.1661483052439899,0.0,0.0,0.0,0.0,0.0,0.24207202490079238,0.0,0.0,0.0,0.0,0.0,0.0,0.0,0.0,0.0,0.0,0.0,0.892370001764264,0.0,0.0,0.0,0.0,0.0,0.0,0.0,0.0,0.0,0.0,0.0,0.2426371573701316,0.0,0.0,0.0,0.0,0.24207202490079238,0.0,0.0,0.0,0.0,0.0,0.0,0.0,0.0,0.0,0.0,E11
3.0,0.0,7.0,44.0,0.0,0.0,0.0,0.0,0.23428947065061007,0.0,0.0,0.0,0.0,0.0,0.0,0.0,0.0,0.0,0.0,0.3421481252964706,0.0,0.0,0.0,0.0,0.0,0.0,0.7550106335330056,0.2751728165091075,0.0,0.0,0.0,0.0,0.0,0.0,0.0,0.0,0.0,0.34135121926186185,0.0,0.0,0.0,0.0,0.2564396882569906,0.0,0.0,0.0,0.0,0.0,0.0,0.0,0.0,0.0,0.0,0.0,E13
2.0,0.0,7.0,44.0,0.0,0.0,0.0,0.0,0.15378644268229635,0.0,0.0,0.0,0.0,0.0,0.22406124171850228,0.0,0.0,0.0,0.0,0.0,0.0,0.0,0.0,0.0,0.0,0.0,0.908572908515739,0.0,0.0,0.0,0.0,0.0,0.0,0.0,0.0,0.0,0.0,0.0,0.2245843268741186,0.0,0.0,0.0,0.0,0.22406124171850228,0.0,0.0,0.0,0.0,0.0,0.0,0.0,0.0,0.0,0.0,E11
5.0,0.0,7.0,45.0,0.3461381999178092,0.0,0.0,0.3461381999178092,0.1799376685680603,0.0,0.0,0.0,0.0,0.0,0.0,0.0,0.0,0.0,0.0,0.0,0.0,0.0,0.0,0.0,0.0,0.19053555712681858,0.19328632619121563,0.0,0.0,0.3461381999178092,0.0,0.5430476643872623,0.0,0.0,0.0,0.0,0.0,0.0,0.0,0.3461381999178092,0.0,0.0,0.0,0.0,0.0,0.0,0.0,0.0,0.0,0.0,0.0,0.3461381999178092,0.0,0.0,E13
5.0,0.0,7.0,45.0,0.3510918919565208,0.0,0.0,0.3510918919565208,0.18251281282102508,0.0,0.0,0.0,0.0,0.0,0.0,0.0,0.0,0.0,0.0,0.0,0.0,0.0,0.0,0.0,0.0,0.19326237107758945,0.0980262536292048,0.0,0.0,0.3510918919565208,0.0,0.5508193893582563,0.0,0.0,0.0,0.0,0.0,0.0,0.0,0.3510918919565208,0.0,0.0,0.0,0.0,0.0,0.0,0.0,0.0,0.0,0.0,0.0,0.3510918919565208,0.0,0.0,E7
3.0,0.0,7.0,46.0,0.0,0.0,0.0,0.0,0.3694506407597979,0.0,0.0,0.0,0.0,0.0,0.0,0.0,0.0,0.0,0.516449045413519,0.0,0.0,0.0,0.0,0.0,0.0,0.0,0.19842914946528173,0.0,0.5279263585842844,0.0,0.0,0.0,0.0,0.0,0.0,0.0,0.0,0.0,0.0,0.0,0.0,0.0,0.0,0.0,0.0,0.0,0.0,0.0,0.5279263585842844,0.0,0.0,0.0,0.0,0.0,E7
3.0,0.0,7.0,49.0,0.0,0.0,0.0,0.0,0.34939103204185995,0.0,0.0,0.0,0.0,0.0,0.0,0.0,0.0,0.0,0.48840804444937863,0.0,0.0,0.0,0.0,0.0,0.0,0.0,0.37531057018216657,0.0,0.4992621880111665,0.0,0.0,0.0,0.0,0.0,0.0,0.0,0.0,0.0,0.0,0.0,0.0,0.0,0.0,0.0,0.0,0.0,0.0,0.0,0.4992621880111665,0.0,0.0,0.0,0.0,0.0,E10
5.0,0.0,7.0,49.0,0.3510918919565208,0.0,0.0,0.3510918919565208,0.18251281282102508,0.0,0.0,0.0,0.0,0.0,0.0,0.0,0.0,0.0,0.0,0.0,0.0,0.0,0.0,0.0,0.0,0.19326237107758945,0.0980262536292048,0.0,0.0,0.3510918919565208,0.0,0.5508193893582563,0.0,0.0,0.0,0.0,0.0,0.0,0.0,0.3510918919565208,0.0,0.0,0.0,0.0,0.0,0.0,0.0,0.0,0.0,0.0,0.0,0.3510918919565208,0.0,0.0,E10
3.0,0.0,7.0,50.0,0.0,0.0,0.0,0.0,0.34939103204185995,0.0,0.0,0.0,0.0,0.0,0.0,0.0,0.0,0.0,0.48840804444937863,0.0,0.0,0.0,0.0,0.0,0.0,0.0,0.37531057018216657,0.0,0.4992621880111665,0.0,0.0,0.0,0.0,0.0,0.0,0.0,0.0,0.0,0.0,0.0,0.0,0.0,0.0,0.0,0.0,0.0,0.0,0.0,0.4992621880111665,0.0,0.0,0.0,0.0,0.0,E7
3.0,0.0,7.0,51.0,0.0,0.0,0.0,0.0,0.3694506407597979,0.0,0.0,0.0,0.0,0.0,0.0,0.0,0.0,0.0,0.516449045413519,0.0,0.0,0.0,0.0,0.0,0.0,0.0,0.19842914946528173,0.0,0.5279263585842844,0.0,0.0,0.0,0.0,0.0,0.0,0.0,0.0,0.0,0.0,0.0,0.0,0.0,0.0,0.0,0.0,0.0,0.0,0.0,0.5279263585842844,0.0,0.0,0.0,0.0,0.0,E10
2.0,0.0,7.0,51.0,0.0,0.0,0.0,0.0,0.15378644268229635,0.0,0.0,0.0,0.0,0.0,0.22406124171850228,0.0,0.0,0.0,0.0,0.0,0.0,0.0,0.0,0.0,0.0,0.0,0.908572908515739,0.0,0.0,0.0,0.0,0.0,0.0,0.0,0.0,0.0,0.0,0.0,0.2245843268741186,0.0,0.0,0.0,0.0,0.22406124171850228,0.0,0.0,0.0,0.0,0.0,0.0,0.0,0.0,0.0,0.0,E10
2.0,0.0,7.0,51.0,0.0,0.0,0.0,0.0,0.15378644268229635,0.0,0.0,0.0,0.0,0.0,0.22406124171850228,0.0,0.0,0.0,0.0,0.0,0.0,0.0,0.0,0.0,0.0,0.0,0.908572908515739,0.0,0.0,0.0,0.0,0.0,0.0,0.0,0.0,0.0,0.0,0.0,0.2245843268741186,0.0,0.0,0.0,0.0,0.22406124171850228,0.0,0.0,0.0,0.0,0.0,0.0,0.0,0.0,0.0,0.0,E13
5.0,0.0,7.0,51.0,0.3461381999178092,0.0,0.0,0.3461381999178092,0.1799376685680603,0.0,0.0,0.0,0.0,0.0,0.0,0.0,0.0,0.0,0.0,0.0,0.0,0.0,0.0,0.0,0.0,0.19053555712681858,0.19328632619121563,0.0,0.0,0.3461381999178092,0.0,0.5430476643872623,0.0,0.0,0.0,0.0,0.0,0.0,0.0,0.3461381999178092,0.0,0.0,0.0,0.0,0.0,0.0,0.0,0.0,0.0,0.0,0.0,0.3461381999178092,0.0,0.0,E13
5.0,0.0,7.0,52.0,0.0,0.22135968273463763,0.27280588538225176,0.0,0.19155498313298006,0.27280588538225176,0.0,0.0,0.0,0.0,0.0,0.0,0.0,0.0,0.0,0.0,0.0,0.0,0.0,0.22135968273463763,0.0,0.20283710310415376,0.7201791451902878,0.0,0.0,0.0,0.0,0.0,0.0,0.0,0.0,0.0,0.0,0.0,0.0,0.0,0.0,0.0,0.20966499272154374,0.0,0.0,0.0,0.0,0.0,0.0,0.19564512803276962,0.27280588538225176,0.0,0.0,0.0,E7
2.0,0.0,7.0,53.0,0.0,0.0,0.0,0.0,0.1661483052439899,0.0,0.0,0.0,0.0,0.0,0.24207202490079238,0.0,0.0,0.0,0.0,0.0,0.0,0.0,0.0,0.0,0.0,0.0,0.892370001764264,0.0,0.0,0.0,0.0,0.0,0.0,0.0,0.0,0.0,0.0,0.0,0.2426371573701316,0.0,0.0,0.0,0.0,0.24207202490079238,0.0,0.0,0.0,0.0,0.0,0.0,0.0,0.0,0.0,0.0,E6
5.0,0.0,7.0,53.0,0.0,0.23836634715786661,0.29376506859060325,0.0,0.2062718063434884,0.29376506859060325,0.0,0.0,0.0,0.0,0.0,0.0,0.0,0.0,0.0,0.0,0.0,0.0,0.0,0.23836634715786661,0.0,0.2184207112050361,0.6647221778892567,0.0,0.0,0.0,0.0,0.0,0.0,0.0,0.0,0.0,0.0,0.0,0.0,0.0,0.0,0.0,0.22577317524360016,0.0,0.0,0.0,0.0,0.0,0.0,0.21067618968495705,0.29376506859060325,0.0,0.0,0.0,E13
3.0,0.0,7.0,54.0,0.0,0.0,0.0,0.0,0.2578159997202256,0.0,0.0,0.0,0.0,0.0,0.0,0.0,0.0,0.0,0.0,0.37650544316290596,0.0,0.0,0.0,0.0,0.0,0.0,0.6923551335276573,0.30280470815490756,0.0,0.0,0.0,0.0,0.0,0.0,0.0,0.0,0.0,0.37562851461197616,0.0,0.0,0.0,0.0,0.2821904646944785,0.0,0.0,0.0,0.0,0.0,0.0,0.0,0.0,0.0,0.0,0.0,E6
3.0,0.0,7.0,55.0,0.0,0.0,0.0,0.0,0.3694506407597979,0.0,0.0,0.0,0.0,0.0,0.0,0.0,0.0,0.0,0.516449045413519,0.0,0.0,0.0,0.0,0.0,0.0,0.0,0.19842914946528173,0.0,0.5279263585842844,0.0,0.0,0.0,0.0,0.0,0.0,0.0,0.0,0.0,0.0,0.0,0.0,0.0,0.0,0.0,0.0,0.0,0.0,0.0,0.5279263585842844,0.0,0.0,0.0,0.0,0.0,E11
5.0,0.0,7.0,56.0,0.0,0.26193916470232276,0.0,0.0,0.22667069114193747,0.0,0.0,0.0,0.35845965475525166,0.0,0.0,0.0,0.0,0.0,0.0,0.0,0.0,0.0,0.3609506417434961,0.26193916470232276,0.0,0.24002104042330735,0.6087155832170444,0.26622456539930955,0.0,0.0,0.0,0.0,0.0,0.0,0.0,0.0,0.0,0.0,0.0,0.0,0.0,0.0,0.0,0.0,0.0,0.0,0.0,0.0,0.0,0.2315106381699005,0.0,0.0,0.0,0.0,E10
5.0,0.0,7.0,56.0,0.0,0.2428868481176099,0.0,0.0,0.21018365006497722,0.0,0.0,0.0,0.33238685715354443,0.0,0.0,0.0,0.0,0.0,0.0,0.0,0.0,0.0,0.33469666057283937,0.2428868481176099,0.0,0.22256295295351686,0.6773283082383573,0.2468605473900918,0.0,0.0,0.0,0.0,0.0,0.0,0.0,0.0,0.0,0.0,0.0,0.0,0.0,0.0,0.0,0.0,0.0,0.0,0.0,0.0,0.0,0.21467156037809929,0.0,0.0,0.0,0.0,E8
5.0,0.0,7.0,56.0,0.0,0.2428868481176099,0.0,0.0,0.21018365006497722,0.0,0.0,0.0,0.33238685715354443,0.0,0.0,0.0,0.0,0.0,0.0,0.0,0.0,0.0,0.33469666057283937,0.2428868481176099,0.0,0.22256295295351686,0.6773283082383573,0.2468605473900918,0.0,0.0,0.0,0.0,0.0,0.0,0.0,0.0,0.0,0.0,0.0,0.0,0.0,0.0,0.0,0.0,0.0,0.0,0.0,0.0,0.0,0.21467156037809929,0.0,0.0,0.0,0.0,E8
5.0,0.0,7.0,56.0,0.0,0.26193916470232276,0.0,0.0,0.22667069114193747,0.0,0.0,0.0,0.35845965475525166,0.0,0.0,0.0,0.0,0.0,0.0,0.0,0.0,0.0,0.3609506417434961,0.26193916470232276,0.0,0.24002104042330735,0.6087155832170444,0.26622456539930955,0.0,0.0,0.0,0.0,0.0,0.0,0.0,0.0,0.0,0.0,0.0,0.0,0.0,0.0,0.0,0.0,0.0,0.0,0.0,0.0,0.0,0.2315106381699005,0.0,0.0,0.0,0.0,E8
5.0,0.0,7.0,56.0,0.0,0.26193916470232276,0.0,0.0,0.22667069114193747,0.0,0.0,0.0,0.35845965475525166,0.0,0.0,0.0,0.0,0.0,0.0,0.0,0.0,0.0,0.3609506417434961,0.26193916470232276,0.0,0.24002104042330735,0.6087155832170444,0.26622456539930955,0.0,0.0,0.0,0.0,0.0,0.0,0.0,0.0,0.0,0.0,0.0,0.0,0.0,0.0,0.0,0.0,0.0,0.0,0.0,0.0,0.0,0.2315106381699005,0.0,0.0,0.0,0.0,E8
5.0,0.0,7.0,56.0,0.0,0.2428868481176099,0.0,0.0,0.21018365006497722,0.0,0.0,0.0,0.33238685715354443,0.0,0.0,0.0,0.0,0.0,0.0,0.0,0.0,0.0,0.33469666057283937,0.2428868481176099,0.0,0.22256295295351686,0.6773283082383573,0.2468605473900918,0.0,0.0,0.0,0.0,0.0,0.0,0.0,0.0,0.0,0.0,0.0,0.0,0.0,0.0,0.0,0.0,0.0,0.0,0.0,0.0,0.0,0.21467156037809929,0.0,0.0,0.0,0.0,E8
5.0,0.0,7.0,56.0,0.0,0.2428868481176099,0.0,0.0,0.21018365006497722,0.0,0.0,0.0,0.33238685715354443,0.0,0.0,0.0,0.0,0.0,0.0,0.0,0.0,0.0,0.33469666057283937,0.2428868481176099,0.0,0.22256295295351686,0.6773283082383573,0.2468605473900918,0.0,0.0,0.0,0.0,0.0,0.0,0.0,0.0,0.0,0.0,0.0,0.0,0.0,0.0,0.0,0.0,0.0,0.0,0.0,0.0,0.0,0.21467156037809929,0.0,0.0,0.0,0.0,E8
5.0,0.0,7.0,56.0,0.0,0.26193916470232276,0.0,0.0,0.22667069114193747,0.0,0.0,0.0,0.35845965475525166,0.0,0.0,0.0,0.0,0.0,0.0,0.0,0.0,0.0,0.3609506417434961,0.26193916470232276,0.0,0.24002104042330735,0.6087155832170444,0.26622456539930955,0.0,0.0,0.0,0.0,0.0,0.0,0.0,0.0,0.0,0.0,0.0,0.0,0.0,0.0,0.0,0.0,0.0,0.0,0.0,0.0,0.0,0.2315106381699005,0.0,0.0,0.0,0.0,E8
5.0,0.0,7.0,56.0,0.0,0.26193916470232276,0.0,0.0,0.22667069114193747,0.0,0.0,0.0,0.35845965475525166,0.0,0.0,0.0,0.0,0.0,0.0,0.0,0.0,0.0,0.3609506417434961,0.26193916470232276,0.0,0.24002104042330735,0.6087155832170444,0.26622456539930955,0.0,0.0,0.0,0.0,0.0,0.0,0.0,0.0,0.0,0.0,0.0,0.0,0.0,0.0,0.0,0.0,0.0,0.0,0.0,0.0,0.0,0.2315106381699005,0.0,0.0,0.0,0.0,E8
5.0,0.0,7.0,56.0,0.0,0.26193916470232276,0.0,0.0,0.22667069114193747,0.0,0.0,0.0,0.35845965475525166,0.0,0.0,0.0,0.0,0.0,0.0,0.0,0.0,0.0,0.3609506417434961,0.26193916470232276,0.0,0.24002104042330735,0.6087155832170444,0.26622456539930955,0.0,0.0,0.0,0.0,0.0,0.0,0.0,0.0,0.0,0.0,0.0,0.0,0.0,0.0,0.0,0.0,0.0,0.0,0.0,0.0,0.0,0.2315106381699005,0.0,0.0,0.0,0.0,E8
5.0,0.0,7.0,56.0,0.0,0.26193916470232276,0.0,0.0,0.22667069114193747,0.0,0.0,0.0,0.35845965475525166,0.0,0.0,0.0,0.0,0.0,0.0,0.0,0.0,0.0,0.3609506417434961,0.26193916470232276,0.0,0.24002104042330735,0.6087155832170444,0.26622456539930955,0.0,0.0,0.0,0.0,0.0,0.0,0.0,0.0,0.0,0.0,0.0,0.0,0.0,0.0,0.0,0.0,0.0,0.0,0.0,0.0,0.0,0.2315106381699005,0.0,0.0,0.0,0.0,E8
5.0,0.0,7.0,56.0,0.0,0.2428868481176099,0.0,0.0,0.21018365006497722,0.0,0.0,0.0,0.33238685715354443,0.0,0.0,0.0,0.0,0.0,0.0,0.0,0.0,0.0,0.33469666057283937,0.2428868481176099,0.0,0.22256295295351686,0.6773283082383573,0.2468605473900918,0.0,0.0,0.0,0.0,0.0,0.0,0.0,0.0,0.0,0.0,0.0,0.0,0.0,0.0,0.0,0.0,0.0,0.0,0.0,0.0,0.0,0.21467156037809929,0.0,0.0,0.0,0.0,E8
5.0,0.0,7.0,56.0,0.0,0.2428868481176099,0.0,0.0,0.21018365006497722,0.0,0.0,0.0,0.33238685715354443,0.0,0.0,0.0,0.0,0.0,0.0,0.0,0.0,0.0,0.33469666057283937,0.2428868481176099,0.0,0.22256295295351686,0.6773283082383573,0.2468605473900918,0.0,0.0,0.0,0.0,0.0,0.0,0.0,0.0,0.0,0.0,0.0,0.0,0.0,0.0,0.0,0.0,0.0,0.0,0.0,0.0,0.0,0.21467156037809929,0.0,0.0,0.0,0.0,E8
2.0,0.0,7.0,56.0,0.0,0.0,0.0,0.0,0.1661483052439899,0.0,0.0,0.0,0.0,0.0,0.24207202490079238,0.0,0.0,0.0,0.0,0.0,0.0,0.0,0.0,0.0,0.0,0.0,0.892370001764264,0.0,0.0,0.0,0.0,0.0,0.0,0.0,0.0,0.0,0.0,0.0,0.2426371573701316,0.0,0.0,0.0,0.0,0.24207202490079238,0.0,0.0,0.0,0.0,0.0,0.0,0.0,0.0,0.0,0.0,E8
4.0,0.0,7.0,57.0,0.0,0.0,0.0,0.0,0.3509974905653215,0.0,0.3539170123906868,0.3539170123906868,0.0,0.3539170123906868,0.0,0.3539170123906868,0.0,0.3539170123906868,0.0,0.0,0.0,0.3539170123906868,0.0,0.0,0.3539170123906868,0.0,0.0,0.0,0.0,0.0,0.0,0.0,0.0,0.0,0.0,0.0,0.0,0.0,0.0,0.0,0.0,0.0,0.0,0.0,0.0,0.0,0.0,0.0,0.0,0.0,0.0,0.0,0.0,0.0,E13
3.0,0.0,7.0,57.0,0.0,0.0,0.0,0.0,0.3694506407597979,0.0,0.0,0.0,0.0,0.0,0.0,0.0,0.0,0.0,0.516449045413519,0.0,0.0,0.0,0.0,0.0,0.0,0.0,0.19842914946528173,0.0,0.5279263585842844,0.0,0.0,0.0,0.0,0.0,0.0,0.0,0.0,0.0,0.0,0.0,0.0,0.0,0.0,0.0,0.0,0.0,0.0,0.0,0.5279263585842844,0.0,0.0,0.0,0.0,0.0,E9
4.0,0.0,7.0,57.0,0.0,0.0,0.0,0.0,0.2753858782225747,0.0,0.27767647887779107,0.27767647887779107,0.0,0.27767647887779107,0.0,0.27767647887779107,0.0,0.27767647887779107,0.0,0.0,0.0,0.27767647887779107,0.0,0.0,0.27767647887779107,0.0,0.19721023437420568,0.0,0.0,0.0,0.0,0.0,0.0,0.0,0.0,0.0,0.0,0.0,0.0,0.0,0.0,0.0,0.0,0.0,0.5878274858152464,0.0,0.0,0.0,0.0,0.0,0.0,0.0,0.0,0.0,E10
2.0,0.0,7.0,57.0,0.0,0.0,0.0,0.0,0.1661483052439899,0.0,0.0,0.0,0.0,0.0,0.24207202490079238,0.0,0.0,0.0,0.0,0.0,0.0,0.0,0.0,0.0,0.0,0.0,0.892370001764264,0.0,0.0,0.0,0.0,0.0,0.0,0.0,0.0,0.0,0.0,0.0,0.2426371573701316,0.0,0.0,0.0,0.0,0.24207202490079238,0.0,0.0,0.0,0.0,0.0,0.0,0.0,0.0,0.0,0.0,E9
4.0,0.0,7.0,57.0,0.0,0.0,0.0,0.0,0.34040857727446816,0.0,0.34324002279077004,0.34324002279077004,0.0,0.34324002279077004,0.0,0.34324002279077004,0.0,0.34324002279077004,0.0,0.0,0.0,0.34324002279077004,0.0,0.0,0.34324002279077004,0.0,0.24377450194824343,0.0,0.0,0.0,0.0,0.0,0.0,0.0,0.0,0.0,0.0,0.0,0.0,0.0,0.0,0.0,0.0,0.0,0.0,0.0,0.0,0.0,0.0,0.0,0.0,0.0,0.0,0.0,E13
4.0,0.0,7.0,57.0,0.0,0.0,0.0,0.0,0.34040857727446816,0.0,0.34324002279077004,0.34324002279077004,0.0,0.34324002279077004,0.0,0.34324002279077004,0.0,0.34324002279077004,0.0,0.0,0.0,0.34324002279077004,0.0,0.0,0.34324002279077004,0.0,0.24377450194824343,0.0,0.0,0.0,0.0,0.0,0.0,0.0,0.0,0.0,0.0,0.0,0.0,0.0,0.0,0.0,0.0,0.0,0.0,0.0,0.0,0.0,0.0,0.0,0.0,0.0,0.0,0.0,E9
4.0,0.0,7.0,58.0,0.0,0.0,0.0,0.0,0.34040857727446816,0.0,0.34324002279077004,0.34324002279077004,0.0,0.34324002279077004,0.0,0.34324002279077004,0.0,0.34324002279077004,0.0,0.0,0.0,0.34324002279077004,0.0,0.0,0.34324002279077004,0.0,0.24377450194824343,0.0,0.0,0.0,0.0,0.0,0.0,0.0,0.0,0.0,0.0,0.0,0.0,0.0,0.0,0.0,0.0,0.0,0.0,0.0,0.0,0.0,0.0,0.0,0.0,0.0,0.0,0.0,E9
3.0,0.0,7.0,58.0,0.0,0.0,0.0,0.0,0.34939103204185995,0.0,0.0,0.0,0.0,0.0,0.0,0.0,0.0,0.0,0.48840804444937863,0.0,0.0,0.0,0.0,0.0,0.0,0.0,0.37531057018216657,0.0,0.4992621880111665,0.0,0.0,0.0,0.0,0.0,0.0,0.0,0.0,0.0,0.0,0.0,0.0,0.0,0.0,0.0,0.0,0.0,0.0,0.0,0.4992621880111665,0.0,0.0,0.0,0.0,0.0,E9
4.0,0.0,7.0,58.0,0.0,0.0,0.0,0.0,0.34040857727446816,0.0,0.34324002279077004,0.34324002279077004,0.0,0.34324002279077004,0.0,0.34324002279077004,0.0,0.34324002279077004,0.0,0.0,0.0,0.34324002279077004,0.0,0.0,0.34324002279077004,0.0,0.24377450194824343,0.0,0.0,0.0,0.0,0.0,0.0,0.0,0.0,0.0,0.0,0.0,0.0,0.0,0.0,0.0,0.0,0.0,0.0,0.0,0.0,0.0,0.0,0.0,0.0,0.0,0.0,0.0,E10
4.0,0.0,7.0,58.0,0.0,0.0,0.0,0.0,0.34040857727446816,0.0,0.34324002279077004,0.34324002279077004,0.0,0.34324002279077004,0.0,0.34324002279077004,0.0,0.34324002279077004,0.0,0.0,0.0,0.34324002279077004,0.0,0.0,0.34324002279077004,0.0,0.24377450194824343,0.0,0.0,0.0,0.0,0.0,0.0,0.0,0.0,0.0,0.0,0.0,0.0,0.0,0.0,0.0,0.0,0.0,0.0,0.0,0.0,0.0,0.0,0.0,0.0,0.0,0.0,0.0,E9
4.0,0.0,7.0,58.0,0.0,0.0,0.0,0.0,0.34040857727446816,0.0,0.34324002279077004,0.34324002279077004,0.0,0.34324002279077004,0.0,0.34324002279077004,0.0,0.34324002279077004,0.0,0.0,0.0,0.34324002279077004,0.0,0.0,0.34324002279077004,0.0,0.24377450194824343,0.0,0.0,0.0,0.0,0.0,0.0,0.0,0.0,0.0,0.0,0.0,0.0,0.0,0.0,0.0,0.0,0.0,0.0,0.0,0.0,0.0,0.0,0.0,0.0,0.0,0.0,0.0,E9
4.0,0.0,7.0,58.0,0.0,0.0,0.0,0.0,0.2753858782225747,0.0,0.27767647887779107,0.27767647887779107,0.0,0.27767647887779107,0.0,0.27767647887779107,0.0,0.27767647887779107,0.0,0.0,0.0,0.27767647887779107,0.0,0.0,0.27767647887779107,0.0,0.19721023437420568,0.0,0.0,0.0,0.0,0.0,0.0,0.0,0.0,0.0,0.0,0.0,0.0,0.0,0.0,0.0,0.0,0.0,0.0,0.0,0.5878274858152464,0.0,0.0,0.0,0.0,0.0,0.0,0.0,E9
4.0,0.0,7.0,58.0,0.0,0.0,0.0,0.0,0.34040857727446816,0.0,0.34324002279077004,0.34324002279077004,0.0,0.34324002279077004,0.0,0.34324002279077004,0.0,0.34324002279077004,0.0,0.0,0.0,0.34324002279077004,0.0,0.0,0.34324002279077004,0.0,0.24377450194824343,0.0,0.0,0.0,0.0,0.0,0.0,0.0,0.0,0.0,0.0,0.0,0.0,0.0,0.0,0.0,0.0,0.0,0.0,0.0,0.0,0.0,0.0,0.0,0.0,0.0,0.0,0.0,E9
4.0,0.0,7.0,58.0,0.0,0.0,0.0,0.0,0.34040857727446816,0.0,0.34324002279077004,0.34324002279077004,0.0,0.34324002279077004,0.0,0.34324002279077004,0.0,0.34324002279077004,0.0,0.0,0.0,0.34324002279077004,0.0,0.0,0.34324002279077004,0.0,0.24377450194824343,0.0,0.0,0.0,0.0,0.0,0.0,0.0,0.0,0.0,0.0,0.0,0.0,0.0,0.0,0.0,0.0,0.0,0.0,0.0,0.0,0.0,0.0,0.0,0.0,0.0,0.0,0.0,E9
4.0,0.0,7.0,58.0,0.0,0.0,0.0,0.0,0.2854454018730039,0.0,0.2878196754878271,0.2878196754878271,0.0,0.2878196754878271,0.0,0.2878196754878271,0.0,0.2878196754878271,0.0,0.0,0.0,0.2878196754878271,0.0,0.0,0.2878196754878271,0.0,0.0,0.0,0.0,0.0,0.0,0.0,0.0,0.0,0.0,0.0,0.0,0.0,0.0,0.0,0.0,0.0,0.0,0.0,0.0,0.5819276272562872,0.0,0.0,0.0,0.0,0.0,0.0,0.0,0.0,E9
4.0,0.0,7.0,59.0,0.0,0.0,0.0,0.0,0.34040857727446816,0.0,0.34324002279077004,0.34324002279077004,0.0,0.34324002279077004,0.0,0.34324002279077004,0.0,0.34324002279077004,0.0,0.0,0.0,0.34324002279077004,0.0,0.0,0.34324002279077004,0.0,0.24377450194824343,0.0,0.0,0.0,0.0,0.0,0.0,0.0,0.0,0.0,0.0,0.0,0.0,0.0,0.0,0.0,0.0,0.0,0.0,0.0,0.0,0.0,0.0,0.0,0.0,0.0,0.0,0.0,E9
4.0,0.0,7.0,59.0,0.0,0.0,0.0,0.0,0.3509974905653215,0.0,0.3539170123906868,0.3539170123906868,0.0,0.3539170123906868,0.0,0.3539170123906868,0.0,0.3539170123906868,0.0,0.0,0.0,0.3539170123906868,0.0,0.0,0.3539170123906868,0.0,0.0,0.0,0.0,0.0,0.0,0.0,0.0,0.0,0.0,0.0,0.0,0.0,0.0,0.0,0.0,0.0,0.0,0.0,0.0,0.0,0.0,0.0,0.0,0.0,0.0,0.0,0.0,0.0,E9
4.0,0.0,7.0,59.0,0.0,0.0,0.0,0.0,0.34040857727446816,0.0,0.34324002279077004,0.34324002279077004,0.0,0.34324002279077004,0.0,0.34324002279077004,0.0,0.34324002279077004,0.0,0.0,0.0,0.34324002279077004,0.0,0.0,0.34324002279077004,0.0,0.24377450194824343,0.0,0.0,0.0,0.0,0.0,0.0,0.0,0.0,0.0,0.0,0.0,0.0,0.0,0.0,0.0,0.0,0.0,0.0,0.0,0.0,0.0,0.0,0.0,0.0,0.0,0.0,0.0,E9
4.0,0.0,7.0,59.0,0.0,0.0,0.0,0.0,0.3509974905653215,0.0,0.3539170123906868,0.3539170123906868,0.0,0.3539170123906868,0.0,0.3539170123906868,0.0,0.3539170123906868,0.0,0.0,0.0,0.3539170123906868,0.0,0.0,0.3539170123906868,0.0,0.0,0.0,0.0,0.0,0.0,0.0,0.0,0.0,0.0,0.0,0.0,0.0,0.0,0.0,0.0,0.0,0.0,0.0,0.0,0.0,0.0,0.0,0.0,0.0,0.0,0.0,0.0,0.0,E9
4.0,0.0,7.0,59.0,0.0,0.0,0.0,0.0,0.34040857727446816,0.0,0.34324002279077004,0.34324002279077004,0.0,0.34324002279077004,0.0,0.34324002279077004,0.0,0.34324002279077004,0.0,0.0,0.0,0.34324002279077004,0.0,0.0,0.34324002279077004,0.0,0.24377450194824343,0.0,0.0,0.0,0.0,0.0,0.0,0.0,0.0,0.0,0.0,0.0,0.0,0.0,0.0,0.0,0.0,0.0,0.0,0.0,0.0,0.0,0.0,0.0,0.0,0.0,0.0,0.0,E9
4.0,0.0,7.0,59.0,0.0,0.0,0.0,0.0,0.3509974905653215,0.0,0.3539170123906868,0.3539170123906868,0.0,0.3539170123906868,0.0,0.3539170123906868,0.0,0.3539170123906868,0.0,0.0,0.0,0.3539170123906868,0.0,0.0,0.3539170123906868,0.0,0.0,0.0,0.0,0.0,0.0,0.0,0.0,0.0,0.0,0.0,0.0,0.0,0.0,0.0,0.0,0.0,0.0,0.0,0.0,0.0,0.0,0.0,0.0,0.0,0.0,0.0,0.0,0.0,E9
4.0,0.0,7.0,59.0,0.0,0.0,0.0,0.0,0.3509974905653215,0.0,0.3539170123906868,0.3539170123906868,0.0,0.3539170123906868,0.0,0.3539170123906868,0.0,0.3539170123906868,0.0,0.0,0.0,0.3539170123906868,0.0,0.0,0.3539170123906868,0.0,0.0,0.0,0.0,0.0,0.0,0.0,0.0,0.0,0.0,0.0,0.0,0.0,0.0,0.0,0.0,0.0,0.0,0.0,0.0,0.0,0.0,0.0,0.0,0.0,0.0,0.0,0.0,0.0,E9
4.0,0.0,7.0,59.0,0.0,0.0,0.0,0.0,0.3509974905653215,0.0,0.3539170123906868,0.3539170123906868,0.0,0.3539170123906868,0.0,0.3539170123906868,0.0,0.3539170123906868,0.0,0.0,0.0,0.3539170123906868,0.0,0.0,0.3539170123906868,0.0,0.0,0.0,0.0,0.0,0.0,0.0,0.0,0.0,0.0,0.0,0.0,0.0,0.0,0.0,0.0,0.0,0.0,0.0,0.0,0.0,0.0,0.0,0.0,0.0,0.0,0.0,0.0,0.0,E9
4.0,0.0,7.0,59.0,0.0,0.0,0.0,0.0,0.3509974905653215,0.0,0.3539170123906868,0.3539170123906868,0.0,0.3539170123906868,0.0,0.3539170123906868,0.0,0.3539170123906868,0.0,0.0,0.0,0.3539170123906868,0.0,0.0,0.3539170123906868,0.0,0.0,0.0,0.0,0.0,0.0,0.0,0.0,0.0,0.0,0.0,0.0,0.0,0.0,0.0,0.0,0.0,0.0,0.0,0.0,0.0,0.0,0.0,0.0,0.0,0.0,0.0,0.0,0.0,E9
4.0,0.0,7.0,59.0,0.0,0.0,0.0,0.0,0.3509974905653215,0.0,0.3539170123906868,0.3539170123906868,0.0,0.3539170123906868,0.0,0.3539170123906868,0.0,0.3539170123906868,0.0,0.0,0.0,0.3539170123906868,0.0,0.0,0.3539170123906868,0.0,0.0,0.0,0.0,0.0,0.0,0.0,0.0,0.0,0.0,0.0,0.0,0.0,0.0,0.0,0.0,0.0,0.0,0.0,0.0,0.0,0.0,0.0,0.0,0.0,0.0,0.0,0.0,0.0,E9
5.0,0.0,7.0,59.0,0.0,0.22135968273463763,0.27280588538225176,0.0,0.19155498313298006,0.27280588538225176,0.0,0.0,0.0,0.0,0.0,0.0,0.0,0.0,0.0,0.0,0.0,0.0,0.0,0.22135968273463763,0.0,0.20283710310415376,0.7201791451902878,0.0,0.0,0.0,0.0,0.0,0.0,0.0,0.0,0.0,0.0,0.0,0.0,0.0,0.0,0.0,0.20966499272154374,0.0,0.0,0.0,0.0,0.0,0.0,0.19564512803276962,0.27280588538225176,0.0,0.0,0.0,E9
4.0,0.0,7.0,59.0,0.0,0.0,0.0,0.0,0.3509974905653215,0.0,0.3539170123906868,0.3539170123906868,0.0,0.3539170123906868,0.0,0.3539170123906868,0.0,0.3539170123906868,0.0,0.0,0.0,0.3539170123906868,0.0,0.0,0.3539170123906868,0.0,0.0,0.0,0.0,0.0,0.0,0.0,0.0,0.0,0.0,0.0,0.0,0.0,0.0,0.0,0.0,0.0,0.0,0.0,0.0,0.0,0.0,0.0,0.0,0.0,0.0,0.0,0.0,0.0,E6
4.0,0.0,8.0,0.0,0.0,0.0,0.0,0.0,0.3509974905653215,0.0,0.3539170123906868,0.3539170123906868,0.0,0.3539170123906868,0.0,0.3539170123906868,0.0,0.3539170123906868,0.0,0.0,0.0,0.3539170123906868,0.0,0.0,0.3539170123906868,0.0,0.0,0.0,0.0,0.0,0.0,0.0,0.0,0.0,0.0,0.0,0.0,0.0,0.0,0.0,0.0,0.0,0.0,0.0,0.0,0.0,0.0,0.0,0.0,0.0,0.0,0.0,0.0,0.0,E9
2.0,0.0,8.0,0.0,0.0,0.0,0.0,0.0,0.15378644268229635,0.0,0.0,0.0,0.0,0.0,0.22406124171850228,0.0,0.0,0.0,0.0,0.0,0.0,0.0,0.0,0.0,0.0,0.0,0.908572908515739,0.0,0.0,0.0,0.0,0.0,0.0,0.0,0.0,0.0,0.0,0.0,0.2245843268741186,0.0,0.0,0.0,0.0,0.22406124171850228,0.0,0.0,0.0,0.0,0.0,0.0,0.0,0.0,0.0,0.0,E9
2.0,0.0,8.0,1.0,0.0,0.0,0.0,0.0,0.15378644268229635,0.0,0.0,0.0,0.0,0.0,0.22406124171850228,0.0,0.0,0.0,0.0,0.0,0.0,0.0,0.0,0.0,0.0,0.0,0.908572908515739,0.0,0.0,0.0,0.0,0.0,0.0,0.0,0.0,0.0,0.0,0.0,0.2245843268741186,0.0,0.0,0.0,0.0,0.22406124171850228,0.0,0.0,0.0,0.0,0.0,0.0,0.0,0.0,0.0,0.0,E13
3.0,0.0,8.0,1.0,0.0,0.0,0.0,0.0,0.23428947065061007,0.0,0.0,0.0,0.0,0.0,0.0,0.0,0.0,0.0,0.0,0.3421481252964706,0.0,0.0,0.0,0.0,0.0,0.0,0.7550106335330056,0.2751728165091075,0.0,0.0,0.0,0.0,0.0,0.0,0.0,0.0,0.0,0.34135121926186185,0.0,0.0,0.0,0.0,0.2564396882569906,0.0,0.0,0.0,0.0,0.0,0.0,0.0,0.0,0.0,0.0,0.0,E13
4.0,0.0,8.0,1.0,0.0,0.0,0.0,0.0,0.3509974905653215,0.0,0.3539170123906868,0.3539170123906868,0.0,0.3539170123906868,0.0,0.3539170123906868,0.0,0.3539170123906868,0.0,0.0,0.0,0.3539170123906868,0.0,0.0,0.3539170123906868,0.0,0.0,0.0,0.0,0.0,0.0,0.0,0.0,0.0,0.0,0.0,0.0,0.0,0.0,0.0,0.0,0.0,0.0,0.0,0.0,0.0,0.0,0.0,0.0,0.0,0.0,0.0,0.0,0.0,E11
5.0,0.0,8.0,2.0,0.0,0.22135968273463763,0.27280588538225176,0.0,0.19155498313298006,0.27280588538225176,0.0,0.0,0.0,0.0,0.0,0.0,0.0,0.0,0.0,0.0,0.0,0.0,0.0,0.22135968273463763,0.0,0.20283710310415376,0.7201791451902878,0.0,0.0,0.0,0.0,0.0,0.0,0.0,0.0,0.0,0.0,0.0,0.0,0.0,0.0,0.0,0.20966499272154374,0.0,0.0,0.0,0.0,0.0,0.0,0.19564512803276962,0.27280588538225176,0.0,0.0,0.0,E9
5.0,0.0,8.0,3.0,0.0,0.22135968273463763,0.27280588538225176,0.0,0.19155498313298006,0.27280588538225176,0.0,0.0,0.0,0.0,0.0,0.0,0.0,0.0,0.0,0.0,0.0,0.0,0.0,0.22135968273463763,0.0,0.20283710310415376,0.7201791451902878,0.0,0.0,0.0,0.0,0.0,0.0,0.0,0.0,0.0,0.0,0.0,0.0,0.0,0.0,0.0,0.20966499272154374,0.0,0.0,0.0,0.0,0.0,0.0,0.19564512803276962,0.27280588538225176,0.0,0.0,0.0,E6
5.0,0.0,8.0,3.0,0.0,0.22135968273463763,0.27280588538225176,0.0,0.19155498313298006,0.27280588538225176,0.0,0.0,0.0,0.0,0.0,0.0,0.0,0.0,0.0,0.0,0.0,0.0,0.0,0.22135968273463763,0.0,0.20283710310415376,0.7201791451902878,0.0,0.0,0.0,0.0,0.0,0.0,0.0,0.0,0.0,0.0,0.0,0.0,0.0,0.0,0.0,0.20966499272154374,0.0,0.0,0.0,0.0,0.0,0.0,0.19564512803276962,0.27280588538225176,0.0,0.0,0.0,E6
2.0,0.0,8.0,5.0,0.0,0.0,0.0,0.0,0.1661483052439899,0.0,0.0,0.0,0.0,0.0,0.24207202490079238,0.0,0.0,0.0,0.0,0.0,0.0,0.0,0.0,0.0,0.0,0.0,0.892370001764264,0.0,0.0,0.0,0.0,0.0,0.0,0.0,0.0,0.0,0.0,0.0,0.2426371573701316,0.0,0.0,0.0,0.0,0.24207202490079238,0.0,0.0,0.0,0.0,0.0,0.0,0.0,0.0,0.0,0.0,E6
3.0,0.0,8.0,5.0,0.0,0.0,0.0,0.0,0.23428947065061007,0.0,0.0,0.0,0.0,0.0,0.0,0.0,0.0,0.0,0.0,0.3421481252964706,0.0,0.0,0.0,0.0,0.0,0.0,0.7550106335330056,0.2751728165091075,0.0,0.0,0.0,0.0,0.0,0.0,0.0,0.0,0.0,0.34135121926186185,0.0,0.0,0.0,0.0,0.2564396882569906,0.0,0.0,0.0,0.0,0.0,0.0,0.0,0.0,0.0,0.0,0.0,E13
2.0,0.0,8.0,6.0,0.0,0.0,0.0,0.0,0.15378644268229635,0.0,0.0,0.0,0.0,0.0,0.22406124171850228,0.0,0.0,0.0,0.0,0.0,0.0,0.0,0.0,0.0,0.0,0.0,0.908572908515739,0.0,0.0,0.0,0.0,0.0,0.0,0.0,0.0,0.0,0.0,0.0,0.2245843268741186,0.0,0.0,0.0,0.0,0.22406124171850228,0.0,0.0,0.0,0.0,0.0,0.0,0.0,0.0,0.0,0.0,E11
3.0,0.0,8.0,6.0,0.0,0.0,0.0,0.0,0.34939103204185995,0.0,0.0,0.0,0.0,0.0,0.0,0.0,0.0,0.0,0.48840804444937863,0.0,0.0,0.0,0.0,0.0,0.0,0.0,0.37531057018216657,0.0,0.4992621880111665,0.0,0.0,0.0,0.0,0.0,0.0,0.0,0.0,0.0,0.0,0.0,0.0,0.0,0.0,0.0,0.0,0.0,0.0,0.0,0.4992621880111665,0.0,0.0,0.0,0.0,0.0,E13
5.0,0.0,8.0,7.0,0.0,0.23836634715786661,0.29376506859060325,0.0,0.2062718063434884,0.29376506859060325,0.0,0.0,0.0,0.0,0.0,0.0,0.0,0.0,0.0,0.0,0.0,0.0,0.0,0.23836634715786661,0.0,0.2184207112050361,0.6647221778892567,0.0,0.0,0.0,0.0,0.0,0.0,0.0,0.0,0.0,0.0,0.0,0.0,0.0,0.0,0.0,0.22577317524360016,0.0,0.0,0.0,0.0,0.0,0.0,0.21067618968495705,0.29376506859060325,0.0,0.0,0.0,E10
3.0,0.0,8.0,8.0,0.0,0.0,0.0,0.0,0.2578159997202256,0.0,0.0,0.0,0.0,0.0,0.0,0.0,0.0,0.0,0.0,0.37650544316290596,0.0,0.0,0.0,0.0,0.0,0.0,0.6923551335276573,0.30280470815490756,0.0,0.0,0.0,0.0,0.0,0.0,0.0,0.0,0.0,0.37562851461197616,0.0,0.0,0.0,0.0,0.2821904646944785,0.0,0.0,0.0,0.0,0.0,0.0,0.0,0.0,0.0,0.0,0.0,E6
5.0,0.0,8.0,9.0,0.0,0.0,0.0,0.0,0.1579613137777918,0.0,0.0,0.0,0.0,0.0,0.0,0.0,0.0,0.0,0.0,0.0,0.0,0.0,0.0,0.0,0.0,0.0,0.9332381176704161,0.0,0.0,0.0,0.0,0.0,0.0,0.0,0.0,0.0,0.0,0.0,0.0,0.0,0.0,0.0,0.0,0.0,0.0,0.0,0.0,0.0,0.0,0.3226683112370546,0.0,0.0,0.0,0.0,E11
5.0,0.0,8.0,10.0,0.0,0.23836634715786661,0.29376506859060325,0.0,0.2062718063434884,0.29376506859060325,0.0,0.0,0.0,0.0,0.0,0.0,0.0,0.0,0.0,0.0,0.0,0.0,0.0,0.23836634715786661,0.0,0.2184207112050361,0.6647221778892567,0.0,0.0,0.0,0.0,0.0,0.0,0.0,0.0,0.0,0.0,0.0,0.0,0.0,0.0,0.0,0.22577317524360016,0.0,0.0,0.0,0.0,0.0,0.0,0.21067618968495705,0.29376506859060325,0.0,0.0,0.0,E5
3.0,0.0,8.0,10.0,0.0,0.0,0.0,0.0,0.2578159997202256,0.0,0.0,0.0,0.0,0.0,0.0,0.0,0.0,0.0,0.0,0.37650544316290596,0.0,0.0,0.0,0.0,0.0,0.0,0.6923551335276573,0.30280470815490756,0.0,0.0,0.0,0.0,0.0,0.0,0.0,0.0,0.0,0.37562851461197616,0.0,0.0,0.0,0.0,0.2821904646944785,0.0,0.0,0.0,0.0,0.0,0.0,0.0,0.0,0.0,0.0,0.0,E6
2.0,0.0,8.0,10.0,0.0,0.0,0.0,0.0,0.1493196682339385,0.0,0.0,0.0,0.0,0.0,0.21755331415402163,0.0,0.0,0.0,0.0,0.0,0.0,0.0,0.0,0.0,0.0,0.0,0.8821831294074959,0.17537584405324352,0.0,0.0,0.0,0.0,0.0,0.0,0.0,0.0,0.0,0.21755331415402163,0.0,0.0,0.0,0.0,0.1634366626302706,0.21755331415402163,0.0,0.0,0.0,0.0,0.0,0.0,0.0,0.0,0.0,0.0,E11
2.0,0.0,8.0,11.0,0.0,0.0,0.0,0.0,0.15378644268229635,0.0,0.0,0.0,0.0,0.0,0.22406124171850228,0.0,0.0,0.0,0.0,0.0,0.0,0.0,0.0,0.0,0.0,0.0,0.908572908515739,0.0,0.0,0.0,0.0,0.0,0.0,0.0,0.0,0.0,0.0,0.0,0.2245843268741186,0.0,0.0,0.0,0.0,0.22406124171850228,0.0,0.0,0.0,0.0,0.0,0.0,0.0,0.0,0.0,0.0,E12
4.0,0.0,8.0,14.0,0.0,0.0,0.0,0.0,0.34040857727446816,0.0,0.34324002279077004,0.34324002279077004,0.0,0.34324002279077004,0.0,0.34324002279077004,0.0,0.34324002279077004,0.0,0.0,0.0,0.34324002279077004,0.0,0.0,0.34324002279077004,0.0,0.24377450194824343,0.0,0.0,0.0,0.0,0.0,0.0,0.0,0.0,0.0,0.0,0.0,0.0,0.0,0.0,0.0,0.0,0.0,0.0,0.0,0.0,0.0,0.0,0.0,0.0,0.0,0.0,0.0,E13
3.0,0.0,8.0,14.0,0.0,0.0,0.0,0.0,0.2578159997202256,0.0,0.0,0.0,0.0,0.0,0.0,0.0,0.0,0.0,0.0,0.37650544316290596,0.0,0.0,0.0,0.0,0.0,0.0,0.6923551335276573,0.30280470815490756,0.0,0.0,0.0,0.0,0.0,0.0,0.0,0.0,0.0,0.37562851461197616,0.0,0.0,0.0,0.0,0.2821904646944785,0.0,0.0,0.0,0.0,0.0,0.0,0.0,0.0,0.0,0.0,0.0,E9
5.0,0.0,8.0,15.0,0.0,0.22135968273463763,0.27280588538225176,0.0,0.19155498313298006,0.27280588538225176,0.0,0.0,0.0,0.0,0.0,0.0,0.0,0.0,0.0,0.0,0.0,0.0,0.0,0.22135968273463763,0.0,0.20283710310415376,0.7201791451902878,0.0,0.0,0.0,0.0,0.0,0.0,0.0,0.0,0.0,0.0,0.0,0.0,0.0,0.0,0.0,0.20966499272154374,0.0,0.0,0.0,0.0,0.0,0.0,0.19564512803276962,0.27280588538225176,0.0,0.0,0.0,E11
2.0,0.0,8.0,16.0,0.0,0.0,0.0,0.0,0.1661483052439899,0.0,0.0,0.0,0.0,0.0,0.24207202490079238,0.0,0.0,0.0,0.0,0.0,0.0,0.0,0.0,0.0,0.0,0.0,0.892370001764264,0.0,0.0,0.0,0.0,0.0,0.0,0.0,0.0,0.0,0.0,0.0,0.2426371573701316,0.0,0.0,0.0,0.0,0.24207202490079238,0.0,0.0,0.0,0.0,0.0,0.0,0.0,0.0,0.0,0.0,E6
5.0,0.0,8.0,16.0,0.0,0.23836634715786661,0.29376506859060325,0.0,0.2062718063434884,0.29376506859060325,0.0,0.0,0.0,0.0,0.0,0.0,0.0,0.0,0.0,0.0,0.0,0.0,0.0,0.23836634715786661,0.0,0.2184207112050361,0.6647221778892567,0.0,0.0,0.0,0.0,0.0,0.0,0.0,0.0,0.0,0.0,0.0,0.0,0.0,0.0,0.0,0.22577317524360016,0.0,0.0,0.0,0.0,0.0,0.0,0.21067618968495705,0.29376506859060325,0.0,0.0,0.0,E13
3.0,0.0,8.0,16.0,0.0,0.0,0.0,0.0,0.2578159997202256,0.0,0.0,0.0,0.0,0.0,0.0,0.0,0.0,0.0,0.0,0.37650544316290596,0.0,0.0,0.0,0.0,0.0,0.0,0.6923551335276573,0.30280470815490756,0.0,0.0,0.0,0.0,0.0,0.0,0.0,0.0,0.0,0.37562851461197616,0.0,0.0,0.0,0.0,0.2821904646944785,0.0,0.0,0.0,0.0,0.0,0.0,0.0,0.0,0.0,0.0,0.0,E6
3.0,0.0,8.0,17.0,0.0,0.0,0.0,0.0,0.23428947065061007,0.0,0.0,0.0,0.0,0.0,0.0,0.0,0.0,0.0,0.0,0.3421481252964706,0.0,0.0,0.0,0.0,0.0,0.0,0.7550106335330056,0.2751728165091075,0.0,0.0,0.0,0.0,0.0,0.0,0.0,0.0,0.0,0.34135121926186185,0.0,0.0,0.0,0.0,0.2564396882569906,0.0,0.0,0.0,0.0,0.0,0.0,0.0,0.0,0.0,0.0,0.0,E11
2.0,0.0,8.0,18.0,0.0,0.0,0.0,0.0,0.1661483052439899,0.0,0.0,0.0,0.0,0.0,0.24207202490079238,0.0,0.0,0.0,0.0,0.0,0.0,0.0,0.0,0.0,0.0,0.0,0.892370001764264,0.0,0.0,0.0,0.0,0.0,0.0,0.0,0.0,0.0,0.0,0.0,0.2426371573701316,0.0,0.0,0.0,0.0,0.24207202490079238,0.0,0.0,0.0,0.0,0.0,0.0,0.0,0.0,0.0,0.0,E11
3.0,0.0,8.0,19.0,0.0,0.0,0.0,0.0,0.2578159997202256,0.0,0.0,0.0,0.0,0.0,0.0,0.0,0.0,0.0,0.0,0.37650544316290596,0.0,0.0,0.0,0.0,0.0,0.0,0.6923551335276573,0.30280470815490756,0.0,0.0,0.0,0.0,0.0,0.0,0.0,0.0,0.0,0.37562851461197616,0.0,0.0,0.0,0.0,0.2821904646944785,0.0,0.0,0.0,0.0,0.0,0.0,0.0,0.0,0.0,0.0,0.0,E13
3.0,0.0,8.0,19.0,0.0,0.0,0.0,0.0,0.3694506407597979,0.0,0.0,0.0,0.0,0.0,0.0,0.0,0.0,0.0,0.516449045413519,0.0,0.0,0.0,0.0,0.0,0.0,0.0,0.19842914946528173,0.0,0.5279263585842844,0.0,0.0,0.0,0.0,0.0,0.0,0.0,0.0,0.0,0.0,0.0,0.0,0.0,0.0,0.0,0.0,0.0,0.0,0.0,0.5279263585842844,0.0,0.0,0.0,0.0,0.0,E11
2.0,0.0,8.0,20.0,0.0,0.0,0.0,0.0,0.15378644268229635,0.0,0.0,0.0,0.0,0.0,0.22406124171850228,0.0,0.0,0.0,0.0,0.0,0.0,0.0,0.0,0.0,0.0,0.0,0.908572908515739,0.0,0.0,0.0,0.0,0.0,0.0,0.0,0.0,0.0,0.0,0.0,0.2245843268741186,0.0,0.0,0.0,0.0,0.22406124171850228,0.0,0.0,0.0,0.0,0.0,0.0,0.0,0.0,0.0,0.0,E10
5.0,0.0,8.0,20.0,0.0,0.22135968273463763,0.27280588538225176,0.0,0.19155498313298006,0.27280588538225176,0.0,0.0,0.0,0.0,0.0,0.0,0.0,0.0,0.0,0.0,0.0,0.0,0.0,0.22135968273463763,0.0,0.20283710310415376,0.7201791451902878,0.0,0.0,0.0,0.0,0.0,0.0,0.0,0.0,0.0,0.0,0.0,0.0,0.0,0.0,0.0,0.20966499272154374,0.0,0.0,0.0,0.0,0.0,0.0,0.19564512803276962,0.27280588538225176,0.0,0.0,0.0,E13
2.0,0.0,8.0,21.0,0.0,0.0,0.0,0.0,0.1661483052439899,0.0,0.0,0.0,0.0,0.0,0.24207202490079238,0.0,0.0,0.0,0.0,0.0,0.0,0.0,0.0,0.0,0.0,0.0,0.892370001764264,0.0,0.0,0.0,0.0,0.0,0.0,0.0,0.0,0.0,0.0,0.0,0.2426371573701316,0.0,0.0,0.0,0.0,0.24207202490079238,0.0,0.0,0.0,0.0,0.0,0.0,0.0,0.0,0.0,0.0,E6
3.0,0.0,8.0,23.0,0.0,0.0,0.0,0.0,0.23428947065061007,0.0,0.0,0.0,0.0,0.0,0.0,0.0,0.0,0.0,0.0,0.3421481252964706,0.0,0.0,0.0,0.0,0.0,0.0,0.7550106335330056,0.2751728165091075,0.0,0.0,0.0,0.0,0.0,0.0,0.0,0.0,0.0,0.34135121926186185,0.0,0.0,0.0,0.0,0.2564396882569906,0.0,0.0,0.0,0.0,0.0,0.0,0.0,0.0,0.0,0.0,0.0,E13
5.0,0.0,8.0,25.0,0.34169198261935096,0.0,0.0,0.34169198261935096,0.1776263317239283,0.0,0.0,0.0,0.0,0.0,0.0,0.0,0.0,0.0,0.0,0.0,0.0,0.0,0.0,0.0,0.0,0.18808808819599904,0.19080352305862036,0.0,0.0,0.34169198261935096,0.0,0.0,0.55937350492652,0.0,0.0,0.0,0.0,0.0,0.0,0.34169198261935096,0.0,0.0,0.0,0.0,0.0,0.0,0.0,0.0,0.0,0.0,0.0,0.34169198261935096,0.0,0.0,E11
3.0,0.0,8.0,25.0,0.0,0.0,0.0,0.0,0.3694506407597979,0.0,0.0,0.0,0.0,0.0,0.0,0.0,0.0,0.0,0.516449045413519,0.0,0.0,0.0,0.0,0.0,0.0,0.0,0.19842914946528173,0.0,0.5279263585842844,0.0,0.0,0.0,0.0,0.0,0.0,0.0,0.0,0.0,0.0,0.0,0.0,0.0,0.0,0.0,0.0,0.0,0.0,0.0,0.5279263585842844,0.0,0.0,0.0,0.0,0.0,E7
3.0,0.0,8.0,25.0,0.0,0.0,0.0,0.0,0.3694506407597979,0.0,0.0,0.0,0.0,0.0,0.0,0.0,0.0,0.0,0.516449045413519,0.0,0.0,0.0,0.0,0.0,0.0,0.0,0.19842914946528173,0.0,0.5279263585842844,0.0,0.0,0.0,0.0,0.0,0.0,0.0,0.0,0.0,0.0,0.0,0.0,0.0,0.0,0.0,0.0,0.0,0.0,0.0,0.5279263585842844,0.0,0.0,0.0,0.0,0.0,E10
5.0,0.0,8.0,26.0,0.0,0.23836634715786661,0.29376506859060325,0.0,0.2062718063434884,0.29376506859060325,0.0,0.0,0.0,0.0,0.0,0.0,0.0,0.0,0.0,0.0,0.0,0.0,0.0,0.23836634715786661,0.0,0.2184207112050361,0.6647221778892567,0.0,0.0,0.0,0.0,0.0,0.0,0.0,0.0,0.0,0.0,0.0,0.0,0.0,0.0,0.0,0.22577317524360016,0.0,0.0,0.0,0.0,0.0,0.0,0.21067618968495705,0.29376506859060325,0.0,0.0,0.0,E10
3.0,0.0,8.0,27.0,0.0,0.0,0.0,0.0,0.23428947065061007,0.0,0.0,0.0,0.0,0.0,0.0,0.0,0.0,0.0,0.0,0.3421481252964706,0.0,0.0,0.0,0.0,0.0,0.0,0.7550106335330056,0.2751728165091075,0.0,0.0,0.0,0.0,0.0,0.0,0.0,0.0,0.0,0.34135121926186185,0.0,0.0,0.0,0.0,0.2564396882569906,0.0,0.0,0.0,0.0,0.0,0.0,0.0,0.0,0.0,0.0,0.0,E6
2.0,0.0,8.0,28.0,0.0,0.0,0.0,0.0,0.1661483052439899,0.0,0.0,0.0,0.0,0.0,0.24207202490079238,0.0,0.0,0.0,0.0,0.0,0.0,0.0,0.0,0.0,0.0,0.0,0.892370001764264,0.0,0.0,0.0,0.0,0.0,0.0,0.0,0.0,0.0,0.0,0.0,0.2426371573701316,0.0,0.0,0.0,0.0,0.24207202490079238,0.0,0.0,0.0,0.0,0.0,0.0,0.0,0.0,0.0,0.0,E11
3.0,0.0,8.0,29.0,0.0,0.0,0.0,0.0,0.3694506407597979,0.0,0.0,0.0,0.0,0.0,0.0,0.0,0.0,0.0,0.516449045413519,0.0,0.0,0.0,0.0,0.0,0.0,0.0,0.19842914946528173,0.0,0.5279263585842844,0.0,0.0,0.0,0.0,0.0,0.0,0.0,0.0,0.0,0.0,0.0,0.0,0.0,0.0,0.0,0.0,0.0,0.0,0.0,0.5279263585842844,0.0,0.0,0.0,0.0,0.0,E13
3.0,0.0,8.0,29.0,0.0,0.0,0.0,0.0,0.2578159997202256,0.0,0.0,0.0,0.0,0.0,0.0,0.0,0.0,0.0,0.0,0.37650544316290596,0.0,0.0,0.0,0.0,0.0,0.0,0.6923551335276573,0.30280470815490756,0.0,0.0,0.0,0.0,0.0,0.0,0.0,0.0,0.0,0.37562851461197616,0.0,0.0,0.0,0.0,0.2821904646944785,0.0,0.0,0.0,0.0,0.0,0.0,0.0,0.0,0.0,0.0,0.0,E10
3.0,0.0,8.0,29.0,0.0,0.0,0.0,0.0,0.3694506407597979,0.0,0.0,0.0,0.0,0.0,0.0,0.0,0.0,0.0,0.516449045413519,0.0,0.0,0.0,0.0,0.0,0.0,0.0,0.19842914946528173,0.0,0.5279263585842844,0.0,0.0,0.0,0.0,0.0,0.0,0.0,0.0,0.0,0.0,0.0,0.0,0.0,0.0,0.0,0.0,0.0,0.0,0.0,0.5279263585842844,0.0,0.0,0.0,0.0,0.0,E11
5.0,0.0,8.0,31.0,0.0,0.22135968273463763,0.27280588538225176,0.0,0.19155498313298006,0.27280588538225176,0.0,0.0,0.0,0.0,0.0,0.0,0.0,0.0,0.0,0.0,0.0,0.0,0.0,0.22135968273463763,0.0,0.20283710310415376,0.7201791451902878,0.0,0.0,0.0,0.0,0.0,0.0,0.0,0.0,0.0,0.0,0.0,0.0,0.0,0.0,0.0,0.20966499272154374,0.0,0.0,0.0,0.0,0.0,0.0,0.19564512803276962,0.27280588538225176,0.0,0.0,0.0,E10
3.0,0.0,8.0,31.0,0.0,0.0,0.0,0.0,0.23428947065061007,0.0,0.0,0.0,0.0,0.0,0.0,0.0,0.0,0.0,0.0,0.3421481252964706,0.0,0.0,0.0,0.0,0.0,0.0,0.7550106335330056,0.2751728165091075,0.0,0.0,0.0,0.0,0.0,0.0,0.0,0.0,0.0,0.34135121926186185,0.0,0.0,0.0,0.0,0.2564396882569906,0.0,0.0,0.0,0.0,0.0,0.0,0.0,0.0,0.0,0.0,0.0,E6
3.0,0.0,8.0,31.0,0.0,0.0,0.0,0.0,0.34939103204185995,0.0,0.0,0.0,0.0,0.0,0.0,0.0,0.0,0.0,0.48840804444937863,0.0,0.0,0.0,0.0,0.0,0.0,0.0,0.37531057018216657,0.0,0.4992621880111665,0.0,0.0,0.0,0.0,0.0,0.0,0.0,0.0,0.0,0.0,0.0,0.0,0.0,0.0,0.0,0.0,0.0,0.0,0.0,0.4992621880111665,0.0,0.0,0.0,0.0,0.0,E11
5.0,0.0,8.0,32.0,0.34645460062853967,0.0,0.0,0.34645460062853967,0.18010214739829525,0.0,0.0,0.0,0.0,0.0,0.0,0.0,0.0,0.0,0.0,0.0,0.0,0.0,0.0,0.0,0.0,0.19070972335784614,0.09673150343336294,0.0,0.0,0.34645460062853967,0.0,0.0,0.5671702413556386,0.0,0.0,0.0,0.0,0.0,0.0,0.34645460062853967,0.0,0.0,0.0,0.0,0.0,0.0,0.0,0.0,0.0,0.0,0.0,0.34645460062853967,0.0,0.0,E10
5.0,0.0,8.0,32.0,0.34645460062853967,0.0,0.0,0.34645460062853967,0.18010214739829525,0.0,0.0,0.0,0.0,0.0,0.0,0.0,0.0,0.0,0.0,0.0,0.0,0.0,0.0,0.0,0.0,0.19070972335784614,0.09673150343336294,0.0,0.0,0.34645460062853967,0.0,0.0,0.5671702413556386,0.0,0.0,0.0,0.0,0.0,0.0,0.34645460062853967,0.0,0.0,0.0,0.0,0.0,0.0,0.0,0.0,0.0,0.0,0.0,0.34645460062853967,0.0,0.0,E7
3.0,0.0,8.0,33.0,0.0,0.0,0.0,0.0,0.23428947065061007,0.0,0.0,0.0,0.0,0.0,0.0,0.0,0.0,0.0,0.0,0.3421481252964706,0.0,0.0,0.0,0.0,0.0,0.0,0.7550106335330056,0.2751728165091075,0.0,0.0,0.0,0.0,0.0,0.0,0.0,0.0,0.0,0.34135121926186185,0.0,0.0,0.0,0.0,0.2564396882569906,0.0,0.0,0.0,0.0,0.0,0.0,0.0,0.0,0.0,0.0,0.0,E7
5.0,0.0,8.0,33.0,0.0,0.23836634715786661,0.29376506859060325,0.0,0.2062718063434884,0.29376506859060325,0.0,0.0,0.0,0.0,0.0,0.0,0.0,0.0,0.0,0.0,0.0,0.0,0.0,0.23836634715786661,0.0,0.2184207112050361,0.6647221778892567,0.0,0.0,0.0,0.0,0.0,0.0,0.0,0.0,0.0,0.0,0.0,0.0,0.0,0.0,0.0,0.22577317524360016,0.0,0.0,0.0,0.0,0.0,0.0,0.21067618968495705,0.29376506859060325,0.0,0.0,0.0,E11
3.0,0.0,8.0,34.0,0.0,0.0,0.0,0.0,0.34939103204185995,0.0,0.0,0.0,0.0,0.0,0.0,0.0,0.0,0.0,0.48840804444937863,0.0,0.0,0.0,0.0,0.0,0.0,0.0,0.37531057018216657,0.0,0.4992621880111665,0.0,0.0,0.0,0.0,0.0,0.0,0.0,0.0,0.0,0.0,0.0,0.0,0.0,0.0,0.0,0.0,0.0,0.0,0.0,0.4992621880111665,0.0,0.0,0.0,0.0,0.0,E6
5.0,0.0,8.0,34.0,0.0,0.23836634715786661,0.29376506859060325,0.0,0.2062718063434884,0.29376506859060325,0.0,0.0,0.0,0.0,0.0,0.0,0.0,0.0,0.0,0.0,0.0,0.0,0.0,0.23836634715786661,0.0,0.2184207112050361,0.6647221778892567,0.0,0.0,0.0,0.0,0.0,0.0,0.0,0.0,0.0,0.0,0.0,0.0,0.0,0.0,0.0,0.22577317524360016,0.0,0.0,0.0,0.0,0.0,0.0,0.21067618968495705,0.29376506859060325,0.0,0.0,0.0,E10
2.0,0.0,8.0,34.0,0.0,0.0,0.0,0.0,0.15378644268229635,0.0,0.0,0.0,0.0,0.0,0.22406124171850228,0.0,0.0,0.0,0.0,0.0,0.0,0.0,0.0,0.0,0.0,0.0,0.908572908515739,0.0,0.0,0.0,0.0,0.0,0.0,0.0,0.0,0.0,0.0,0.0,0.2245843268741186,0.0,0.0,0.0,0.0,0.22406124171850228,0.0,0.0,0.0,0.0,0.0,0.0,0.0,0.0,0.0,0.0,E6
5.0,0.0,8.0,34.0,0.0,0.22135968273463763,0.27280588538225176,0.0,0.19155498313298006,0.27280588538225176,0.0,0.0,0.0,0.0,0.0,0.0,0.0,0.0,0.0,0.0,0.0,0.0,0.0,0.22135968273463763,0.0,0.20283710310415376,0.7201791451902878,0.0,0.0,0.0,0.0,0.0,0.0,0.0,0.0,0.0,0.0,0.0,0.0,0.0,0.0,0.0,0.20966499272154374,0.0,0.0,0.0,0.0,0.0,0.0,0.19564512803276962,0.27280588538225176,0.0,0.0,0.0,E13
3.0,0.0,8.0,34.0,0.0,0.0,0.0,0.0,0.34939103204185995,0.0,0.0,0.0,0.0,0.0,0.0,0.0,0.0,0.0,0.48840804444937863,0.0,0.0,0.0,0.0,0.0,0.0,0.0,0.37531057018216657,0.0,0.4992621880111665,0.0,0.0,0.0,0.0,0.0,0.0,0.0,0.0,0.0,0.0,0.0,0.0,0.0,0.0,0.0,0.0,0.0,0.0,0.0,0.4992621880111665,0.0,0.0,0.0,0.0,0.0,E6
2.0,0.0,8.0,35.0,0.0,0.0,0.0,0.0,0.1661483052439899,0.0,0.0,0.0,0.0,0.0,0.24207202490079238,0.0,0.0,0.0,0.0,0.0,0.0,0.0,0.0,0.0,0.0,0.0,0.892370001764264,0.0,0.0,0.0,0.0,0.0,0.0,0.0,0.0,0.0,0.0,0.0,0.2426371573701316,0.0,0.0,0.0,0.0,0.24207202490079238,0.0,0.0,0.0,0.0,0.0,0.0,0.0,0.0,0.0,0.0,E10
2.0,0.0,8.0,37.0,0.0,0.0,0.0,0.0,0.1661483052439899,0.0,0.0,0.0,0.0,0.0,0.24207202490079238,0.0,0.0,0.0,0.0,0.0,0.0,0.0,0.0,0.0,0.0,0.0,0.892370001764264,0.0,0.0,0.0,0.0,0.0,0.0,0.0,0.0,0.0,0.0,0.0,0.2426371573701316,0.0,0.0,0.0,0.0,0.24207202490079238,0.0,0.0,0.0,0.0,0.0,0.0,0.0,0.0,0.0,0.0,E13
3.0,0.0,8.0,37.0,0.0,0.0,0.0,0.0,0.34939103204185995,0.0,0.0,0.0,0.0,0.0,0.0,0.0,0.0,0.0,0.48840804444937863,0.0,0.0,0.0,0.0,0.0,0.0,0.0,0.37531057018216657,0.0,0.4992621880111665,0.0,0.0,0.0,0.0,0.0,0.0,0.0,0.0,0.0,0.0,0.0,0.0,0.0,0.0,0.0,0.0,0.0,0.0,0.0,0.4992621880111665,0.0,0.0,0.0,0.0,0.0,E13
2.0,0.0,8.0,37.0,0.0,0.0,0.0,0.0,0.1661483052439899,0.0,0.0,0.0,0.0,0.0,0.24207202490079238,0.0,0.0,0.0,0.0,0.0,0.0,0.0,0.0,0.0,0.0,0.0,0.892370001764264,0.0,0.0,0.0,0.0,0.0,0.0,0.0,0.0,0.0,0.0,0.0,0.2426371573701316,0.0,0.0,0.0,0.0,0.24207202490079238,0.0,0.0,0.0,0.0,0.0,0.0,0.0,0.0,0.0,0.0,E10
3.0,0.0,8.0,38.0,0.0,0.0,0.0,0.0,0.3694506407597979,0.0,0.0,0.0,0.0,0.0,0.0,0.0,0.0,0.0,0.516449045413519,0.0,0.0,0.0,0.0,0.0,0.0,0.0,0.19842914946528173,0.0,0.5279263585842844,0.0,0.0,0.0,0.0,0.0,0.0,0.0,0.0,0.0,0.0,0.0,0.0,0.0,0.0,0.0,0.0,0.0,0.0,0.0,0.5279263585842844,0.0,0.0,0.0,0.0,0.0,E13
5.0,0.0,8.0,38.0,0.0,0.23836634715786661,0.29376506859060325,0.0,0.2062718063434884,0.29376506859060325,0.0,0.0,0.0,0.0,0.0,0.0,0.0,0.0,0.0,0.0,0.0,0.0,0.0,0.23836634715786661,0.0,0.2184207112050361,0.6647221778892567,0.0,0.0,0.0,0.0,0.0,0.0,0.0,0.0,0.0,0.0,0.0,0.0,0.0,0.0,0.0,0.22577317524360016,0.0,0.0,0.0,0.0,0.0,0.0,0.21067618968495705,0.29376506859060325,0.0,0.0,0.0,E10
3.0,0.0,8.0,39.0,0.0,0.0,0.0,0.0,0.2578159997202256,0.0,0.0,0.0,0.0,0.0,0.0,0.0,0.0,0.0,0.0,0.37650544316290596,0.0,0.0,0.0,0.0,0.0,0.0,0.6923551335276573,0.30280470815490756,0.0,0.0,0.0,0.0,0.0,0.0,0.0,0.0,0.0,0.37562851461197616,0.0,0.0,0.0,0.0,0.2821904646944785,0.0,0.0,0.0,0.0,0.0,0.0,0.0,0.0,0.0,0.0,0.0,E6
3.0,0.0,8.0,40.0,0.0,0.0,0.0,0.0,0.3694506407597979,0.0,0.0,0.0,0.0,0.0,0.0,0.0,0.0,0.0,0.516449045413519,0.0,0.0,0.0,0.0,0.0,0.0,0.0,0.19842914946528173,0.0,0.5279263585842844,0.0,0.0,0.0,0.0,0.0,0.0,0.0,0.0,0.0,0.0,0.0,0.0,0.0,0.0,0.0,0.0,0.0,0.0,0.0,0.5279263585842844,0.0,0.0,0.0,0.0,0.0,E11
3.0,0.0,8.0,41.0,0.0,0.0,0.0,0.0,0.3694506407597979,0.0,0.0,0.0,0.0,0.0,0.0,0.0,0.0,0.0,0.516449045413519,0.0,0.0,0.0,0.0,0.0,0.0,0.0,0.19842914946528173,0.0,0.5279263585842844,0.0,0.0,0.0,0.0,0.0,0.0,0.0,0.0,0.0,0.0,0.0,0.0,0.0,0.0,0.0,0.0,0.0,0.0,0.0,0.5279263585842844,0.0,0.0,0.0,0.0,0.0,E10
5.0,0.0,8.0,41.0,0.0,0.22135968273463763,0.27280588538225176,0.0,0.19155498313298006,0.27280588538225176,0.0,0.0,0.0,0.0,0.0,0.0,0.0,0.0,0.0,0.0,0.0,0.0,0.0,0.22135968273463763,0.0,0.20283710310415376,0.7201791451902878,0.0,0.0,0.0,0.0,0.0,0.0,0.0,0.0,0.0,0.0,0.0,0.0,0.0,0.0,0.0,0.20966499272154374,0.0,0.0,0.0,0.0,0.0,0.0,0.19564512803276962,0.27280588538225176,0.0,0.0,0.0,E10
2.0,0.0,8.0,41.0,0.0,0.0,0.0,0.0,0.15378644268229635,0.0,0.0,0.0,0.0,0.0,0.22406124171850228,0.0,0.0,0.0,0.0,0.0,0.0,0.0,0.0,0.0,0.0,0.0,0.908572908515739,0.0,0.0,0.0,0.0,0.0,0.0,0.0,0.0,0.0,0.0,0.0,0.2245843268741186,0.0,0.0,0.0,0.0,0.22406124171850228,0.0,0.0,0.0,0.0,0.0,0.0,0.0,0.0,0.0,0.0,E6
3.0,0.0,8.0,42.0,0.0,0.0,0.0,0.0,0.34939103204185995,0.0,0.0,0.0,0.0,0.0,0.0,0.0,0.0,0.0,0.48840804444937863,0.0,0.0,0.0,0.0,0.0,0.0,0.0,0.37531057018216657,0.0,0.4992621880111665,0.0,0.0,0.0,0.0,0.0,0.0,0.0,0.0,0.0,0.0,0.0,0.0,0.0,0.0,0.0,0.0,0.0,0.0,0.0,0.4992621880111665,0.0,0.0,0.0,0.0,0.0,E13
5.0,0.0,8.0,42.0,0.34169198261935096,0.0,0.0,0.34169198261935096,0.1776263317239283,0.0,0.0,0.0,0.0,0.0,0.0,0.0,0.0,0.0,0.0,0.0,0.0,0.0,0.0,0.0,0.0,0.18808808819599904,0.19080352305862036,0.0,0.0,0.34169198261935096,0.0,0.0,0.55937350492652,0.0,0.0,0.0,0.0,0.0,0.0,0.34169198261935096,0.0,0.0,0.0,0.0,0.0,0.0,0.0,0.0,0.0,0.0,0.0,0.34169198261935096,0.0,0.0,E10
3.0,0.0,8.0,42.0,0.0,0.0,0.0,0.0,0.3694506407597979,0.0,0.0,0.0,0.0,0.0,0.0,0.0,0.0,0.0,0.516449045413519,0.0,0.0,0.0,0.0,0.0,0.0,0.0,0.19842914946528173,0.0,0.5279263585842844,0.0,0.0,0.0,0.0,0.0,0.0,0.0,0.0,0.0,0.0,0.0,0.0,0.0,0.0,0.0,0.0,0.0,0.0,0.0,0.5279263585842844,0.0,0.0,0.0,0.0,0.0,E7
5.0,0.0,8.0,43.0,0.0,0.23836634715786661,0.29376506859060325,0.0,0.2062718063434884,0.29376506859060325,0.0,0.0,0.0,0.0,0.0,0.0,0.0,0.0,0.0,0.0,0.0,0.0,0.0,0.23836634715786661,0.0,0.2184207112050361,0.6647221778892567,0.0,0.0,0.0,0.0,0.0,0.0,0.0,0.0,0.0,0.0,0.0,0.0,0.0,0.0,0.0,0.22577317524360016,0.0,0.0,0.0,0.0,0.0,0.0,0.21067618968495705,0.29376506859060325,0.0,0.0,0.0,E10
3.0,0.0,8.0,44.0,0.0,0.0,0.0,0.0,0.3694506407597979,0.0,0.0,0.0,0.0,0.0,0.0,0.0,0.0,0.0,0.516449045413519,0.0,0.0,0.0,0.0,0.0,0.0,0.0,0.19842914946528173,0.0,0.5279263585842844,0.0,0.0,0.0,0.0,0.0,0.0,0.0,0.0,0.0,0.0,0.0,0.0,0.0,0.0,0.0,0.0,0.0,0.0,0.0,0.5279263585842844,0.0,0.0,0.0,0.0,0.0,E6
3.0,0.0,8.0,44.0,0.0,0.0,0.0,0.0,0.3694506407597979,0.0,0.0,0.0,0.0,0.0,0.0,0.0,0.0,0.0,0.516449045413519,0.0,0.0,0.0,0.0,0.0,0.0,0.0,0.19842914946528173,0.0,0.5279263585842844,0.0,0.0,0.0,0.0,0.0,0.0,0.0,0.0,0.0,0.0,0.0,0.0,0.0,0.0,0.0,0.0,0.0,0.0,0.0,0.5279263585842844,0.0,0.0,0.0,0.0,0.0,E10
5.0,0.0,8.0,46.0,0.34169198261935096,0.0,0.0,0.34169198261935096,0.1776263317239283,0.0,0.0,0.0,0.0,0.0,0.0,0.0,0.0,0.0,0.0,0.0,0.0,0.0,0.0,0.0,0.0,0.18808808819599904,0.19080352305862036,0.0,0.0,0.34169198261935096,0.0,0.0,0.55937350492652,0.0,0.0,0.0,0.0,0.0,0.0,0.34169198261935096,0.0,0.0,0.0,0.0,0.0,0.0,0.0,0.0,0.0,0.0,0.0,0.34169198261935096,0.0,0.0,E10
5.0,0.0,8.0,47.0,0.0,0.23836634715786661,0.29376506859060325,0.0,0.2062718063434884,0.29376506859060325,0.0,0.0,0.0,0.0,0.0,0.0,0.0,0.0,0.0,0.0,0.0,0.0,0.0,0.23836634715786661,0.0,0.2184207112050361,0.6647221778892567,0.0,0.0,0.0,0.0,0.0,0.0,0.0,0.0,0.0,0.0,0.0,0.0,0.0,0.0,0.0,0.22577317524360016,0.0,0.0,0.0,0.0,0.0,0.0,0.21067618968495705,0.29376506859060325,0.0,0.0,0.0,E7
5.0,0.0,8.0,47.0,0.34169198261935096,0.0,0.0,0.34169198261935096,0.1776263317239283,0.0,0.0,0.0,0.0,0.0,0.0,0.0,0.0,0.0,0.0,0.0,0.0,0.0,0.0,0.0,0.0,0.18808808819599904,0.19080352305862036,0.0,0.0,0.34169198261935096,0.0,0.0,0.55937350492652,0.0,0.0,0.0,0.0,0.0,0.0,0.34169198261935096,0.0,0.0,0.0,0.0,0.0,0.0,0.0,0.0,0.0,0.0,0.0,0.34169198261935096,0.0,0.0,E6
3.0,0.0,8.0,47.0,0.0,0.0,0.0,0.0,0.2578159997202256,0.0,0.0,0.0,0.0,0.0,0.0,0.0,0.0,0.0,0.0,0.37650544316290596,0.0,0.0,0.0,0.0,0.0,0.0,0.6923551335276573,0.30280470815490756,0.0,0.0,0.0,0.0,0.0,0.0,0.0,0.0,0.0,0.37562851461197616,0.0,0.0,0.0,0.0,0.2821904646944785,0.0,0.0,0.0,0.0,0.0,0.0,0.0,0.0,0.0,0.0,0.0,E7
5.0,0.0,8.0,47.0,0.0,0.23836634715786661,0.29376506859060325,0.0,0.2062718063434884,0.29376506859060325,0.0,0.0,0.0,0.0,0.0,0.0,0.0,0.0,0.0,0.0,0.0,0.0,0.0,0.23836634715786661,0.0,0.2184207112050361,0.6647221778892567,0.0,0.0,0.0,0.0,0.0,0.0,0.0,0.0,0.0,0.0,0.0,0.0,0.0,0.0,0.0,0.22577317524360016,0.0,0.0,0.0,0.0,0.0,0.0,0.21067618968495705,0.29376506859060325,0.0,0.0,0.0,E11
2.0,0.0,8.0,47.0,0.0,0.0,0.0,0.0,0.1661483052439899,0.0,0.0,0.0,0.0,0.0,0.24207202490079238,0.0,0.0,0.0,0.0,0.0,0.0,0.0,0.0,0.0,0.0,0.0,0.892370001764264,0.0,0.0,0.0,0.0,0.0,0.0,0.0,0.0,0.0,0.0,0.0,0.2426371573701316,0.0,0.0,0.0,0.0,0.24207202490079238,0.0,0.0,0.0,0.0,0.0,0.0,0.0,0.0,0.0,0.0,E6
3.0,0.0,8.0,48.0,0.0,0.0,0.0,0.0,0.2578159997202256,0.0,0.0,0.0,0.0,0.0,0.0,0.0,0.0,0.0,0.0,0.37650544316290596,0.0,0.0,0.0,0.0,0.0,0.0,0.6923551335276573,0.30280470815490756,0.0,0.0,0.0,0.0,0.0,0.0,0.0,0.0,0.0,0.37562851461197616,0.0,0.0,0.0,0.0,0.2821904646944785,0.0,0.0,0.0,0.0,0.0,0.0,0.0,0.0,0.0,0.0,0.0,E13
5.0,0.0,8.0,48.0,0.34645460062853967,0.0,0.0,0.34645460062853967,0.18010214739829525,0.0,0.0,0.0,0.0,0.0,0.0,0.0,0.0,0.0,0.0,0.0,0.0,0.0,0.0,0.0,0.0,0.19070972335784614,0.09673150343336294,0.0,0.0,0.34645460062853967,0.0,0.0,0.5671702413556386,0.0,0.0,0.0,0.0,0.0,0.0,0.34645460062853967,0.0,0.0,0.0,0.0,0.0,0.0,0.0,0.0,0.0,0.0,0.0,0.34645460062853967,0.0,0.0,E11
3.0,0.0,8.0,48.0,0.0,0.0,0.0,0.0,0.23428947065061007,0.0,0.0,0.0,0.0,0.0,0.0,0.0,0.0,0.0,0.0,0.3421481252964706,0.0,0.0,0.0,0.0,0.0,0.0,0.7550106335330056,0.2751728165091075,0.0,0.0,0.0,0.0,0.0,0.0,0.0,0.0,0.0,0.34135121926186185,0.0,0.0,0.0,0.0,0.2564396882569906,0.0,0.0,0.0,0.0,0.0,0.0,0.0,0.0,0.0,0.0,0.0,E7
5.0,0.0,8.0,49.0,0.0,0.23836634715786661,0.29376506859060325,0.0,0.2062718063434884,0.29376506859060325,0.0,0.0,0.0,0.0,0.0,0.0,0.0,0.0,0.0,0.0,0.0,0.0,0.0,0.23836634715786661,0.0,0.2184207112050361,0.6647221778892567,0.0,0.0,0.0,0.0,0.0,0.0,0.0,0.0,0.0,0.0,0.0,0.0,0.0,0.0,0.0,0.22577317524360016,0.0,0.0,0.0,0.0,0.0,0.0,0.21067618968495705,0.29376506859060325,0.0,0.0,0.0,E11
5.0,0.0,8.0,50.0,0.34645460062853967,0.0,0.0,0.34645460062853967,0.18010214739829525,0.0,0.0,0.0,0.0,0.0,0.0,0.0,0.0,0.0,0.0,0.0,0.0,0.0,0.0,0.0,0.0,0.19070972335784614,0.09673150343336294,0.0,0.0,0.34645460062853967,0.0,0.0,0.5671702413556386,0.0,0.0,0.0,0.0,0.0,0.0,0.34645460062853967,0.0,0.0,0.0,0.0,0.0,0.0,0.0,0.0,0.0,0.0,0.0,0.34645460062853967,0.0,0.0,E6
3.0,0.0,8.0,51.0,0.0,0.0,0.0,0.0,0.23428947065061007,0.0,0.0,0.0,0.0,0.0,0.0,0.0,0.0,0.0,0.0,0.3421481252964706,0.0,0.0,0.0,0.0,0.0,0.0,0.7550106335330056,0.2751728165091075,0.0,0.0,0.0,0.0,0.0,0.0,0.0,0.0,0.0,0.34135121926186185,0.0,0.0,0.0,0.0,0.2564396882569906,0.0,0.0,0.0,0.0,0.0,0.0,0.0,0.0,0.0,0.0,0.0,E7
3.0,0.0,8.0,52.0,0.0,0.0,0.0,0.0,0.2578159997202256,0.0,0.0,0.0,0.0,0.0,0.0,0.0,0.0,0.0,0.0,0.37650544316290596,0.0,0.0,0.0,0.0,0.0,0.0,0.6923551335276573,0.30280470815490756,0.0,0.0,0.0,0.0,0.0,0.0,0.0,0.0,0.0,0.37562851461197616,0.0,0.0,0.0,0.0,0.2821904646944785,0.0,0.0,0.0,0.0,0.0,0.0,0.0,0.0,0.0,0.0,0.0,E11
2.0,0.0,8.0,53.0,0.0,0.0,0.0,0.0,0.1661483052439899,0.0,0.0,0.0,0.0,0.0,0.24207202490079238,0.0,0.0,0.0,0.0,0.0,0.0,0.0,0.0,0.0,0.0,0.0,0.892370001764264,0.0,0.0,0.0,0.0,0.0,0.0,0.0,0.0,0.0,0.0,0.0,0.2426371573701316,0.0,0.0,0.0,0.0,0.24207202490079238,0.0,0.0,0.0,0.0,0.0,0.0,0.0,0.0,0.0,0.0,E11
3.0,0.0,8.0,54.0,0.0,0.0,0.0,0.0,0.23428947065061007,0.0,0.0,0.0,0.0,0.0,0.0,0.0,0.0,0.0,0.0,0.3421481252964706,0.0,0.0,0.0,0.0,0.0,0.0,0.7550106335330056,0.2751728165091075,0.0,0.0,0.0,0.0,0.0,0.0,0.0,0.0,0.0,0.34135121926186185,0.0,0.0,0.0,0.0,0.2564396882569906,0.0,0.0,0.0,0.0,0.0,0.0,0.0,0.0,0.0,0.0,0.0,E13
5.0,0.0,8.0,54.0,0.0,0.22135968273463763,0.27280588538225176,0.0,0.19155498313298006,0.27280588538225176,0.0,0.0,0.0,0.0,0.0,0.0,0.0,0.0,0.0,0.0,0.0,0.0,0.0,0.22135968273463763,0.0,0.20283710310415376,0.7201791451902878,0.0,0.0,0.0,0.0,0.0,0.0,0.0,0.0,0.0,0.0,0.0,0.0,0.0,0.0,0.0,0.20966499272154374,0.0,0.0,0.0,0.0,0.0,0.0,0.19564512803276962,0.27280588538225176,0.0,0.0,0.0,E11
3.0,0.0,8.0,55.0,0.0,0.0,0.0,0.0,0.34939103204185995,0.0,0.0,0.0,0.0,0.0,0.0,0.0,0.0,0.0,0.48840804444937863,0.0,0.0,0.0,0.0,0.0,0.0,0.0,0.37531057018216657,0.0,0.4992621880111665,0.0,0.0,0.0,0.0,0.0,0.0,0.0,0.0,0.0,0.0,0.0,0.0,0.0,0.0,0.0,0.0,0.0,0.0,0.0,0.4992621880111665,0.0,0.0,0.0,0.0,0.0,E6
3.0,0.0,8.0,55.0,0.0,0.0,0.0,0.0,0.34939103204185995,0.0,0.0,0.0,0.0,0.0,0.0,0.0,0.0,0.0,0.48840804444937863,0.0,0.0,0.0,0.0,0.0,0.0,0.0,0.37531057018216657,0.0,0.4992621880111665,0.0,0.0,0.0,0.0,0.0,0.0,0.0,0.0,0.0,0.0,0.0,0.0,0.0,0.0,0.0,0.0,0.0,0.0,0.0,0.4992621880111665,0.0,0.0,0.0,0.0,0.0,E10
5.0,0.0,8.0,56.0,0.0,0.22135968273463763,0.27280588538225176,0.0,0.19155498313298006,0.27280588538225176,0.0,0.0,0.0,0.0,0.0,0.0,0.0,0.0,0.0,0.0,0.0,0.0,0.0,0.22135968273463763,0.0,0.20283710310415376,0.7201791451902878,0.0,0.0,0.0,0.0,0.0,0.0,0.0,0.0,0.0,0.0,0.0,0.0,0.0,0.0,0.0,0.20966499272154374,0.0,0.0,0.0,0.0,0.0,0.0,0.19564512803276962,0.27280588538225176,0.0,0.0,0.0,E10
2.0,0.0,8.0,56.0,0.0,0.0,0.0,0.0,0.15378644268229635,0.0,0.0,0.0,0.0,0.0,0.22406124171850228,0.0,0.0,0.0,0.0,0.0,0.0,0.0,0.0,0.0,0.0,0.0,0.908572908515739,0.0,0.0,0.0,0.0,0.0,0.0,0.0,0.0,0.0,0.0,0.0,0.2245843268741186,0.0,0.0,0.0,0.0,0.22406124171850228,0.0,0.0,0.0,0.0,0.0,0.0,0.0,0.0,0.0,0.0,E6
5.0,0.0,8.0,56.0,0.34645460062853967,0.0,0.0,0.34645460062853967,0.18010214739829525,0.0,0.0,0.0,0.0,0.0,0.0,0.0,0.0,0.0,0.0,0.0,0.0,0.0,0.0,0.0,0.0,0.19070972335784614,0.09673150343336294,0.0,0.0,0.34645460062853967,0.0,0.0,0.5671702413556386,0.0,0.0,0.0,0.0,0.0,0.0,0.34645460062853967,0.0,0.0,0.0,0.0,0.0,0.0,0.0,0.0,0.0,0.0,0.0,0.34645460062853967,0.0,0.0,E13
5.0,0.0,8.0,58.0,0.0,0.26193916470232276,0.0,0.0,0.22667069114193747,0.0,0.0,0.0,0.35845965475525166,0.0,0.0,0.0,0.0,0.0,0.0,0.0,0.0,0.0,0.3609506417434961,0.26193916470232276,0.0,0.24002104042330735,0.6087155832170444,0.26622456539930955,0.0,0.0,0.0,0.0,0.0,0.0,0.0,0.0,0.0,0.0,0.0,0.0,0.0,0.0,0.0,0.0,0.0,0.0,0.0,0.0,0.0,0.2315106381699005,0.0,0.0,0.0,0.0,E7
5.0,0.0,8.0,59.0,0.0,0.2428868481176099,0.0,0.0,0.21018365006497722,0.0,0.0,0.0,0.33238685715354443,0.0,0.0,0.0,0.0,0.0,0.0,0.0,0.0,0.0,0.33469666057283937,0.2428868481176099,0.0,0.22256295295351686,0.6773283082383573,0.2468605473900918,0.0,0.0,0.0,0.0,0.0,0.0,0.0,0.0,0.0,0.0,0.0,0.0,0.0,0.0,0.0,0.0,0.0,0.0,0.0,0.0,0.0,0.21467156037809929,0.0,0.0,0.0,0.0,E8
5.0,0.0,8.0,59.0,0.0,0.2428868481176099,0.0,0.0,0.21018365006497722,0.0,0.0,0.0,0.33238685715354443,0.0,0.0,0.0,0.0,0.0,0.0,0.0,0.0,0.0,0.33469666057283937,0.2428868481176099,0.0,0.22256295295351686,0.6773283082383573,0.2468605473900918,0.0,0.0,0.0,0.0,0.0,0.0,0.0,0.0,0.0,0.0,0.0,0.0,0.0,0.0,0.0,0.0,0.0,0.0,0.0,0.0,0.0,0.21467156037809929,0.0,0.0,0.0,0.0,E8
5.0,0.0,8.0,59.0,0.0,0.26193916470232276,0.0,0.0,0.22667069114193747,0.0,0.0,0.0,0.35845965475525166,0.0,0.0,0.0,0.0,0.0,0.0,0.0,0.0,0.0,0.3609506417434961,0.26193916470232276,0.0,0.24002104042330735,0.6087155832170444,0.26622456539930955,0.0,0.0,0.0,0.0,0.0,0.0,0.0,0.0,0.0,0.0,0.0,0.0,0.0,0.0,0.0,0.0,0.0,0.0,0.0,0.0,0.0,0.2315106381699005,0.0,0.0,0.0,0.0,E8
5.0,0.0,8.0,59.0,0.0,0.2428868481176099,0.0,0.0,0.21018365006497722,0.0,0.0,0.0,0.33238685715354443,0.0,0.0,0.0,0.0,0.0,0.0,0.0,0.0,0.0,0.33469666057283937,0.2428868481176099,0.0,0.22256295295351686,0.6773283082383573,0.2468605473900918,0.0,0.0,0.0,0.0,0.0,0.0,0.0,0.0,0.0,0.0,0.0,0.0,0.0,0.0,0.0,0.0,0.0,0.0,0.0,0.0,0.0,0.21467156037809929,0.0,0.0,0.0,0.0,E8
5.0,0.0,8.0,59.0,0.0,0.2428868481176099,0.0,0.0,0.21018365006497722,0.0,0.0,0.0,0.33238685715354443,0.0,0.0,0.0,0.0,0.0,0.0,0.0,0.0,0.0,0.33469666057283937,0.2428868481176099,0.0,0.22256295295351686,0.6773283082383573,0.2468605473900918,0.0,0.0,0.0,0.0,0.0,0.0,0.0,0.0,0.0,0.0,0.0,0.0,0.0,0.0,0.0,0.0,0.0,0.0,0.0,0.0,0.0,0.21467156037809929,0.0,0.0,0.0,0.0,E8
5.0,0.0,8.0,59.0,0.0,0.2428868481176099,0.0,0.0,0.21018365006497722,0.0,0.0,0.0,0.33238685715354443,0.0,0.0,0.0,0.0,0.0,0.0,0.0,0.0,0.0,0.33469666057283937,0.2428868481176099,0.0,0.22256295295351686,0.6773283082383573,0.2468605473900918,0.0,0.0,0.0,0.0,0.0,0.0,0.0,0.0,0.0,0.0,0.0,0.0,0.0,0.0,0.0,0.0,0.0,0.0,0.0,0.0,0.0,0.21467156037809929,0.0,0.0,0.0,0.0,E8
5.0,0.0,8.0,59.0,0.0,0.2428868481176099,0.0,0.0,0.21018365006497722,0.0,0.0,0.0,0.33238685715354443,0.0,0.0,0.0,0.0,0.0,0.0,0.0,0.0,0.0,0.33469666057283937,0.2428868481176099,0.0,0.22256295295351686,0.6773283082383573,0.2468605473900918,0.0,0.0,0.0,0.0,0.0,0.0,0.0,0.0,0.0,0.0,0.0,0.0,0.0,0.0,0.0,0.0,0.0,0.0,0.0,0.0,0.0,0.21467156037809929,0.0,0.0,0.0,0.0,E8
5.0,0.0,8.0,59.0,0.0,0.2428868481176099,0.0,0.0,0.21018365006497722,0.0,0.0,0.0,0.33238685715354443,0.0,0.0,0.0,0.0,0.0,0.0,0.0,0.0,0.0,0.33469666057283937,0.2428868481176099,0.0,0.22256295295351686,0.6773283082383573,0.2468605473900918,0.0,0.0,0.0,0.0,0.0,0.0,0.0,0.0,0.0,0.0,0.0,0.0,0.0,0.0,0.0,0.0,0.0,0.0,0.0,0.0,0.0,0.21467156037809929,0.0,0.0,0.0,0.0,E8
5.0,0.0,8.0,59.0,0.0,0.2428868481176099,0.0,0.0,0.21018365006497722,0.0,0.0,0.0,0.33238685715354443,0.0,0.0,0.0,0.0,0.0,0.0,0.0,0.0,0.0,0.33469666057283937,0.2428868481176099,0.0,0.22256295295351686,0.6773283082383573,0.2468605473900918,0.0,0.0,0.0,0.0,0.0,0.0,0.0,0.0,0.0,0.0,0.0,0.0,0.0,0.0,0.0,0.0,0.0,0.0,0.0,0.0,0.0,0.21467156037809929,0.0,0.0,0.0,0.0,E8
5.0,0.0,8.0,59.0,0.0,0.2428868481176099,0.0,0.0,0.21018365006497722,0.0,0.0,0.0,0.33238685715354443,0.0,0.0,0.0,0.0,0.0,0.0,0.0,0.0,0.0,0.33469666057283937,0.2428868481176099,0.0,0.22256295295351686,0.6773283082383573,0.2468605473900918,0.0,0.0,0.0,0.0,0.0,0.0,0.0,0.0,0.0,0.0,0.0,0.0,0.0,0.0,0.0,0.0,0.0,0.0,0.0,0.0,0.0,0.21467156037809929,0.0,0.0,0.0,0.0,E8
5.0,0.0,8.0,59.0,0.0,0.26193916470232276,0.0,0.0,0.22667069114193747,0.0,0.0,0.0,0.35845965475525166,0.0,0.0,0.0,0.0,0.0,0.0,0.0,0.0,0.0,0.3609506417434961,0.26193916470232276,0.0,0.24002104042330735,0.6087155832170444,0.26622456539930955,0.0,0.0,0.0,0.0,0.0,0.0,0.0,0.0,0.0,0.0,0.0,0.0,0.0,0.0,0.0,0.0,0.0,0.0,0.0,0.0,0.0,0.2315106381699005,0.0,0.0,0.0,0.0,E8
5.0,0.0,8.0,59.0,0.0,0.26193916470232276,0.0,0.0,0.22667069114193747,0.0,0.0,0.0,0.35845965475525166,0.0,0.0,0.0,0.0,0.0,0.0,0.0,0.0,0.0,0.3609506417434961,0.26193916470232276,0.0,0.24002104042330735,0.6087155832170444,0.26622456539930955,0.0,0.0,0.0,0.0,0.0,0.0,0.0,0.0,0.0,0.0,0.0,0.0,0.0,0.0,0.0,0.0,0.0,0.0,0.0,0.0,0.0,0.2315106381699005,0.0,0.0,0.0,0.0,E8
5.0,0.0,8.0,59.0,0.0,0.2428868481176099,0.0,0.0,0.21018365006497722,0.0,0.0,0.0,0.33238685715354443,0.0,0.0,0.0,0.0,0.0,0.0,0.0,0.0,0.0,0.33469666057283937,0.2428868481176099,0.0,0.22256295295351686,0.6773283082383573,0.2468605473900918,0.0,0.0,0.0,0.0,0.0,0.0,0.0,0.0,0.0,0.0,0.0,0.0,0.0,0.0,0.0,0.0,0.0,0.0,0.0,0.0,0.0,0.21467156037809929,0.0,0.0,0.0,0.0,E8
5.0,0.0,8.0,59.0,0.0,0.2428868481176099,0.0,0.0,0.21018365006497722,0.0,0.0,0.0,0.33238685715354443,0.0,0.0,0.0,0.0,0.0,0.0,0.0,0.0,0.0,0.33469666057283937,0.2428868481176099,0.0,0.22256295295351686,0.6773283082383573,0.2468605473900918,0.0,0.0,0.0,0.0,0.0,0.0,0.0,0.0,0.0,0.0,0.0,0.0,0.0,0.0,0.0,0.0,0.0,0.0,0.0,0.0,0.0,0.21467156037809929,0.0,0.0,0.0,0.0,E8
5.0,0.0,8.0,59.0,0.0,0.2428868481176099,0.0,0.0,0.21018365006497722,0.0,0.0,0.0,0.33238685715354443,0.0,0.0,0.0,0.0,0.0,0.0,0.0,0.0,0.0,0.33469666057283937,0.2428868481176099,0.0,0.22256295295351686,0.6773283082383573,0.2468605473900918,0.0,0.0,0.0,0.0,0.0,0.0,0.0,0.0,0.0,0.0,0.0,0.0,0.0,0.0,0.0,0.0,0.0,0.0,0.0,0.0,0.0,0.21467156037809929,0.0,0.0,0.0,0.0,E8
5.0,0.0,8.0,59.0,0.0,0.26193916470232276,0.0,0.0,0.22667069114193747,0.0,0.0,0.0,0.35845965475525166,0.0,0.0,0.0,0.0,0.0,0.0,0.0,0.0,0.0,0.3609506417434961,0.26193916470232276,0.0,0.24002104042330735,0.6087155832170444,0.26622456539930955,0.0,0.0,0.0,0.0,0.0,0.0,0.0,0.0,0.0,0.0,0.0,0.0,0.0,0.0,0.0,0.0,0.0,0.0,0.0,0.0,0.0,0.2315106381699005,0.0,0.0,0.0,0.0,E8
5.0,0.0,8.0,59.0,0.0,0.2428868481176099,0.0,0.0,0.21018365006497722,0.0,0.0,0.0,0.33238685715354443,0.0,0.0,0.0,0.0,0.0,0.0,0.0,0.0,0.0,0.33469666057283937,0.2428868481176099,0.0,0.22256295295351686,0.6773283082383573,0.2468605473900918,0.0,0.0,0.0,0.0,0.0,0.0,0.0,0.0,0.0,0.0,0.0,0.0,0.0,0.0,0.0,0.0,0.0,0.0,0.0,0.0,0.0,0.21467156037809929,0.0,0.0,0.0,0.0,E8
5.0,0.0,8.0,59.0,0.0,0.2428868481176099,0.0,0.0,0.21018365006497722,0.0,0.0,0.0,0.33238685715354443,0.0,0.0,0.0,0.0,0.0,0.0,0.0,0.0,0.0,0.33469666057283937,0.2428868481176099,0.0,0.22256295295351686,0.6773283082383573,0.2468605473900918,0.0,0.0,0.0,0.0,0.0,0.0,0.0,0.0,0.0,0.0,0.0,0.0,0.0,0.0,0.0,0.0,0.0,0.0,0.0,0.0,0.0,0.21467156037809929,0.0,0.0,0.0,0.0,E8
5.0,0.0,8.0,59.0,0.0,0.2428868481176099,0.0,0.0,0.21018365006497722,0.0,0.0,0.0,0.33238685715354443,0.0,0.0,0.0,0.0,0.0,0.0,0.0,0.0,0.0,0.33469666057283937,0.2428868481176099,0.0,0.22256295295351686,0.6773283082383573,0.2468605473900918,0.0,0.0,0.0,0.0,0.0,0.0,0.0,0.0,0.0,0.0,0.0,0.0,0.0,0.0,0.0,0.0,0.0,0.0,0.0,0.0,0.0,0.21467156037809929,0.0,0.0,0.0,0.0,E8
5.0,0.0,8.0,59.0,0.0,0.26193916470232276,0.0,0.0,0.22667069114193747,0.0,0.0,0.0,0.35845965475525166,0.0,0.0,0.0,0.0,0.0,0.0,0.0,0.0,0.0,0.3609506417434961,0.26193916470232276,0.0,0.24002104042330735,0.6087155832170444,0.26622456539930955,0.0,0.0,0.0,0.0,0.0,0.0,0.0,0.0,0.0,0.0,0.0,0.0,0.0,0.0,0.0,0.0,0.0,0.0,0.0,0.0,0.0,0.2315106381699005,0.0,0.0,0.0,0.0,E8
4.0,0.0,9.0,0.0,0.0,0.0,0.0,0.0,0.34040857727446816,0.0,0.34324002279077004,0.34324002279077004,0.0,0.34324002279077004,0.0,0.34324002279077004,0.0,0.34324002279077004,0.0,0.0,0.0,0.34324002279077004,0.0,0.0,0.34324002279077004,0.0,0.24377450194824343,0.0,0.0,0.0,0.0,0.0,0.0,0.0,0.0,0.0,0.0,0.0,0.0,0.0,0.0,0.0,0.0,0.0,0.0,0.0,0.0,0.0,0.0,0.0,0.0,0.0,0.0,0.0,E8
4.0,0.0,9.0,0.0,0.0,0.0,0.0,0.0,0.34040857727446816,0.0,0.34324002279077004,0.34324002279077004,0.0,0.34324002279077004,0.0,0.34324002279077004,0.0,0.34324002279077004,0.0,0.0,0.0,0.34324002279077004,0.0,0.0,0.34324002279077004,0.0,0.24377450194824343,0.0,0.0,0.0,0.0,0.0,0.0,0.0,0.0,0.0,0.0,0.0,0.0,0.0,0.0,0.0,0.0,0.0,0.0,0.0,0.0,0.0,0.0,0.0,0.0,0.0,0.0,0.0,E9
3.0,0.0,9.0,0.0,0.0,0.0,0.0,0.0,0.34939103204185995,0.0,0.0,0.0,0.0,0.0,0.0,0.0,0.0,0.0,0.48840804444937863,0.0,0.0,0.0,0.0,0.0,0.0,0.0,0.37531057018216657,0.0,0.4992621880111665,0.0,0.0,0.0,0.0,0.0,0.0,0.0,0.0,0.0,0.0,0.0,0.0,0.0,0.0,0.0,0.0,0.0,0.0,0.0,0.4992621880111665,0.0,0.0,0.0,0.0,0.0,E9
4.0,0.0,9.0,0.0,0.0,0.0,0.0,0.0,0.2753858782225747,0.0,0.27767647887779107,0.27767647887779107,0.0,0.27767647887779107,0.0,0.27767647887779107,0.0,0.27767647887779107,0.0,0.0,0.0,0.27767647887779107,0.0,0.0,0.27767647887779107,0.0,0.19721023437420568,0.0,0.0,0.0,0.0,0.0,0.0,0.0,0.0,0.0,0.0,0.0,0.0,0.0,0.0,0.0,0.0,0.0,0.0,0.0,0.5878274858152464,0.0,0.0,0.0,0.0,0.0,0.0,0.0,E10
4.0,0.0,9.0,1.0,0.0,0.0,0.0,0.0,0.3509974905653215,0.0,0.3539170123906868,0.3539170123906868,0.0,0.3539170123906868,0.0,0.3539170123906868,0.0,0.3539170123906868,0.0,0.0,0.0,0.3539170123906868,0.0,0.0,0.3539170123906868,0.0,0.0,0.0,0.0,0.0,0.0,0.0,0.0,0.0,0.0,0.0,0.0,0.0,0.0,0.0,0.0,0.0,0.0,0.0,0.0,0.0,0.0,0.0,0.0,0.0,0.0,0.0,0.0,0.0,E9
4.0,0.0,9.0,1.0,0.0,0.0,0.0,0.0,0.34040857727446816,0.0,0.34324002279077004,0.34324002279077004,0.0,0.34324002279077004,0.0,0.34324002279077004,0.0,0.34324002279077004,0.0,0.0,0.0,0.34324002279077004,0.0,0.0,0.34324002279077004,0.0,0.24377450194824343,0.0,0.0,0.0,0.0,0.0,0.0,0.0,0.0,0.0,0.0,0.0,0.0,0.0,0.0,0.0,0.0,0.0,0.0,0.0,0.0,0.0,0.0,0.0,0.0,0.0,0.0,0.0,E9
4.0,0.0,9.0,1.0,0.0,0.0,0.0,0.0,0.34040857727446816,0.0,0.34324002279077004,0.34324002279077004,0.0,0.34324002279077004,0.0,0.34324002279077004,0.0,0.34324002279077004,0.0,0.0,0.0,0.34324002279077004,0.0,0.0,0.34324002279077004,0.0,0.24377450194824343,0.0,0.0,0.0,0.0,0.0,0.0,0.0,0.0,0.0,0.0,0.0,0.0,0.0,0.0,0.0,0.0,0.0,0.0,0.0,0.0,0.0,0.0,0.0,0.0,0.0,0.0,0.0,E9
4.0,0.0,9.0,1.0,0.0,0.0,0.0,0.0,0.34040857727446816,0.0,0.34324002279077004,0.34324002279077004,0.0,0.34324002279077004,0.0,0.34324002279077004,0.0,0.34324002279077004,0.0,0.0,0.0,0.34324002279077004,0.0,0.0,0.34324002279077004,0.0,0.24377450194824343,0.0,0.0,0.0,0.0,0.0,0.0,0.0,0.0,0.0,0.0,0.0,0.0,0.0,0.0,0.0,0.0,0.0,0.0,0.0,0.0,0.0,0.0,0.0,0.0,0.0,0.0,0.0,E9
4.0,0.0,9.0,1.0,0.0,0.0,0.0,0.0,0.34040857727446816,0.0,0.34324002279077004,0.34324002279077004,0.0,0.34324002279077004,0.0,0.34324002279077004,0.0,0.34324002279077004,0.0,0.0,0.0,0.34324002279077004,0.0,0.0,0.34324002279077004,0.0,0.24377450194824343,0.0,0.0,0.0,0.0,0.0,0.0,0.0,0.0,0.0,0.0,0.0,0.0,0.0,0.0,0.0,0.0,0.0,0.0,0.0,0.0,0.0,0.0,0.0,0.0,0.0,0.0,0.0,E9
4.0,0.0,9.0,1.0,0.0,0.0,0.0,0.0,0.3509974905653215,0.0,0.3539170123906868,0.3539170123906868,0.0,0.3539170123906868,0.0,0.3539170123906868,0.0,0.3539170123906868,0.0,0.0,0.0,0.3539170123906868,0.0,0.0,0.3539170123906868,0.0,0.0,0.0,0.0,0.0,0.0,0.0,0.0,0.0,0.0,0.0,0.0,0.0,0.0,0.0,0.0,0.0,0.0,0.0,0.0,0.0,0.0,0.0,0.0,0.0,0.0,0.0,0.0,0.0,E9
4.0,0.0,9.0,1.0,0.0,0.0,0.0,0.0,0.34040857727446816,0.0,0.34324002279077004,0.34324002279077004,0.0,0.34324002279077004,0.0,0.34324002279077004,0.0,0.34324002279077004,0.0,0.0,0.0,0.34324002279077004,0.0,0.0,0.34324002279077004,0.0,0.24377450194824343,0.0,0.0,0.0,0.0,0.0,0.0,0.0,0.0,0.0,0.0,0.0,0.0,0.0,0.0,0.0,0.0,0.0,0.0,0.0,0.0,0.0,0.0,0.0,0.0,0.0,0.0,0.0,E9
4.0,0.0,9.0,1.0,0.0,0.0,0.0,0.0,0.3509974905653215,0.0,0.3539170123906868,0.3539170123906868,0.0,0.3539170123906868,0.0,0.3539170123906868,0.0,0.3539170123906868,0.0,0.0,0.0,0.3539170123906868,0.0,0.0,0.3539170123906868,0.0,0.0,0.0,0.0,0.0,0.0,0.0,0.0,0.0,0.0,0.0,0.0,0.0,0.0,0.0,0.0,0.0,0.0,0.0,0.0,0.0,0.0,0.0,0.0,0.0,0.0,0.0,0.0,0.0,E9
4.0,0.0,9.0,1.0,0.0,0.0,0.0,0.0,0.3509974905653215,0.0,0.3539170123906868,0.3539170123906868,0.0,0.3539170123906868,0.0,0.3539170123906868,0.0,0.3539170123906868,0.0,0.0,0.0,0.3539170123906868,0.0,0.0,0.3539170123906868,0.0,0.0,0.0,0.0,0.0,0.0,0.0,0.0,0.0,0.0,0.0,0.0,0.0,0.0,0.0,0.0,0.0,0.0,0.0,0.0,0.0,0.0,0.0,0.0,0.0,0.0,0.0,0.0,0.0,E9
4.0,0.0,9.0,1.0,0.0,0.0,0.0,0.0,0.34040857727446816,0.0,0.34324002279077004,0.34324002279077004,0.0,0.34324002279077004,0.0,0.34324002279077004,0.0,0.34324002279077004,0.0,0.0,0.0,0.34324002279077004,0.0,0.0,0.34324002279077004,0.0,0.24377450194824343,0.0,0.0,0.0,0.0,0.0,0.0,0.0,0.0,0.0,0.0,0.0,0.0,0.0,0.0,0.0,0.0,0.0,0.0,0.0,0.0,0.0,0.0,0.0,0.0,0.0,0.0,0.0,E9
4.0,0.0,9.0,1.0,0.0,0.0,0.0,0.0,0.34040857727446816,0.0,0.34324002279077004,0.34324002279077004,0.0,0.34324002279077004,0.0,0.34324002279077004,0.0,0.34324002279077004,0.0,0.0,0.0,0.34324002279077004,0.0,0.0,0.34324002279077004,0.0,0.24377450194824343,0.0,0.0,0.0,0.0,0.0,0.0,0.0,0.0,0.0,0.0,0.0,0.0,0.0,0.0,0.0,0.0,0.0,0.0,0.0,0.0,0.0,0.0,0.0,0.0,0.0,0.0,0.0,E9
4.0,0.0,9.0,1.0,0.0,0.0,0.0,0.0,0.34040857727446816,0.0,0.34324002279077004,0.34324002279077004,0.0,0.34324002279077004,0.0,0.34324002279077004,0.0,0.34324002279077004,0.0,0.0,0.0,0.34324002279077004,0.0,0.0,0.34324002279077004,0.0,0.24377450194824343,0.0,0.0,0.0,0.0,0.0,0.0,0.0,0.0,0.0,0.0,0.0,0.0,0.0,0.0,0.0,0.0,0.0,0.0,0.0,0.0,0.0,0.0,0.0,0.0,0.0,0.0,0.0,E9
4.0,0.0,9.0,1.0,0.0,0.0,0.0,0.0,0.3509974905653215,0.0,0.3539170123906868,0.3539170123906868,0.0,0.3539170123906868,0.0,0.3539170123906868,0.0,0.3539170123906868,0.0,0.0,0.0,0.3539170123906868,0.0,0.0,0.3539170123906868,0.0,0.0,0.0,0.0,0.0,0.0,0.0,0.0,0.0,0.0,0.0,0.0,0.0,0.0,0.0,0.0,0.0,0.0,0.0,0.0,0.0,0.0,0.0,0.0,0.0,0.0,0.0,0.0,0.0,E9
4.0,0.0,9.0,1.0,0.0,0.0,0.0,0.0,0.3509974905653215,0.0,0.3539170123906868,0.3539170123906868,0.0,0.3539170123906868,0.0,0.3539170123906868,0.0,0.3539170123906868,0.0,0.0,0.0,0.3539170123906868,0.0,0.0,0.3539170123906868,0.0,0.0,0.0,0.0,0.0,0.0,0.0,0.0,0.0,0.0,0.0,0.0,0.0,0.0,0.0,0.0,0.0,0.0,0.0,0.0,0.0,0.0,0.0,0.0,0.0,0.0,0.0,0.0,0.0,E9
4.0,0.0,9.0,1.0,0.0,0.0,0.0,0.0,0.3509974905653215,0.0,0.3539170123906868,0.3539170123906868,0.0,0.3539170123906868,0.0,0.3539170123906868,0.0,0.3539170123906868,0.0,0.0,0.0,0.3539170123906868,0.0,0.0,0.3539170123906868,0.0,0.0,0.0,0.0,0.0,0.0,0.0,0.0,0.0,0.0,0.0,0.0,0.0,0.0,0.0,0.0,0.0,0.0,0.0,0.0,0.0,0.0,0.0,0.0,0.0,0.0,0.0,0.0,0.0,E9
5.0,0.0,9.0,2.0,0.0,0.22135968273463763,0.27280588538225176,0.0,0.19155498313298006,0.27280588538225176,0.0,0.0,0.0,0.0,0.0,0.0,0.0,0.0,0.0,0.0,0.0,0.0,0.0,0.22135968273463763,0.0,0.20283710310415376,0.7201791451902878,0.0,0.0,0.0,0.0,0.0,0.0,0.0,0.0,0.0,0.0,0.0,0.0,0.0,0.0,0.0,0.20966499272154374,0.0,0.0,0.0,0.0,0.0,0.0,0.19564512803276962,0.27280588538225176,0.0,0.0,0.0,E9
4.0,0.0,9.0,2.0,0.0,0.0,0.0,0.0,0.3509974905653215,0.0,0.3539170123906868,0.3539170123906868,0.0,0.3539170123906868,0.0,0.3539170123906868,0.0,0.3539170123906868,0.0,0.0,0.0,0.3539170123906868,0.0,0.0,0.3539170123906868,0.0,0.0,0.0,0.0,0.0,0.0,0.0,0.0,0.0,0.0,0.0,0.0,0.0,0.0,0.0,0.0,0.0,0.0,0.0,0.0,0.0,0.0,0.0,0.0,0.0,0.0,0.0,0.0,0.0,E6
4.0,0.0,9.0,2.0,0.0,0.0,0.0,0.0,0.3509974905653215,0.0,0.3539170123906868,0.3539170123906868,0.0,0.3539170123906868,0.0,0.3539170123906868,0.0,0.3539170123906868,0.0,0.0,0.0,0.3539170123906868,0.0,0.0,0.3539170123906868,0.0,0.0,0.0,0.0,0.0,0.0,0.0,0.0,0.0,0.0,0.0,0.0,0.0,0.0,0.0,0.0,0.0,0.0,0.0,0.0,0.0,0.0,0.0,0.0,0.0,0.0,0.0,0.0,0.0,E9
4.0,0.0,9.0,2.0,0.0,0.0,0.0,0.0,0.2809024595728336,0.0,0.28323894596822297,0.28323894596822297,0.0,0.28323894596822297,0.0,0.28323894596822297,0.0,0.28323894596822297,0.0,0.0,0.0,0.28323894596822297,0.0,0.0,0.28323894596822297,0.0,0.0,0.0,0.0,0.0,0.0,0.0,0.0,0.0,0.0,0.0,0.0,0.0,0.0,0.0,0.0,0.0,0.0,0.0,0.0,0.0,0.599602955807927,0.0,0.0,0.0,0.0,0.0,0.0,0.0,E9
4.0,0.0,9.0,2.0,0.0,0.0,0.0,0.0,0.34040857727446816,0.0,0.34324002279077004,0.34324002279077004,0.0,0.34324002279077004,0.0,0.34324002279077004,0.0,0.34324002279077004,0.0,0.0,0.0,0.34324002279077004,0.0,0.0,0.34324002279077004,0.0,0.24377450194824343,0.0,0.0,0.0,0.0,0.0,0.0,0.0,0.0,0.0,0.0,0.0,0.0,0.0,0.0,0.0,0.0,0.0,0.0,0.0,0.0,0.0,0.0,0.0,0.0,0.0,0.0,0.0,E9
3.0,0.0,9.0,3.0,0.0,0.0,0.0,0.0,0.3694506407597979,0.0,0.0,0.0,0.0,0.0,0.0,0.0,0.0,0.0,0.516449045413519,0.0,0.0,0.0,0.0,0.0,0.0,0.0,0.19842914946528173,0.0,0.5279263585842844,0.0,0.0,0.0,0.0,0.0,0.0,0.0,0.0,0.0,0.0,0.0,0.0,0.0,0.0,0.0,0.0,0.0,0.0,0.0,0.5279263585842844,0.0,0.0,0.0,0.0,0.0,E9
5.0,0.0,9.0,8.0,0.0,0.22135968273463763,0.27280588538225176,0.0,0.19155498313298006,0.27280588538225176,0.0,0.0,0.0,0.0,0.0,0.0,0.0,0.0,0.0,0.0,0.0,0.0,0.0,0.22135968273463763,0.0,0.20283710310415376,0.7201791451902878,0.0,0.0,0.0,0.0,0.0,0.0,0.0,0.0,0.0,0.0,0.0,0.0,0.0,0.0,0.0,0.20966499272154374,0.0,0.0,0.0,0.0,0.0,0.0,0.19564512803276962,0.27280588538225176,0.0,0.0,0.0,E10
2.0,0.0,9.0,8.0,0.0,0.0,0.0,0.0,0.1661483052439899,0.0,0.0,0.0,0.0,0.0,0.24207202490079238,0.0,0.0,0.0,0.0,0.0,0.0,0.0,0.0,0.0,0.0,0.0,0.892370001764264,0.0,0.0,0.0,0.0,0.0,0.0,0.0,0.0,0.0,0.0,0.0,0.2426371573701316,0.0,0.0,0.0,0.0,0.24207202490079238,0.0,0.0,0.0,0.0,0.0,0.0,0.0,0.0,0.0,0.0,E6
3.0,0.0,9.0,10.0,0.0,0.0,0.0,0.0,0.2578159997202256,0.0,0.0,0.0,0.0,0.0,0.0,0.0,0.0,0.0,0.0,0.37650544316290596,0.0,0.0,0.0,0.0,0.0,0.0,0.6923551335276573,0.30280470815490756,0.0,0.0,0.0,0.0,0.0,0.0,0.0,0.0,0.0,0.37562851461197616,0.0,0.0,0.0,0.0,0.2821904646944785,0.0,0.0,0.0,0.0,0.0,0.0,0.0,0.0,0.0,0.0,0.0,E13
3.0,0.0,9.0,10.0,0.0,0.0,0.0,0.0,0.2578159997202256,0.0,0.0,0.0,0.0,0.0,0.0,0.0,0.0,0.0,0.0,0.37650544316290596,0.0,0.0,0.0,0.0,0.0,0.0,0.6923551335276573,0.30280470815490756,0.0,0.0,0.0,0.0,0.0,0.0,0.0,0.0,0.0,0.37562851461197616,0.0,0.0,0.0,0.0,0.2821904646944785,0.0,0.0,0.0,0.0,0.0,0.0,0.0,0.0,0.0,0.0,0.0,E11
5.0,0.0,9.0,12.0,0.34330905443637133,0.0,0.0,0.34330905443637133,0.1784669558813627,0.0,0.0,0.0,0.0,0.0,0.0,0.0,0.0,0.0,0.0,0.0,0.0,0.0,0.0,0.0,0.0,0.1889782230601753,0.19170650883358958,0.0,0.0,0.34330905443637133,0.0,0.0,0.0,0.5535159049641829,0.0,0.0,0.0,0.0,0.0,0.34330905443637133,0.0,0.0,0.0,0.0,0.0,0.0,0.0,0.0,0.0,0.0,0.0,0.34330905443637133,0.0,0.0,E11
2.0,0.0,9.0,12.0,0.0,0.0,0.0,0.0,0.15378644268229635,0.0,0.0,0.0,0.0,0.0,0.22406124171850228,0.0,0.0,0.0,0.0,0.0,0.0,0.0,0.0,0.0,0.0,0.0,0.908572908515739,0.0,0.0,0.0,0.0,0.0,0.0,0.0,0.0,0.0,0.0,0.0,0.2245843268741186,0.0,0.0,0.0,0.0,0.22406124171850228,0.0,0.0,0.0,0.0,0.0,0.0,0.0,0.0,0.0,0.0,E7
5.0,0.0,9.0,13.0,0.0,0.22135968273463763,0.27280588538225176,0.0,0.19155498313298006,0.27280588538225176,0.0,0.0,0.0,0.0,0.0,0.0,0.0,0.0,0.0,0.0,0.0,0.0,0.0,0.22135968273463763,0.0,0.20283710310415376,0.7201791451902878,0.0,0.0,0.0,0.0,0.0,0.0,0.0,0.0,0.0,0.0,0.0,0.0,0.0,0.0,0.0,0.20966499272154374,0.0,0.0,0.0,0.0,0.0,0.0,0.19564512803276962,0.27280588538225176,0.0,0.0,0.0,E13
5.0,0.0,9.0,13.0,0.3481405736831611,0.0,0.0,0.3481405736831611,0.18097858941130968,0.0,0.0,0.0,0.0,0.0,0.0,0.0,0.0,0.0,0.0,0.0,0.0,0.0,0.0,0.0,0.0,0.19163778566168715,0.09720223382062235,0.0,0.0,0.3481405736831611,0.0,0.0,0.0,0.5613057453825466,0.0,0.0,0.0,0.0,0.0,0.3481405736831611,0.0,0.0,0.0,0.0,0.0,0.0,0.0,0.0,0.0,0.0,0.0,0.3481405736831611,0.0,0.0,E6
2.0,0.0,9.0,14.0,0.0,0.0,0.0,0.0,0.15378644268229635,0.0,0.0,0.0,0.0,0.0,0.22406124171850228,0.0,0.0,0.0,0.0,0.0,0.0,0.0,0.0,0.0,0.0,0.0,0.908572908515739,0.0,0.0,0.0,0.0,0.0,0.0,0.0,0.0,0.0,0.0,0.0,0.2245843268741186,0.0,0.0,0.0,0.0,0.22406124171850228,0.0,0.0,0.0,0.0,0.0,0.0,0.0,0.0,0.0,0.0,E7
2.0,0.0,9.0,15.0,0.0,0.0,0.0,0.0,0.1661483052439899,0.0,0.0,0.0,0.0,0.0,0.24207202490079238,0.0,0.0,0.0,0.0,0.0,0.0,0.0,0.0,0.0,0.0,0.0,0.892370001764264,0.0,0.0,0.0,0.0,0.0,0.0,0.0,0.0,0.0,0.0,0.0,0.2426371573701316,0.0,0.0,0.0,0.0,0.24207202490079238,0.0,0.0,0.0,0.0,0.0,0.0,0.0,0.0,0.0,0.0,E13
3.0,0.0,9.0,16.0,0.0,0.0,0.0,0.0,0.2578159997202256,0.0,0.0,0.0,0.0,0.0,0.0,0.0,0.0,0.0,0.0,0.37650544316290596,0.0,0.0,0.0,0.0,0.0,0.0,0.6923551335276573,0.30280470815490756,0.0,0.0,0.0,0.0,0.0,0.0,0.0,0.0,0.0,0.37562851461197616,0.0,0.0,0.0,0.0,0.2821904646944785,0.0,0.0,0.0,0.0,0.0,0.0,0.0,0.0,0.0,0.0,0.0,E13
5.0,0.0,9.0,17.0,0.0,0.22135968273463763,0.27280588538225176,0.0,0.19155498313298006,0.27280588538225176,0.0,0.0,0.0,0.0,0.0,0.0,0.0,0.0,0.0,0.0,0.0,0.0,0.0,0.22135968273463763,0.0,0.20283710310415376,0.7201791451902878,0.0,0.0,0.0,0.0,0.0,0.0,0.0,0.0,0.0,0.0,0.0,0.0,0.0,0.0,0.0,0.20966499272154374,0.0,0.0,0.0,0.0,0.0,0.0,0.19564512803276962,0.27280588538225176,0.0,0.0,0.0,E11
5.0,0.0,9.0,17.0,0.0,0.0,0.0,0.0,0.6277094741878689,0.0,0.0,0.0,0.19853340568242006,0.0,0.0,0.0,0.0,0.0,0.0,0.0,0.0,0.0,0.0,0.0,0.0,0.0,0.7417036413853035,0.0,0.0,0.0,0.0,0.0,0.0,0.0,0.0,0.0,0.0,0.0,0.0,0.0,0.0,0.0,0.0,0.0,0.0,0.0,0.0,0.0,0.0,0.12822250659969828,0.0,0.0,0.0,0.0,E6
4.0,0.0,9.0,17.0,0.0,0.0,0.0,0.0,0.34040857727446816,0.0,0.34324002279077004,0.34324002279077004,0.0,0.34324002279077004,0.0,0.34324002279077004,0.0,0.34324002279077004,0.0,0.0,0.0,0.34324002279077004,0.0,0.0,0.34324002279077004,0.0,0.24377450194824343,0.0,0.0,0.0,0.0,0.0,0.0,0.0,0.0,0.0,0.0,0.0,0.0,0.0,0.0,0.0,0.0,0.0,0.0,0.0,0.0,0.0,0.0,0.0,0.0,0.0,0.0,0.0,E4
3.0,0.0,9.0,18.0,0.0,0.0,0.0,0.0,0.3694506407597979,0.0,0.0,0.0,0.0,0.0,0.0,0.0,0.0,0.0,0.516449045413519,0.0,0.0,0.0,0.0,0.0,0.0,0.0,0.19842914946528173,0.0,0.5279263585842844,0.0,0.0,0.0,0.0,0.0,0.0,0.0,0.0,0.0,0.0,0.0,0.0,0.0,0.0,0.0,0.0,0.0,0.0,0.0,0.5279263585842844,0.0,0.0,0.0,0.0,0.0,E9
3.0,0.0,9.0,20.0,0.0,0.0,0.0,0.0,0.2578159997202256,0.0,0.0,0.0,0.0,0.0,0.0,0.0,0.0,0.0,0.0,0.37650544316290596,0.0,0.0,0.0,0.0,0.0,0.0,0.6923551335276573,0.30280470815490756,0.0,0.0,0.0,0.0,0.0,0.0,0.0,0.0,0.0,0.37562851461197616,0.0,0.0,0.0,0.0,0.2821904646944785,0.0,0.0,0.0,0.0,0.0,0.0,0.0,0.0,0.0,0.0,0.0,E10
2.0,0.0,9.0,20.0,0.0,0.0,0.0,0.0,0.1661483052439899,0.0,0.0,0.0,0.0,0.0,0.24207202490079238,0.0,0.0,0.0,0.0,0.0,0.0,0.0,0.0,0.0,0.0,0.0,0.892370001764264,0.0,0.0,0.0,0.0,0.0,0.0,0.0,0.0,0.0,0.0,0.0,0.2426371573701316,0.0,0.0,0.0,0.0,0.24207202490079238,0.0,0.0,0.0,0.0,0.0,0.0,0.0,0.0,0.0,0.0,E11
3.0,0.0,9.0,22.0,0.0,0.0,0.0,0.0,0.3694506407597979,0.0,0.0,0.0,0.0,0.0,0.0,0.0,0.0,0.0,0.516449045413519,0.0,0.0,0.0,0.0,0.0,0.0,0.0,0.19842914946528173,0.0,0.5279263585842844,0.0,0.0,0.0,0.0,0.0,0.0,0.0,0.0,0.0,0.0,0.0,0.0,0.0,0.0,0.0,0.0,0.0,0.0,0.0,0.5279263585842844,0.0,0.0,0.0,0.0,0.0,E13
3.0,0.0,9.0,22.0,0.0,0.0,0.0,0.0,0.3694506407597979,0.0,0.0,0.0,0.0,0.0,0.0,0.0,0.0,0.0,0.516449045413519,0.0,0.0,0.0,0.0,0.0,0.0,0.0,0.19842914946528173,0.0,0.5279263585842844,0.0,0.0,0.0,0.0,0.0,0.0,0.0,0.0,0.0,0.0,0.0,0.0,0.0,0.0,0.0,0.0,0.0,0.0,0.0,0.5279263585842844,0.0,0.0,0.0,0.0,0.0,E10
5.0,0.0,9.0,23.0,0.34330905443637133,0.0,0.0,0.34330905443637133,0.1784669558813627,0.0,0.0,0.0,0.0,0.0,0.0,0.0,0.0,0.0,0.0,0.0,0.0,0.0,0.0,0.0,0.0,0.1889782230601753,0.19170650883358958,0.0,0.0,0.34330905443637133,0.0,0.0,0.0,0.5535159049641829,0.0,0.0,0.0,0.0,0.0,0.34330905443637133,0.0,0.0,0.0,0.0,0.0,0.0,0.0,0.0,0.0,0.0,0.0,0.34330905443637133,0.0,0.0,E10
2.0,0.0,9.0,24.0,0.0,0.0,0.0,0.0,0.1661483052439899,0.0,0.0,0.0,0.0,0.0,0.24207202490079238,0.0,0.0,0.0,0.0,0.0,0.0,0.0,0.0,0.0,0.0,0.0,0.892370001764264,0.0,0.0,0.0,0.0,0.0,0.0,0.0,0.0,0.0,0.0,0.0,0.2426371573701316,0.0,0.0,0.0,0.0,0.24207202490079238,0.0,0.0,0.0,0.0,0.0,0.0,0.0,0.0,0.0,0.0,E7
5.0,0.0,9.0,24.0,0.0,0.22135968273463763,0.27280588538225176,0.0,0.19155498313298006,0.27280588538225176,0.0,0.0,0.0,0.0,0.0,0.0,0.0,0.0,0.0,0.0,0.0,0.0,0.0,0.22135968273463763,0.0,0.20283710310415376,0.7201791451902878,0.0,0.0,0.0,0.0,0.0,0.0,0.0,0.0,0.0,0.0,0.0,0.0,0.0,0.0,0.0,0.20966499272154374,0.0,0.0,0.0,0.0,0.0,0.0,0.19564512803276962,0.27280588538225176,0.0,0.0,0.0,E13
4.0,0.0,9.0,26.0,0.0,0.0,0.0,0.0,0.3509974905653215,0.0,0.3539170123906868,0.3539170123906868,0.0,0.3539170123906868,0.0,0.3539170123906868,0.0,0.3539170123906868,0.0,0.0,0.0,0.3539170123906868,0.0,0.0,0.3539170123906868,0.0,0.0,0.0,0.0,0.0,0.0,0.0,0.0,0.0,0.0,0.0,0.0,0.0,0.0,0.0,0.0,0.0,0.0,0.0,0.0,0.0,0.0,0.0,0.0,0.0,0.0,0.0,0.0,0.0,E6
5.0,0.0,9.0,26.0,0.34330905443637133,0.0,0.0,0.34330905443637133,0.1784669558813627,0.0,0.0,0.0,0.0,0.0,0.0,0.0,0.0,0.0,0.0,0.0,0.0,0.0,0.0,0.0,0.0,0.1889782230601753,0.19170650883358958,0.0,0.0,0.34330905443637133,0.0,0.0,0.0,0.5535159049641829,0.0,0.0,0.0,0.0,0.0,0.34330905443637133,0.0,0.0,0.0,0.0,0.0,0.0,0.0,0.0,0.0,0.0,0.0,0.34330905443637133,0.0,0.0,E9
5.0,0.0,9.0,27.0,0.0,0.22135968273463763,0.27280588538225176,0.0,0.19155498313298006,0.27280588538225176,0.0,0.0,0.0,0.0,0.0,0.0,0.0,0.0,0.0,0.0,0.0,0.0,0.0,0.22135968273463763,0.0,0.20283710310415376,0.7201791451902878,0.0,0.0,0.0,0.0,0.0,0.0,0.0,0.0,0.0,0.0,0.0,0.0,0.0,0.0,0.0,0.20966499272154374,0.0,0.0,0.0,0.0,0.0,0.0,0.19564512803276962,0.27280588538225176,0.0,0.0,0.0,E7
5.0,0.0,9.0,27.0,0.34330905443637133,0.0,0.0,0.34330905443637133,0.1784669558813627,0.0,0.0,0.0,0.0,0.0,0.0,0.0,0.0,0.0,0.0,0.0,0.0,0.0,0.0,0.0,0.0,0.1889782230601753,0.19170650883358958,0.0,0.0,0.34330905443637133,0.0,0.0,0.0,0.5535159049641829,0.0,0.0,0.0,0.0,0.0,0.34330905443637133,0.0,0.0,0.0,0.0,0.0,0.0,0.0,0.0,0.0,0.0,0.0,0.34330905443637133,0.0,0.0,E6
3.0,0.0,9.0,28.0,0.0,0.0,0.0,0.0,0.3694506407597979,0.0,0.0,0.0,0.0,0.0,0.0,0.0,0.0,0.0,0.516449045413519,0.0,0.0,0.0,0.0,0.0,0.0,0.0,0.19842914946528173,0.0,0.5279263585842844,0.0,0.0,0.0,0.0,0.0,0.0,0.0,0.0,0.0,0.0,0.0,0.0,0.0,0.0,0.0,0.0,0.0,0.0,0.0,0.5279263585842844,0.0,0.0,0.0,0.0,0.0,E7
3.0,0.0,9.0,29.0,0.0,0.0,0.0,0.0,0.3694506407597979,0.0,0.0,0.0,0.0,0.0,0.0,0.0,0.0,0.0,0.516449045413519,0.0,0.0,0.0,0.0,0.0,0.0,0.0,0.19842914946528173,0.0,0.5279263585842844,0.0,0.0,0.0,0.0,0.0,0.0,0.0,0.0,0.0,0.0,0.0,0.0,0.0,0.0,0.0,0.0,0.0,0.0,0.0,0.5279263585842844,0.0,0.0,0.0,0.0,0.0,E10
5.0,0.0,9.0,30.0,0.0,0.22135968273463763,0.27280588538225176,0.0,0.19155498313298006,0.27280588538225176,0.0,0.0,0.0,0.0,0.0,0.0,0.0,0.0,0.0,0.0,0.0,0.0,0.0,0.22135968273463763,0.0,0.20283710310415376,0.7201791451902878,0.0,0.0,0.0,0.0,0.0,0.0,0.0,0.0,0.0,0.0,0.0,0.0,0.0,0.0,0.0,0.20966499272154374,0.0,0.0,0.0,0.0,0.0,0.0,0.19564512803276962,0.27280588538225176,0.0,0.0,0.0,E10
3.0,0.0,9.0,32.0,0.0,0.0,0.0,0.0,0.34939103204185995,0.0,0.0,0.0,0.0,0.0,0.0,0.0,0.0,0.0,0.48840804444937863,0.0,0.0,0.0,0.0,0.0,0.0,0.0,0.37531057018216657,0.0,0.4992621880111665,0.0,0.0,0.0,0.0,0.0,0.0,0.0,0.0,0.0,0.0,0.0,0.0,0.0,0.0,0.0,0.0,0.0,0.0,0.0,0.4992621880111665,0.0,0.0,0.0,0.0,0.0,E6
2.0,0.0,9.0,33.0,0.0,0.0,0.0,0.0,0.15378644268229635,0.0,0.0,0.0,0.0,0.0,0.22406124171850228,0.0,0.0,0.0,0.0,0.0,0.0,0.0,0.0,0.0,0.0,0.0,0.908572908515739,0.0,0.0,0.0,0.0,0.0,0.0,0.0,0.0,0.0,0.0,0.0,0.2245843268741186,0.0,0.0,0.0,0.0,0.22406124171850228,0.0,0.0,0.0,0.0,0.0,0.0,0.0,0.0,0.0,0.0,E10
3.0,0.0,9.0,33.0,0.0,0.0,0.0,0.0,0.34939103204185995,0.0,0.0,0.0,0.0,0.0,0.0,0.0,0.0,0.0,0.48840804444937863,0.0,0.0,0.0,0.0,0.0,0.0,0.0,0.37531057018216657,0.0,0.4992621880111665,0.0,0.0,0.0,0.0,0.0,0.0,0.0,0.0,0.0,0.0,0.0,0.0,0.0,0.0,0.0,0.0,0.0,0.0,0.0,0.4992621880111665,0.0,0.0,0.0,0.0,0.0,E13
5.0,0.0,9.0,34.0,0.3481405736831611,0.0,0.0,0.3481405736831611,0.18097858941130968,0.0,0.0,0.0,0.0,0.0,0.0,0.0,0.0,0.0,0.0,0.0,0.0,0.0,0.0,0.0,0.0,0.19163778566168715,0.09720223382062235,0.0,0.0,0.3481405736831611,0.0,0.0,0.0,0.5613057453825466,0.0,0.0,0.0,0.0,0.0,0.3481405736831611,0.0,0.0,0.0,0.0,0.0,0.0,0.0,0.0,0.0,0.0,0.0,0.3481405736831611,0.0,0.0,E10
2.0,0.0,9.0,34.0,0.0,0.0,0.0,0.0,0.15378644268229635,0.0,0.0,0.0,0.0,0.0,0.22406124171850228,0.0,0.0,0.0,0.0,0.0,0.0,0.0,0.0,0.0,0.0,0.0,0.908572908515739,0.0,0.0,0.0,0.0,0.0,0.0,0.0,0.0,0.0,0.0,0.0,0.2245843268741186,0.0,0.0,0.0,0.0,0.22406124171850228,0.0,0.0,0.0,0.0,0.0,0.0,0.0,0.0,0.0,0.0,E7
2.0,0.0,9.0,35.0,0.0,0.0,0.0,0.0,0.15378644268229635,0.0,0.0,0.0,0.0,0.0,0.22406124171850228,0.0,0.0,0.0,0.0,0.0,0.0,0.0,0.0,0.0,0.0,0.0,0.908572908515739,0.0,0.0,0.0,0.0,0.0,0.0,0.0,0.0,0.0,0.0,0.0,0.2245843268741186,0.0,0.0,0.0,0.0,0.22406124171850228,0.0,0.0,0.0,0.0,0.0,0.0,0.0,0.0,0.0,0.0,E13
3.0,0.0,9.0,35.0,0.0,0.0,0.0,0.0,0.2578159997202256,0.0,0.0,0.0,0.0,0.0,0.0,0.0,0.0,0.0,0.0,0.37650544316290596,0.0,0.0,0.0,0.0,0.0,0.0,0.6923551335276573,0.30280470815490756,0.0,0.0,0.0,0.0,0.0,0.0,0.0,0.0,0.0,0.37562851461197616,0.0,0.0,0.0,0.0,0.2821904646944785,0.0,0.0,0.0,0.0,0.0,0.0,0.0,0.0,0.0,0.0,0.0,E13
2.0,0.0,9.0,36.0,0.0,0.0,0.0,0.0,0.15378644268229635,0.0,0.0,0.0,0.0,0.0,0.22406124171850228,0.0,0.0,0.0,0.0,0.0,0.0,0.0,0.0,0.0,0.0,0.0,0.908572908515739,0.0,0.0,0.0,0.0,0.0,0.0,0.0,0.0,0.0,0.0,0.0,0.2245843268741186,0.0,0.0,0.0,0.0,0.22406124171850228,0.0,0.0,0.0,0.0,0.0,0.0,0.0,0.0,0.0,0.0,E11
2.0,0.0,9.0,37.0,0.0,0.0,0.0,0.0,0.1661483052439899,0.0,0.0,0.0,0.0,0.0,0.24207202490079238,0.0,0.0,0.0,0.0,0.0,0.0,0.0,0.0,0.0,0.0,0.0,0.892370001764264,0.0,0.0,0.0,0.0,0.0,0.0,0.0,0.0,0.0,0.0,0.0,0.2426371573701316,0.0,0.0,0.0,0.0,0.24207202490079238,0.0,0.0,0.0,0.0,0.0,0.0,0.0,0.0,0.0,0.0,E13
3.0,0.0,9.0,37.0,0.0,0.0,0.0,0.0,0.3694506407597979,0.0,0.0,0.0,0.0,0.0,0.0,0.0,0.0,0.0,0.516449045413519,0.0,0.0,0.0,0.0,0.0,0.0,0.0,0.19842914946528173,0.0,0.5279263585842844,0.0,0.0,0.0,0.0,0.0,0.0,0.0,0.0,0.0,0.0,0.0,0.0,0.0,0.0,0.0,0.0,0.0,0.0,0.0,0.5279263585842844,0.0,0.0,0.0,0.0,0.0,E13
0.0,0.0,9.0,37.0,0.0,0.0,0.0,0.0,0.11808350202038123,0.0,0.0,0.0,0.0,0.0,0.0,0.0,0.0,0.0,0.3301340161278035,0.0,0.0,0.0,0.0,0.0,0.0,0.0,0.12684351459560828,0.0,0.0,0.0,0.0,0.0,0.0,0.0,0.0,0.0,0.0,0.0,0.0,0.0,0.0,0.0,0.0,0.0,0.0,0.0,0.0,0.6561168115324296,0.0,0.0,0.0,0.0,0.6561168115324296,0.0,E10
3.0,0.0,9.0,38.0,0.0,0.0,0.0,0.0,0.23428947065061007,0.0,0.0,0.0,0.0,0.0,0.0,0.0,0.0,0.0,0.0,0.3421481252964706,0.0,0.0,0.0,0.0,0.0,0.0,0.7550106335330056,0.2751728165091075,0.0,0.0,0.0,0.0,0.0,0.0,0.0,0.0,0.0,0.34135121926186185,0.0,0.0,0.0,0.0,0.2564396882569906,0.0,0.0,0.0,0.0,0.0,0.0,0.0,0.0,0.0,0.0,0.0,E14
3.0,0.0,9.0,38.0,0.0,0.0,0.0,0.0,0.3694506407597979,0.0,0.0,0.0,0.0,0.0,0.0,0.0,0.0,0.0,0.516449045413519,0.0,0.0,0.0,0.0,0.0,0.0,0.0,0.19842914946528173,0.0,0.5279263585842844,0.0,0.0,0.0,0.0,0.0,0.0,0.0,0.0,0.0,0.0,0.0,0.0,0.0,0.0,0.0,0.0,0.0,0.0,0.0,0.5279263585842844,0.0,0.0,0.0,0.0,0.0,E11
3.0,0.0,9.0,39.0,0.0,0.0,0.0,0.0,0.3694506407597979,0.0,0.0,0.0,0.0,0.0,0.0,0.0,0.0,0.0,0.516449045413519,0.0,0.0,0.0,0.0,0.0,0.0,0.0,0.19842914946528173,0.0,0.5279263585842844,0.0,0.0,0.0,0.0,0.0,0.0,0.0,0.0,0.0,0.0,0.0,0.0,0.0,0.0,0.0,0.0,0.0,0.0,0.0,0.5279263585842844,0.0,0.0,0.0,0.0,0.0,E10
3.0,0.0,9.0,39.0,0.0,0.0,0.0,0.0,0.23428947065061007,0.0,0.0,0.0,0.0,0.0,0.0,0.0,0.0,0.0,0.0,0.3421481252964706,0.0,0.0,0.0,0.0,0.0,0.0,0.7550106335330056,0.2751728165091075,0.0,0.0,0.0,0.0,0.0,0.0,0.0,0.0,0.0,0.34135121926186185,0.0,0.0,0.0,0.0,0.2564396882569906,0.0,0.0,0.0,0.0,0.0,0.0,0.0,0.0,0.0,0.0,0.0,E10
2.0,0.0,9.0,40.0,0.0,0.0,0.0,0.0,0.15378644268229635,0.0,0.0,0.0,0.0,0.0,0.22406124171850228,0.0,0.0,0.0,0.0,0.0,0.0,0.0,0.0,0.0,0.0,0.0,0.908572908515739,0.0,0.0,0.0,0.0,0.0,0.0,0.0,0.0,0.0,0.0,0.0,0.2245843268741186,0.0,0.0,0.0,0.0,0.22406124171850228,0.0,0.0,0.0,0.0,0.0,0.0,0.0,0.0,0.0,0.0,E11
2.0,0.0,9.0,40.0,0.0,0.0,0.0,0.0,0.1661483052439899,0.0,0.0,0.0,0.0,0.0,0.24207202490079238,0.0,0.0,0.0,0.0,0.0,0.0,0.0,0.0,0.0,0.0,0.0,0.892370001764264,0.0,0.0,0.0,0.0,0.0,0.0,0.0,0.0,0.0,0.0,0.0,0.2426371573701316,0.0,0.0,0.0,0.0,0.24207202490079238,0.0,0.0,0.0,0.0,0.0,0.0,0.0,0.0,0.0,0.0,E13
3.0,0.0,9.0,42.0,0.0,0.0,0.0,0.0,0.3694506407597979,0.0,0.0,0.0,0.0,0.0,0.0,0.0,0.0,0.0,0.516449045413519,0.0,0.0,0.0,0.0,0.0,0.0,0.0,0.19842914946528173,0.0,0.5279263585842844,0.0,0.0,0.0,0.0,0.0,0.0,0.0,0.0,0.0,0.0,0.0,0.0,0.0,0.0,0.0,0.0,0.0,0.0,0.0,0.5279263585842844,0.0,0.0,0.0,0.0,0.0,E13
3.0,0.0,9.0,43.0,0.0,0.0,0.0,0.0,0.23428947065061007,0.0,0.0,0.0,0.0,0.0,0.0,0.0,0.0,0.0,0.0,0.3421481252964706,0.0,0.0,0.0,0.0,0.0,0.0,0.7550106335330056,0.2751728165091075,0.0,0.0,0.0,0.0,0.0,0.0,0.0,0.0,0.0,0.34135121926186185,0.0,0.0,0.0,0.0,0.2564396882569906,0.0,0.0,0.0,0.0,0.0,0.0,0.0,0.0,0.0,0.0,0.0,E10
3.0,0.0,9.0,43.0,0.0,0.0,0.0,0.0,0.2578159997202256,0.0,0.0,0.0,0.0,0.0,0.0,0.0,0.0,0.0,0.0,0.37650544316290596,0.0,0.0,0.0,0.0,0.0,0.0,0.6923551335276573,0.30280470815490756,0.0,0.0,0.0,0.0,0.0,0.0,0.0,0.0,0.0,0.37562851461197616,0.0,0.0,0.0,0.0,0.2821904646944785,0.0,0.0,0.0,0.0,0.0,0.0,0.0,0.0,0.0,0.0,0.0,E11
2.0,0.0,9.0,44.0,0.0,0.0,0.0,0.0,0.1661483052439899,0.0,0.0,0.0,0.0,0.0,0.24207202490079238,0.0,0.0,0.0,0.0,0.0,0.0,0.0,0.0,0.0,0.0,0.0,0.892370001764264,0.0,0.0,0.0,0.0,0.0,0.0,0.0,0.0,0.0,0.0,0.0,0.2426371573701316,0.0,0.0,0.0,0.0,0.24207202490079238,0.0,0.0,0.0,0.0,0.0,0.0,0.0,0.0,0.0,0.0,E11
5.0,0.0,9.0,44.0,0.3481405736831611,0.0,0.0,0.3481405736831611,0.18097858941130968,0.0,0.0,0.0,0.0,0.0,0.0,0.0,0.0,0.0,0.0,0.0,0.0,0.0,0.0,0.0,0.0,0.19163778566168715,0.09720223382062235,0.0,0.0,0.3481405736831611,0.0,0.0,0.0,0.5613057453825466,0.0,0.0,0.0,0.0,0.0,0.3481405736831611,0.0,0.0,0.0,0.0,0.0,0.0,0.0,0.0,0.0,0.0,0.0,0.3481405736831611,0.0,0.0,E13
3.0,0.0,9.0,46.0,0.0,0.0,0.0,0.0,0.23428947065061007,0.0,0.0,0.0,0.0,0.0,0.0,0.0,0.0,0.0,0.0,0.3421481252964706,0.0,0.0,0.0,0.0,0.0,0.0,0.7550106335330056,0.2751728165091075,0.0,0.0,0.0,0.0,0.0,0.0,0.0,0.0,0.0,0.34135121926186185,0.0,0.0,0.0,0.0,0.2564396882569906,0.0,0.0,0.0,0.0,0.0,0.0,0.0,0.0,0.0,0.0,0.0,E7
5.0,0.0,9.0,47.0,0.34330905443637133,0.0,0.0,0.34330905443637133,0.1784669558813627,0.0,0.0,0.0,0.0,0.0,0.0,0.0,0.0,0.0,0.0,0.0,0.0,0.0,0.0,0.0,0.0,0.1889782230601753,0.19170650883358958,0.0,0.0,0.34330905443637133,0.0,0.0,0.0,0.5535159049641829,0.0,0.0,0.0,0.0,0.0,0.34330905443637133,0.0,0.0,0.0,0.0,0.0,0.0,0.0,0.0,0.0,0.0,0.0,0.34330905443637133,0.0,0.0,E11
5.0,0.0,9.0,48.0,0.34330905443637133,0.0,0.0,0.34330905443637133,0.1784669558813627,0.0,0.0,0.0,0.0,0.0,0.0,0.0,0.0,0.0,0.0,0.0,0.0,0.0,0.0,0.0,0.0,0.1889782230601753,0.19170650883358958,0.0,0.0,0.34330905443637133,0.0,0.0,0.0,0.5535159049641829,0.0,0.0,0.0,0.0,0.0,0.34330905443637133,0.0,0.0,0.0,0.0,0.0,0.0,0.0,0.0,0.0,0.0,0.0,0.34330905443637133,0.0,0.0,E7
3.0,0.0,9.0,48.0,0.0,0.0,0.0,0.0,0.2578159997202256,0.0,0.0,0.0,0.0,0.0,0.0,0.0,0.0,0.0,0.0,0.37650544316290596,0.0,0.0,0.0,0.0,0.0,0.0,0.6923551335276573,0.30280470815490756,0.0,0.0,0.0,0.0,0.0,0.0,0.0,0.0,0.0,0.37562851461197616,0.0,0.0,0.0,0.0,0.2821904646944785,0.0,0.0,0.0,0.0,0.0,0.0,0.0,0.0,0.0,0.0,0.0,E7
3.0,0.0,9.0,49.0,0.0,0.0,0.0,0.0,0.23428947065061007,0.0,0.0,0.0,0.0,0.0,0.0,0.0,0.0,0.0,0.0,0.3421481252964706,0.0,0.0,0.0,0.0,0.0,0.0,0.7550106335330056,0.2751728165091075,0.0,0.0,0.0,0.0,0.0,0.0,0.0,0.0,0.0,0.34135121926186185,0.0,0.0,0.0,0.0,0.2564396882569906,0.0,0.0,0.0,0.0,0.0,0.0,0.0,0.0,0.0,0.0,0.0,E11
2.0,0.0,9.0,49.0,0.0,0.0,0.0,0.0,0.1661483052439899,0.0,0.0,0.0,0.0,0.0,0.24207202490079238,0.0,0.0,0.0,0.0,0.0,0.0,0.0,0.0,0.0,0.0,0.0,0.892370001764264,0.0,0.0,0.0,0.0,0.0,0.0,0.0,0.0,0.0,0.0,0.0,0.2426371573701316,0.0,0.0,0.0,0.0,0.24207202490079238,0.0,0.0,0.0,0.0,0.0,0.0,0.0,0.0,0.0,0.0,E11
3.0,0.0,9.0,49.0,0.0,0.0,0.0,0.0,0.23428947065061007,0.0,0.0,0.0,0.0,0.0,0.0,0.0,0.0,0.0,0.0,0.3421481252964706,0.0,0.0,0.0,0.0,0.0,0.0,0.7550106335330056,0.2751728165091075,0.0,0.0,0.0,0.0,0.0,0.0,0.0,0.0,0.0,0.34135121926186185,0.0,0.0,0.0,0.0,0.2564396882569906,0.0,0.0,0.0,0.0,0.0,0.0,0.0,0.0,0.0,0.0,0.0,E13
3.0,0.0,9.0,49.0,0.0,0.0,0.0,0.0,0.34939103204185995,0.0,0.0,0.0,0.0,0.0,0.0,0.0,0.0,0.0,0.48840804444937863,0.0,0.0,0.0,0.0,0.0,0.0,0.0,0.37531057018216657,0.0,0.4992621880111665,0.0,0.0,0.0,0.0,0.0,0.0,0.0,0.0,0.0,0.0,0.0,0.0,0.0,0.0,0.0,0.0,0.0,0.0,0.0,0.4992621880111665,0.0,0.0,0.0,0.0,0.0,E11
5.0,0.0,9.0,49.0,0.0,0.23836634715786661,0.29376506859060325,0.0,0.2062718063434884,0.29376506859060325,0.0,0.0,0.0,0.0,0.0,0.0,0.0,0.0,0.0,0.0,0.0,0.0,0.0,0.23836634715786661,0.0,0.2184207112050361,0.6647221778892567,0.0,0.0,0.0,0.0,0.0,0.0,0.0,0.0,0.0,0.0,0.0,0.0,0.0,0.0,0.0,0.22577317524360016,0.0,0.0,0.0,0.0,0.0,0.0,0.21067618968495705,0.29376506859060325,0.0,0.0,0.0,E10
2.0,0.0,9.0,50.0,0.0,0.0,0.0,0.0,0.15378644268229635,0.0,0.0,0.0,0.0,0.0,0.22406124171850228,0.0,0.0,0.0,0.0,0.0,0.0,0.0,0.0,0.0,0.0,0.0,0.908572908515739,0.0,0.0,0.0,0.0,0.0,0.0,0.0,0.0,0.0,0.0,0.0,0.2245843268741186,0.0,0.0,0.0,0.0,0.22406124171850228,0.0,0.0,0.0,0.0,0.0,0.0,0.0,0.0,0.0,0.0,E6
5.0,0.0,9.0,50.0,0.0,0.22135968273463763,0.27280588538225176,0.0,0.19155498313298006,0.27280588538225176,0.0,0.0,0.0,0.0,0.0,0.0,0.0,0.0,0.0,0.0,0.0,0.0,0.0,0.22135968273463763,0.0,0.20283710310415376,0.7201791451902878,0.0,0.0,0.0,0.0,0.0,0.0,0.0,0.0,0.0,0.0,0.0,0.0,0.0,0.0,0.0,0.20966499272154374,0.0,0.0,0.0,0.0,0.0,0.0,0.19564512803276962,0.27280588538225176,0.0,0.0,0.0,E13
5.0,0.0,9.0,50.0,0.3481405736831611,0.0,0.0,0.3481405736831611,0.18097858941130968,0.0,0.0,0.0,0.0,0.0,0.0,0.0,0.0,0.0,0.0,0.0,0.0,0.0,0.0,0.0,0.0,0.19163778566168715,0.09720223382062235,0.0,0.0,0.3481405736831611,0.0,0.0,0.0,0.5613057453825466,0.0,0.0,0.0,0.0,0.0,0.3481405736831611,0.0,0.0,0.0,0.0,0.0,0.0,0.0,0.0,0.0,0.0,0.0,0.3481405736831611,0.0,0.0,E6
5.0,0.0,9.0,52.0,0.0,0.23836634715786661,0.29376506859060325,0.0,0.2062718063434884,0.29376506859060325,0.0,0.0,0.0,0.0,0.0,0.0,0.0,0.0,0.0,0.0,0.0,0.0,0.0,0.23836634715786661,0.0,0.2184207112050361,0.6647221778892567,0.0,0.0,0.0,0.0,0.0,0.0,0.0,0.0,0.0,0.0,0.0,0.0,0.0,0.0,0.0,0.22577317524360016,0.0,0.0,0.0,0.0,0.0,0.0,0.21067618968495705,0.29376506859060325,0.0,0.0,0.0,E7
3.0,0.0,9.0,53.0,0.0,0.0,0.0,0.0,0.3694506407597979,0.0,0.0,0.0,0.0,0.0,0.0,0.0,0.0,0.0,0.516449045413519,0.0,0.0,0.0,0.0,0.0,0.0,0.0,0.19842914946528173,0.0,0.5279263585842844,0.0,0.0,0.0,0.0,0.0,0.0,0.0,0.0,0.0,0.0,0.0,0.0,0.0,0.0,0.0,0.0,0.0,0.0,0.0,0.5279263585842844,0.0,0.0,0.0,0.0,0.0,E6
3.0,0.0,9.0,54.0,0.0,0.0,0.0,0.0,0.2578159997202256,0.0,0.0,0.0,0.0,0.0,0.0,0.0,0.0,0.0,0.0,0.37650544316290596,0.0,0.0,0.0,0.0,0.0,0.0,0.6923551335276573,0.30280470815490756,0.0,0.0,0.0,0.0,0.0,0.0,0.0,0.0,0.0,0.37562851461197616,0.0,0.0,0.0,0.0,0.2821904646944785,0.0,0.0,0.0,0.0,0.0,0.0,0.0,0.0,0.0,0.0,0.0,E10
5.0,0.0,9.0,55.0,0.0,0.23836634715786661,0.29376506859060325,0.0,0.2062718063434884,0.29376506859060325,0.0,0.0,0.0,0.0,0.0,0.0,0.0,0.0,0.0,0.0,0.0,0.0,0.0,0.23836634715786661,0.0,0.2184207112050361,0.6647221778892567,0.0,0.0,0.0,0.0,0.0,0.0,0.0,0.0,0.0,0.0,0.0,0.0,0.0,0.0,0.0,0.22577317524360016,0.0,0.0,0.0,0.0,0.0,0.0,0.21067618968495705,0.29376506859060325,0.0,0.0,0.0,E11
5.0,0.0,9.0,56.0,0.0,0.23836634715786661,0.29376506859060325,0.0,0.2062718063434884,0.29376506859060325,0.0,0.0,0.0,0.0,0.0,0.0,0.0,0.0,0.0,0.0,0.0,0.0,0.0,0.23836634715786661,0.0,0.2184207112050361,0.6647221778892567,0.0,0.0,0.0,0.0,0.0,0.0,0.0,0.0,0.0,0.0,0.0,0.0,0.0,0.0,0.0,0.22577317524360016,0.0,0.0,0.0,0.0,0.0,0.0,0.21067618968495705,0.29376506859060325,0.0,0.0,0.0,E6
5.0,0.0,9.0,56.0,0.0,0.22135968273463763,0.27280588538225176,0.0,0.19155498313298006,0.27280588538225176,0.0,0.0,0.0,0.0,0.0,0.0,0.0,0.0,0.0,0.0,0.0,0.0,0.0,0.22135968273463763,0.0,0.20283710310415376,0.7201791451902878,0.0,0.0,0.0,0.0,0.0,0.0,0.0,0.0,0.0,0.0,0.0,0.0,0.0,0.0,0.0,0.20966499272154374,0.0,0.0,0.0,0.0,0.0,0.0,0.19564512803276962,0.27280588538225176,0.0,0.0,0.0,E6
3.0,0.0,9.0,56.0,0.0,0.0,0.0,0.0,0.3694506407597979,0.0,0.0,0.0,0.0,0.0,0.0,0.0,0.0,0.0,0.516449045413519,0.0,0.0,0.0,0.0,0.0,0.0,0.0,0.19842914946528173,0.0,0.5279263585842844,0.0,0.0,0.0,0.0,0.0,0.0,0.0,0.0,0.0,0.0,0.0,0.0,0.0,0.0,0.0,0.0,0.0,0.0,0.0,0.5279263585842844,0.0,0.0,0.0,0.0,0.0,E6
2.0,0.0,9.0,56.0,0.0,0.0,0.0,0.0,0.15378644268229635,0.0,0.0,0.0,0.0,0.0,0.22406124171850228,0.0,0.0,0.0,0.0,0.0,0.0,0.0,0.0,0.0,0.0,0.0,0.908572908515739,0.0,0.0,0.0,0.0,0.0,0.0,0.0,0.0,0.0,0.0,0.0,0.2245843268741186,0.0,0.0,0.0,0.0,0.22406124171850228,0.0,0.0,0.0,0.0,0.0,0.0,0.0,0.0,0.0,0.0,E10
5.0,0.0,9.0,57.0,0.0,0.23836634715786661,0.29376506859060325,0.0,0.2062718063434884,0.29376506859060325,0.0,0.0,0.0,0.0,0.0,0.0,0.0,0.0,0.0,0.0,0.0,0.0,0.0,0.23836634715786661,0.0,0.2184207112050361,0.6647221778892567,0.0,0.0,0.0,0.0,0.0,0.0,0.0,0.0,0.0,0.0,0.0,0.0,0.0,0.0,0.0,0.22577317524360016,0.0,0.0,0.0,0.0,0.0,0.0,0.21067618968495705,0.29376506859060325,0.0,0.0,0.0,E13
5.0,0.0,9.0,57.0,0.0,0.23836634715786661,0.29376506859060325,0.0,0.2062718063434884,0.29376506859060325,0.0,0.0,0.0,0.0,0.0,0.0,0.0,0.0,0.0,0.0,0.0,0.0,0.0,0.23836634715786661,0.0,0.2184207112050361,0.6647221778892567,0.0,0.0,0.0,0.0,0.0,0.0,0.0,0.0,0.0,0.0,0.0,0.0,0.0,0.0,0.0,0.22577317524360016,0.0,0.0,0.0,0.0,0.0,0.0,0.21067618968495705,0.29376506859060325,0.0,0.0,0.0,E6
5.0,0.0,9.0,57.0,0.0,0.22135968273463763,0.27280588538225176,0.0,0.19155498313298006,0.27280588538225176,0.0,0.0,0.0,0.0,0.0,0.0,0.0,0.0,0.0,0.0,0.0,0.0,0.0,0.22135968273463763,0.0,0.20283710310415376,0.7201791451902878,0.0,0.0,0.0,0.0,0.0,0.0,0.0,0.0,0.0,0.0,0.0,0.0,0.0,0.0,0.0,0.20966499272154374,0.0,0.0,0.0,0.0,0.0,0.0,0.19564512803276962,0.27280588538225176,0.0,0.0,0.0,E6
3.0,0.0,9.0,58.0,0.0,0.0,0.0,0.0,0.23428947065061007,0.0,0.0,0.0,0.0,0.0,0.0,0.0,0.0,0.0,0.0,0.3421481252964706,0.0,0.0,0.0,0.0,0.0,0.0,0.7550106335330056,0.2751728165091075,0.0,0.0,0.0,0.0,0.0,0.0,0.0,0.0,0.0,0.34135121926186185,0.0,0.0,0.0,0.0,0.2564396882569906,0.0,0.0,0.0,0.0,0.0,0.0,0.0,0.0,0.0,0.0,0.0,E6
3.0,0.0,9.0,58.0,0.0,0.0,0.0,0.0,0.2578159997202256,0.0,0.0,0.0,0.0,0.0,0.0,0.0,0.0,0.0,0.0,0.37650544316290596,0.0,0.0,0.0,0.0,0.0,0.0,0.6923551335276573,0.30280470815490756,0.0,0.0,0.0,0.0,0.0,0.0,0.0,0.0,0.0,0.37562851461197616,0.0,0.0,0.0,0.0,0.2821904646944785,0.0,0.0,0.0,0.0,0.0,0.0,0.0,0.0,0.0,0.0,0.0,E11
5.0,0.0,9.0,58.0,0.0,0.23836634715786661,0.29376506859060325,0.0,0.2062718063434884,0.29376506859060325,0.0,0.0,0.0,0.0,0.0,0.0,0.0,0.0,0.0,0.0,0.0,0.0,0.0,0.23836634715786661,0.0,0.2184207112050361,0.6647221778892567,0.0,0.0,0.0,0.0,0.0,0.0,0.0,0.0,0.0,0.0,0.0,0.0,0.0,0.0,0.0,0.22577317524360016,0.0,0.0,0.0,0.0,0.0,0.0,0.21067618968495705,0.29376506859060325,0.0,0.0,0.0,E11
5.0,0.0,9.0,59.0,0.0,0.22135968273463763,0.27280588538225176,0.0,0.19155498313298006,0.27280588538225176,0.0,0.0,0.0,0.0,0.0,0.0,0.0,0.0,0.0,0.0,0.0,0.0,0.0,0.22135968273463763,0.0,0.20283710310415376,0.7201791451902878,0.0,0.0,0.0,0.0,0.0,0.0,0.0,0.0,0.0,0.0,0.0,0.0,0.0,0.0,0.0,0.20966499272154374,0.0,0.0,0.0,0.0,0.0,0.0,0.19564512803276962,0.27280588538225176,0.0,0.0,0.0,E6
4.0,0.0,10.0,2.0,0.0,0.0,0.0,0.0,0.2753858782225747,0.0,0.27767647887779107,0.27767647887779107,0.0,0.27767647887779107,0.0,0.27767647887779107,0.0,0.27767647887779107,0.0,0.0,0.0,0.27767647887779107,0.0,0.0,0.27767647887779107,0.0,0.19721023437420568,0.0,0.0,0.0,0.0,0.0,0.0,0.0,0.0,0.0,0.0,0.0,0.0,0.0,0.0,0.0,0.0,0.0,0.0,0.0,0.5878274858152464,0.0,0.0,0.0,0.0,0.0,0.0,0.0,E6
3.0,0.0,10.0,2.0,0.0,0.0,0.0,0.0,0.34939103204185995,0.0,0.0,0.0,0.0,0.0,0.0,0.0,0.0,0.0,0.48840804444937863,0.0,0.0,0.0,0.0,0.0,0.0,0.0,0.37531057018216657,0.0,0.4992621880111665,0.0,0.0,0.0,0.0,0.0,0.0,0.0,0.0,0.0,0.0,0.0,0.0,0.0,0.0,0.0,0.0,0.0,0.0,0.0,0.4992621880111665,0.0,0.0,0.0,0.0,0.0,E9
2.0,0.0,10.0,2.0,0.0,0.0,0.0,0.0,0.1661483052439899,0.0,0.0,0.0,0.0,0.0,0.24207202490079238,0.0,0.0,0.0,0.0,0.0,0.0,0.0,0.0,0.0,0.0,0.0,0.892370001764264,0.0,0.0,0.0,0.0,0.0,0.0,0.0,0.0,0.0,0.0,0.0,0.2426371573701316,0.0,0.0,0.0,0.0,0.24207202490079238,0.0,0.0,0.0,0.0,0.0,0.0,0.0,0.0,0.0,0.0,E10
3.0,0.0,10.0,2.0,0.0,0.0,0.0,0.0,0.3694506407597979,0.0,0.0,0.0,0.0,0.0,0.0,0.0,0.0,0.0,0.516449045413519,0.0,0.0,0.0,0.0,0.0,0.0,0.0,0.19842914946528173,0.0,0.5279263585842844,0.0,0.0,0.0,0.0,0.0,0.0,0.0,0.0,0.0,0.0,0.0,0.0,0.0,0.0,0.0,0.0,0.0,0.0,0.0,0.5279263585842844,0.0,0.0,0.0,0.0,0.0,E13
3.0,0.0,10.0,3.0,0.0,0.0,0.0,0.0,0.2578159997202256,0.0,0.0,0.0,0.0,0.0,0.0,0.0,0.0,0.0,0.0,0.37650544316290596,0.0,0.0,0.0,0.0,0.0,0.0,0.6923551335276573,0.30280470815490756,0.0,0.0,0.0,0.0,0.0,0.0,0.0,0.0,0.0,0.37562851461197616,0.0,0.0,0.0,0.0,0.2821904646944785,0.0,0.0,0.0,0.0,0.0,0.0,0.0,0.0,0.0,0.0,0.0,E10
5.0,0.0,10.0,3.0,0.0,0.23836634715786661,0.29376506859060325,0.0,0.2062718063434884,0.29376506859060325,0.0,0.0,0.0,0.0,0.0,0.0,0.0,0.0,0.0,0.0,0.0,0.0,0.0,0.23836634715786661,0.0,0.2184207112050361,0.6647221778892567,0.0,0.0,0.0,0.0,0.0,0.0,0.0,0.0,0.0,0.0,0.0,0.0,0.0,0.0,0.0,0.22577317524360016,0.0,0.0,0.0,0.0,0.0,0.0,0.21067618968495705,0.29376506859060325,0.0,0.0,0.0,E11
5.0,0.0,10.0,4.0,0.0,0.23836634715786661,0.29376506859060325,0.0,0.2062718063434884,0.29376506859060325,0.0,0.0,0.0,0.0,0.0,0.0,0.0,0.0,0.0,0.0,0.0,0.0,0.0,0.23836634715786661,0.0,0.2184207112050361,0.6647221778892567,0.0,0.0,0.0,0.0,0.0,0.0,0.0,0.0,0.0,0.0,0.0,0.0,0.0,0.0,0.0,0.22577317524360016,0.0,0.0,0.0,0.0,0.0,0.0,0.21067618968495705,0.29376506859060325,0.0,0.0,0.0,E6
5.0,0.0,10.0,4.0,0.0,0.23836634715786661,0.29376506859060325,0.0,0.2062718063434884,0.29376506859060325,0.0,0.0,0.0,0.0,0.0,0.0,0.0,0.0,0.0,0.0,0.0,0.0,0.0,0.23836634715786661,0.0,0.2184207112050361,0.6647221778892567,0.0,0.0,0.0,0.0,0.0,0.0,0.0,0.0,0.0,0.0,0.0,0.0,0.0,0.0,0.0,0.22577317524360016,0.0,0.0,0.0,0.0,0.0,0.0,0.21067618968495705,0.29376506859060325,0.0,0.0,0.0,E6
2.0,0.0,10.0,6.0,0.0,0.0,0.0,0.0,0.15378644268229635,0.0,0.0,0.0,0.0,0.0,0.22406124171850228,0.0,0.0,0.0,0.0,0.0,0.0,0.0,0.0,0.0,0.0,0.0,0.908572908515739,0.0,0.0,0.0,0.0,0.0,0.0,0.0,0.0,0.0,0.0,0.0,0.2245843268741186,0.0,0.0,0.0,0.0,0.22406124171850228,0.0,0.0,0.0,0.0,0.0,0.0,0.0,0.0,0.0,0.0,E6
3.0,0.0,10.0,7.0,0.0,0.0,0.0,0.0,0.2578159997202256,0.0,0.0,0.0,0.0,0.0,0.0,0.0,0.0,0.0,0.0,0.37650544316290596,0.0,0.0,0.0,0.0,0.0,0.0,0.6923551335276573,0.30280470815490756,0.0,0.0,0.0,0.0,0.0,0.0,0.0,0.0,0.0,0.37562851461197616,0.0,0.0,0.0,0.0,0.2821904646944785,0.0,0.0,0.0,0.0,0.0,0.0,0.0,0.0,0.0,0.0,0.0,E13
2.0,0.0,10.0,7.0,0.0,0.0,0.0,0.0,0.15378644268229635,0.0,0.0,0.0,0.0,0.0,0.22406124171850228,0.0,0.0,0.0,0.0,0.0,0.0,0.0,0.0,0.0,0.0,0.0,0.908572908515739,0.0,0.0,0.0,0.0,0.0,0.0,0.0,0.0,0.0,0.0,0.0,0.2245843268741186,0.0,0.0,0.0,0.0,0.22406124171850228,0.0,0.0,0.0,0.0,0.0,0.0,0.0,0.0,0.0,0.0,E11
3.0,0.0,10.0,8.0,0.0,0.0,0.0,0.0,0.3694506407597979,0.0,0.0,0.0,0.0,0.0,0.0,0.0,0.0,0.0,0.516449045413519,0.0,0.0,0.0,0.0,0.0,0.0,0.0,0.19842914946528173,0.0,0.5279263585842844,0.0,0.0,0.0,0.0,0.0,0.0,0.0,0.0,0.0,0.0,0.0,0.0,0.0,0.0,0.0,0.0,0.0,0.0,0.0,0.5279263585842844,0.0,0.0,0.0,0.0,0.0,E13
2.0,0.0,10.0,8.0,0.0,0.0,0.0,0.0,0.1661483052439899,0.0,0.0,0.0,0.0,0.0,0.24207202490079238,0.0,0.0,0.0,0.0,0.0,0.0,0.0,0.0,0.0,0.0,0.0,0.892370001764264,0.0,0.0,0.0,0.0,0.0,0.0,0.0,0.0,0.0,0.0,0.0,0.2426371573701316,0.0,0.0,0.0,0.0,0.24207202490079238,0.0,0.0,0.0,0.0,0.0,0.0,0.0,0.0,0.0,0.0,E10
5.0,0.0,10.0,9.0,0.0,0.23836634715786661,0.29376506859060325,0.0,0.2062718063434884,0.29376506859060325,0.0,0.0,0.0,0.0,0.0,0.0,0.0,0.0,0.0,0.0,0.0,0.0,0.0,0.23836634715786661,0.0,0.2184207112050361,0.6647221778892567,0.0,0.0,0.0,0.0,0.0,0.0,0.0,0.0,0.0,0.0,0.0,0.0,0.0,0.0,0.0,0.22577317524360016,0.0,0.0,0.0,0.0,0.0,0.0,0.21067618968495705,0.29376506859060325,0.0,0.0,0.0,E13
3.0,0.0,10.0,11.0,0.0,0.0,0.0,0.0,0.3694506407597979,0.0,0.0,0.0,0.0,0.0,0.0,0.0,0.0,0.0,0.516449045413519,0.0,0.0,0.0,0.0,0.0,0.0,0.0,0.19842914946528173,0.0,0.5279263585842844,0.0,0.0,0.0,0.0,0.0,0.0,0.0,0.0,0.0,0.0,0.0,0.0,0.0,0.0,0.0,0.0,0.0,0.0,0.0,0.5279263585842844,0.0,0.0,0.0,0.0,0.0,E6
3.0,0.0,10.0,11.0,0.0,0.0,0.0,0.0,0.3694506407597979,0.0,0.0,0.0,0.0,0.0,0.0,0.0,0.0,0.0,0.516449045413519,0.0,0.0,0.0,0.0,0.0,0.0,0.0,0.19842914946528173,0.0,0.5279263585842844,0.0,0.0,0.0,0.0,0.0,0.0,0.0,0.0,0.0,0.0,0.0,0.0,0.0,0.0,0.0,0.0,0.0,0.0,0.0,0.5279263585842844,0.0,0.0,0.0,0.0,0.0,E10
5.0,0.0,10.0,11.0,0.0,0.22135968273463763,0.27280588538225176,0.0,0.19155498313298006,0.27280588538225176,0.0,0.0,0.0,0.0,0.0,0.0,0.0,0.0,0.0,0.0,0.0,0.0,0.0,0.22135968273463763,0.0,0.20283710310415376,0.7201791451902878,0.0,0.0,0.0,0.0,0.0,0.0,0.0,0.0,0.0,0.0,0.0,0.0,0.0,0.0,0.0,0.20966499272154374,0.0,0.0,0.0,0.0,0.0,0.0,0.19564512803276962,0.27280588538225176,0.0,0.0,0.0,E10
3.0,0.0,10.0,11.0,0.0,0.0,0.0,0.0,0.34939103204185995,0.0,0.0,0.0,0.0,0.0,0.0,0.0,0.0,0.0,0.48840804444937863,0.0,0.0,0.0,0.0,0.0,0.0,0.0,0.37531057018216657,0.0,0.4992621880111665,0.0,0.0,0.0,0.0,0.0,0.0,0.0,0.0,0.0,0.0,0.0,0.0,0.0,0.0,0.0,0.0,0.0,0.0,0.0,0.4992621880111665,0.0,0.0,0.0,0.0,0.0,E6
3.0,0.0,10.0,11.0,0.0,0.0,0.0,0.0,0.2578159997202256,0.0,0.0,0.0,0.0,0.0,0.0,0.0,0.0,0.0,0.0,0.37650544316290596,0.0,0.0,0.0,0.0,0.0,0.0,0.6923551335276573,0.30280470815490756,0.0,0.0,0.0,0.0,0.0,0.0,0.0,0.0,0.0,0.37562851461197616,0.0,0.0,0.0,0.0,0.2821904646944785,0.0,0.0,0.0,0.0,0.0,0.0,0.0,0.0,0.0,0.0,0.0,E10
3.0,0.0,10.0,12.0,0.0,0.0,0.0,0.0,0.34939103204185995,0.0,0.0,0.0,0.0,0.0,0.0,0.0,0.0,0.0,0.48840804444937863,0.0,0.0,0.0,0.0,0.0,0.0,0.0,0.37531057018216657,0.0,0.4992621880111665,0.0,0.0,0.0,0.0,0.0,0.0,0.0,0.0,0.0,0.0,0.0,0.0,0.0,0.0,0.0,0.0,0.0,0.0,0.0,0.4992621880111665,0.0,0.0,0.0,0.0,0.0,E11
5.0,0.0,10.0,12.0,0.41221558671081765,0.0,0.0,0.41221558671081765,0.2142875638625615,0.0,0.0,0.0,0.0,0.0,0.0,0.0,0.0,0.0,0.0,0.0,0.0,0.0,0.0,0.0,0.0,0.2269085772357799,0.23018446497095518,0.0,0.0,0.41221558671081765,0.0,0.0,0.0,0.0,0.0,0.0,0.0,0.0,0.0,0.41221558671081765,0.0,0.0,0.0,0.0,0.0,0.0,0.0,0.0,0.0,0.0,0.0,0.41221558671081765,0.0,0.0,E10
5.0,0.0,10.0,12.0,0.0,0.22135968273463763,0.27280588538225176,0.0,0.19155498313298006,0.27280588538225176,0.0,0.0,0.0,0.0,0.0,0.0,0.0,0.0,0.0,0.0,0.0,0.0,0.0,0.22135968273463763,0.0,0.20283710310415376,0.7201791451902878,0.0,0.0,0.0,0.0,0.0,0.0,0.0,0.0,0.0,0.0,0.0,0.0,0.0,0.0,0.0,0.20966499272154374,0.0,0.0,0.0,0.0,0.0,0.0,0.19564512803276962,0.27280588538225176,0.0,0.0,0.0,E7
2.0,0.0,10.0,12.0,0.0,0.0,0.0,0.0,0.15378644268229635,0.0,0.0,0.0,0.0,0.0,0.22406124171850228,0.0,0.0,0.0,0.0,0.0,0.0,0.0,0.0,0.0,0.0,0.0,0.908572908515739,0.0,0.0,0.0,0.0,0.0,0.0,0.0,0.0,0.0,0.0,0.0,0.2245843268741186,0.0,0.0,0.0,0.0,0.22406124171850228,0.0,0.0,0.0,0.0,0.0,0.0,0.0,0.0,0.0,0.0,E6
3.0,0.0,10.0,12.0,0.0,0.0,0.0,0.0,0.23428947065061007,0.0,0.0,0.0,0.0,0.0,0.0,0.0,0.0,0.0,0.0,0.3421481252964706,0.0,0.0,0.0,0.0,0.0,0.0,0.7550106335330056,0.2751728165091075,0.0,0.0,0.0,0.0,0.0,0.0,0.0,0.0,0.0,0.34135121926186185,0.0,0.0,0.0,0.0,0.2564396882569906,0.0,0.0,0.0,0.0,0.0,0.0,0.0,0.0,0.0,0.0,0.0,E13
5.0,0.0,10.0,13.0,0.0,0.23836634715786661,0.29376506859060325,0.0,0.2062718063434884,0.29376506859060325,0.0,0.0,0.0,0.0,0.0,0.0,0.0,0.0,0.0,0.0,0.0,0.0,0.0,0.23836634715786661,0.0,0.2184207112050361,0.6647221778892567,0.0,0.0,0.0,0.0,0.0,0.0,0.0,0.0,0.0,0.0,0.0,0.0,0.0,0.0,0.0,0.22577317524360016,0.0,0.0,0.0,0.0,0.0,0.0,0.21067618968495705,0.29376506859060325,0.0,0.0,0.0,E11
3.0,0.0,10.0,13.0,0.0,0.0,0.0,0.0,0.34939103204185995,0.0,0.0,0.0,0.0,0.0,0.0,0.0,0.0,0.0,0.48840804444937863,0.0,0.0,0.0,0.0,0.0,0.0,0.0,0.37531057018216657,0.0,0.4992621880111665,0.0,0.0,0.0,0.0,0.0,0.0,0.0,0.0,0.0,0.0,0.0,0.0,0.0,0.0,0.0,0.0,0.0,0.0,0.0,0.4992621880111665,0.0,0.0,0.0,0.0,0.0,E6
3.0,0.0,10.0,14.0,0.0,0.0,0.0,0.0,0.34939103204185995,0.0,0.0,0.0,0.0,0.0,0.0,0.0,0.0,0.0,0.48840804444937863,0.0,0.0,0.0,0.0,0.0,0.0,0.0,0.37531057018216657,0.0,0.4992621880111665,0.0,0.0,0.0,0.0,0.0,0.0,0.0,0.0,0.0,0.0,0.0,0.0,0.0,0.0,0.0,0.0,0.0,0.0,0.0,0.4992621880111665,0.0,0.0,0.0,0.0,0.0,E10
3.0,0.0,10.0,14.0,0.0,0.0,0.0,0.0,0.23428947065061007,0.0,0.0,0.0,0.0,0.0,0.0,0.0,0.0,0.0,0.0,0.3421481252964706,0.0,0.0,0.0,0.0,0.0,0.0,0.7550106335330056,0.2751728165091075,0.0,0.0,0.0,0.0,0.0,0.0,0.0,0.0,0.0,0.34135121926186185,0.0,0.0,0.0,0.0,0.2564396882569906,0.0,0.0,0.0,0.0,0.0,0.0,0.0,0.0,0.0,0.0,0.0,E10
2.0,0.0,10.0,14.0,0.0,0.0,0.0,0.0,0.1661483052439899,0.0,0.0,0.0,0.0,0.0,0.24207202490079238,0.0,0.0,0.0,0.0,0.0,0.0,0.0,0.0,0.0,0.0,0.0,0.892370001764264,0.0,0.0,0.0,0.0,0.0,0.0,0.0,0.0,0.0,0.0,0.0,0.2426371573701316,0.0,0.0,0.0,0.0,0.24207202490079238,0.0,0.0,0.0,0.0,0.0,0.0,0.0,0.0,0.0,0.0,E11
2.0,0.0,10.0,16.0,0.0,0.0,0.0,0.0,0.1661483052439899,0.0,0.0,0.0,0.0,0.0,0.24207202490079238,0.0,0.0,0.0,0.0,0.0,0.0,0.0,0.0,0.0,0.0,0.0,0.892370001764264,0.0,0.0,0.0,0.0,0.0,0.0,0.0,0.0,0.0,0.0,0.0,0.2426371573701316,0.0,0.0,0.0,0.0,0.24207202490079238,0.0,0.0,0.0,0.0,0.0,0.0,0.0,0.0,0.0,0.0,E13
3.0,0.0,10.0,17.0,0.0,0.0,0.0,0.0,0.23428947065061007,0.0,0.0,0.0,0.0,0.0,0.0,0.0,0.0,0.0,0.0,0.3421481252964706,0.0,0.0,0.0,0.0,0.0,0.0,0.7550106335330056,0.2751728165091075,0.0,0.0,0.0,0.0,0.0,0.0,0.0,0.0,0.0,0.34135121926186185,0.0,0.0,0.0,0.0,0.2564396882569906,0.0,0.0,0.0,0.0,0.0,0.0,0.0,0.0,0.0,0.0,0.0,E13
2.0,0.0,10.0,18.0,0.0,0.0,0.0,0.0,0.15378644268229635,0.0,0.0,0.0,0.0,0.0,0.22406124171850228,0.0,0.0,0.0,0.0,0.0,0.0,0.0,0.0,0.0,0.0,0.0,0.908572908515739,0.0,0.0,0.0,0.0,0.0,0.0,0.0,0.0,0.0,0.0,0.0,0.2245843268741186,0.0,0.0,0.0,0.0,0.22406124171850228,0.0,0.0,0.0,0.0,0.0,0.0,0.0,0.0,0.0,0.0,E11
3.0,0.0,10.0,19.0,0.0,0.0,0.0,0.0,0.3694506407597979,0.0,0.0,0.0,0.0,0.0,0.0,0.0,0.0,0.0,0.516449045413519,0.0,0.0,0.0,0.0,0.0,0.0,0.0,0.19842914946528173,0.0,0.5279263585842844,0.0,0.0,0.0,0.0,0.0,0.0,0.0,0.0,0.0,0.0,0.0,0.0,0.0,0.0,0.0,0.0,0.0,0.0,0.0,0.5279263585842844,0.0,0.0,0.0,0.0,0.0,E13
2.0,0.0,10.0,20.0,0.0,0.0,0.0,0.0,0.1661483052439899,0.0,0.0,0.0,0.0,0.0,0.24207202490079238,0.0,0.0,0.0,0.0,0.0,0.0,0.0,0.0,0.0,0.0,0.0,0.892370001764264,0.0,0.0,0.0,0.0,0.0,0.0,0.0,0.0,0.0,0.0,0.0,0.2426371573701316,0.0,0.0,0.0,0.0,0.24207202490079238,0.0,0.0,0.0,0.0,0.0,0.0,0.0,0.0,0.0,0.0,E10
